id,label,label_id,text,raw_text,n_words,n_chars
0,No,0,>>> [$NUM]Contact Me Now to Make $$NUM Today!$LINK,>>> [1]Contact Me Now to Make $100 Today!$LINK,8,50
2,No,0,Choose between $$NUM and $$NUM dollars with up to $NUM years to repay!,Choose between $500 and $10000 dollars with up to 5 years to repay!,13,70
3,No,0,Click above to earn today.,Click above to earn today.,5,26
4,No,0,Click here to receive your first $$NUM today:,Click here to receive your first $10 today:,8,45
5,No,0,Click here to start shopping now: $LINK,Click here to start shopping now: $LINK,7,39
6,No,0,"Click here to watch this now, I'm not sure how long he'll leave this up in public:*ï¿$NUM⁄$NUM","Click here to watch this now, I'm not sure how long he'll leave this up in public:*ï¿½",17,94
7,No,0,Confirm now and view your first great opportunity,Confirm now and view your first great opportunity,8,49
8,No,0,Copy and paste this link into your browser to see your results now.,Copy and paste this link into your browser to see your results now.,13,67
9,No,0,Find out how to add clippings to your pressroom in this $NUM seconds video,Find out how to add clippings to your pressroom in this 125 seconds video,14,74
10,No,0,Go Here Now For Direct Access,Go Here Now For Direct Access,6,29
12,No,0,"If you do not have Adobe Acrobat Reader, please click below and follow instructions for free download: $LINK","If you do not have Adobe Acrobat Reader, please click below and follow instructions for free download: http://tr.innovyx.com/redir.asp?148_46_2788",18,108
15,No,0,"If you see nothing or a banner below please click here $LINK Notice:You are receiving this email because your email address was used to receive an on-line price quote, or because it was provided with a vehicle request.","If you see nothing or a banner below please click here <http://www.bzprod.tv/mail/View.jsp?buzzmailId=186&mailId=an9_28_01> Notice:You are receiving this email because your email address was used to receive an on-line price quote, or because it was provided with a vehicle request.",38,218
16,No,0,If you see nothing or a banner below please click here $LINK.,If you see nothing or a banner below please click here <http://www.bzprod.tv/mail/View.jsp?buzzmailId=186&mailId=an9_28_01>.,12,61
17,No,0,"If you want to see how I got out of debt, click the link below:","If you want to see how I got out of debt, click the link below:",15,63
18,No,0,"In honor of Memorial Day, take advantage of this special deal.","In honor of Memorial Day, take advantage of this special deal.",11,62
19,No,0,"In honor of Mother's Day, take advantage of this huge discount.","In honor of Mother's Day, take advantage of this huge discount.",11,63
22,No,0,"Jude, search now and claim today's entry!","Jude, search now and claim today's entry!",7,41
23,No,0,Keep moving it forward.,Keep moving it forward.,4,23
24,No,0,Open Glyder to get your feedback template - it's FREE for one week only!,Open Glyder to get your feedback template - it's FREE for one week only!,14,72
25,No,0,"Or mail Work Now America at... $NUM Somerville Avenue Suite $NUM, Somerville, MA $NUM.","Or mail Work Now America at... 519 Somerville Avenue Suite 323, Somerville, MA 02143.",14,86
26,No,0,"Over and over again, you tell us how much Plans help you make God’s Word a daily part of your life.","Over and over again, you tell us how much Plans help you make God’s Word a daily part of your life.",21,99
27,No,0,Please add $EMAIL to your address book to ensure delivery to your inbox.,Please add events@communications.onekingslane.com to your address book to ensure delivery to your inbox.,13,72
28,No,0,Please add mailto:$EMAIL $EMAIL to your address book.,Please add mailto:jobs@snagajob-email.com jobs@snagajob-email.com to your address book.,8,53
29,No,0,Please add to white list safe sender list.,Please add to white list safe sender list.,8,42
30,No,0,Please add us to your Contacts,Please add us to your Contacts,6,30
31,No,0,Please $EMAIL to your address book to ensure delivery to your inbox.,Please addevents@communications.onekingslane.com to your address book to ensure delivery to your inbox.,12,68
32,No,0,Please go to the link below to register by verifying your email.,Please go to the link below to register by verifying your email.,12,64
33,No,0,Please sign in into the addappt app with your this particular email and the invitation code provided:,Please sign in into the addappt app with your this particular email and the invitation code provided:,17,101
35,No,0,Run heat-generating appliances like ovens and dryers early in the morning or late at night.,Run heat-generating appliances like ovens and dryers early in the morning or late at night.,15,91
36,No,0,Save an Extra $$NUM on $NUM Night Stays,Save an Extra $30 on 3 Night Stays,8,39
37,No,0,Search Jobs Now $LINK,Search Jobs Now $LINK,4,21
38,No,0,Search and apply to jobs near you today.,Search and apply to jobs near you today.,8,40
39,No,0,Send us an email at $EMAIL.,Send us an email at support@evite.citysearch.com.,6,27
41,No,0,Start saving your money now and start clipping coupons!,Start saving your money now and start clipping coupons!,9,55
42,No,0,Stay $NUM+ Nights & Save $$NUM,Stay 3+ Nights & Save $30,6,30
43,No,0,"Stay in the loop, here is a snapshot of what's going on in your Pink Pad groups this week.","Stay in the loop, here is a snapshot of what's going on in your Pink Pad groups this week.",19,90
44,No,0,Take a few minutes out of your weekend to switch accounts.,Take a few minutes out of your weekend to switch accounts.,11,58
45,No,0,That is why I am calling on all you prayer warriors I need you to be in prayer with me this week.,That is why I am calling on all you prayer warriors I need you to be in prayer with me this week.,22,97
46,No,0,"To ensure delivery to your inbox, please add $EMAIL","To ensure delivery to your inbox, please add Help@e.Nelnet.net",9,51
47,No,0,"To ensure delivery to your inbox, please add $EMAIL to your address book and safe-sender list.","To ensure delivery to your inbox, please add notifications@socialreader-email.com to your address book and safe-sender list.",16,94
48,No,0,"To ensure delivery, please add $EMAIL to your address book.","To ensure delivery, please add bookit@bookitmail.com to your address book.",10,59
49,No,0,"To ensure future delivery of email, please add $EMAIL to your address book, contacts or safe sender list.","To ensure future delivery of email, please add email@mail.adobesystems.com to your address book, contacts or safe sender list.",18,105
50,No,0,"To ensure future delivery of emails, please add mailto: $EMAIL","To ensure future delivery of emails, please add mailto: specials@papajohns-specials.com",10,62
51,No,0,"To ensure our emails are delivered to your inbox, please add us to your Contacts list.","To ensure our emails are delivered to your inbox, please add us to your Contacts list.",16,86
52,No,0,"To ensure that you continue receiving our emails, please add us to your address book or safe list.","To ensure that you continue receiving our emails, please add us to your address book or safe list.",18,98
53,No,0,"To ensure that you continue to receive our emails, please add $EMAIL to your address book.","To ensure that you continue to receive our emails, please add GSNnews@email.gsn.com to your address book.",16,90
54,No,0,"To ensure that you keep getting all your email, please add $EMAIL","To ensure that you keep getting all your email, please add gamefly@emails.gamefly.com",12,65
55,No,0,"To ensure that you will receive emails from us, please add $EMAIL to your address book.","To ensure that you will receive emails from us, please add noreply@myscore.com to your address book.",16,87
56,No,0,"To ensure your emails come to your inbox, please add mailto:$EMAIL","To ensure your emails come to your inbox, please add mailto:events@communications.onekingslane.com",11,66
57,No,0,"To help you get to know us better we'd like to tell you more about membership, our partnership with parents like you, and the value we place on making a difference in the world.","To help you get to know us better we'd like to tell you more about membership, our partnership with parents like you, and the value we place on making a difference in the world.",34,177
58,No,0,"To make sure you receive the most up to date deals, please add $EMAIL to your address book.","To make sure you receive the most up to date deals, please add deals@motovy.com to your address book.",18,91
59,No,0,Try $NUM Weeks Free:,Try 2 Weeks Free:,4,20
60,No,0,"Your name, company name and address, state of incorporation, phone and fax number, as well as an e-mail address, if available, should be included (please print or type).","Your name, company name and address, state of incorporation, phone and fax number, as well as an e-mail address, if available, should be included (please print or type).",28,169
61,No,0,"As you recall, we had a very lengthy discussion regarding the magnitude of the work associated with the hearings and associated briefs.","As you recall, we had a very lengthy discussion regarding the magnitude of the work associated with the hearings and associated briefs.",22,135
62,No,0,Does that mean that you're finally freed from that hairball?,Does that mean that you're finally freed from that hairball?,10,60
63,No,0,How many hours a night do you sleep?,How many hours a night do you sleep?,8,36
65,No,0,"If you haven't already, please don't forget to rate us!","If you haven't already, please don't forget to rate us!",10,55
66,No,0,"If you need to change or cancel your appointment, please do so at $LINK","If you need to change or cancel your appointment, please do so at $LINK",14,71
68,No,0,"If you swipe down, a beautifully wooden shelf will appear & a blue tag saying 'TIDY ME' which you should touch.","If you swipe down, a beautifully wooden shelf will appear & a blue tag saying 'TIDY ME' which you should touch.",21,111
69,No,0,"If you wish to not receive further communication via email from our company or would like to find out more about this sender, please update your profile preferences $LINK","If you wish to not receive further communication via email from our company or would like to find out more about this sender, please update your profile preferences $LINK",29,170
70,No,0,"If you wish to stop future mailings, please follow here $LINK","If you wish to stop future mailings, please follow here $LINK",11,61
71,No,0,"If you would like to cancel or change your Membership options, just visit My Account on Rhapsody.com.","If you would like to cancel or change your Membership options, just visit My Account on Rhapsody.com.",17,101
72,No,0,"If you'd like to disable these notifications, please visit your profile at: $LINK","If you'd like to disable these notifications, please visit your profile at: $LINK",13,81
73,No,0,"If you'd like to no longer receive these emails, please follow the instructions below.","If you'd like to no longer receive these emails, please follow the instructions below.",14,86
74,No,0,"If you'd like to receive a coupon for $$NUM off your next purchase of $NUM lbs or more, please complete the form.","If you'd like to receive a coupon for $3 off your next purchase of 6 lbs or more, please complete the form.",22,113
75,No,0,"If you'd like to turn this off, please visit your AppShopper profile to make changes to your email","If you'd like to turn this off, please visit your AppShopper profile to make changes to your email",18,98
76,No,0,"If you'd like to view or change your account information, please visit $LINK","If you'd like to view or change your account information, please visit $LINK",13,76
77,No,0,"If you're interested but aren't one of the first $NUM, we will have plenty of other opportunities to invite you to join us throughout the year.","If you're interested but aren't one of the first 150, we will have plenty of other opportunities to invite you to join us throughout the year.",26,143
78,No,0,"Now let me tell you why this medallion and Archangel Michael, the most powerful of angels, can deliver the miracles, protection, guidance and love you need to change your life so you can live your dreams.","Now let me tell you why this medallion and Archangel Michael, the most powerful of angels, can deliver the miracles, protection, guidance and love you need to change your life so you can live your dreams.",36,204
80,No,0,"Please keep in mind that if you have more than one video, you'll need to download each one separately.","Please keep in mind that if you have more than one video, you'll need to download each one separately.",19,102
81,No,0,Please try to delete the application and install it again.,Please try to delete the application and install it again.,10,58
82,No,0,Please try to sign up again at $LINK,Please try to sign up again at $LINK,8,36
83,No,0,"Pronounced Jane-nee, but you can call me Chickengirl.","Pronounced Jane-nee, but you can call me Chickengirl.",8,53
84,No,0,"She put together a little something - if you can use it fine, if not, that's fine too.","She put together a little something - if you can use it fine, if not, that's fine too.",18,86
85,No,0,Talk with you tonight.,Talk with you tonight.,4,22
88,No,0,The only bad thing is they have to let us know tomorrow if they are interested.,The only bad thing is they have to let us know tomorrow if they are interested.,16,79
89,No,0,The reception for PaperKarma has been tremendous and we're trying to catch up with the traffic - we apologize for any delays!,The reception for PaperKarma has been tremendous and we're trying to catch up with the traffic - we apologize for any delays!,22,125
92,No,0,"We had some helpful discussion about assignment, but I'm not sure how much progress was made.","We had some helpful discussion about assignment, but I'm not sure how much progress was made.",16,93
94,No,0,"We hope you enjoy Omni Sync Server, but please keep in mind that this is still in beta and things may break, the server may go down, or your data may disappear.","We hope you enjoy Omni Sync Server, but please keep in mind that this is still in beta and things may break, the server may go down, or your data may disappear.",32,160
96,No,0,"We will be in Bay City on Saturday, but I don't know if it will be overnight.","We will be in Bay City on Saturday, but I don't know if it will be overnight.",17,77
97,No,0,"We will have $NUM for dinner, not counting the $NUM year old who will have eaten (although he will eat a piece of bread, if offered).","We will have 9 for dinner, not counting the 6 year old who will have eaten (although he will eat a piece of bread, if offered).",26,133
99,No,0,Where do you stand on the individual rights of a smoker?,Where do you stand on the individual rights of a smoker?,11,56
100,No,0,"You should also install the Kicksend iPhone app, which will let you send all the photos and videos you take instantly from your iPhone to any email.","You should also install the Kicksend iPhone app, which will let you send all the photos and videos you take instantly from your iPhone to any email.",27,148
101,No,0,lose everything and go to prison for $NUM years or return to Belfast to spy on her own family.,lose everything and go to prison for 25 years or return to Belfast to spy on her own family.,19,94
102,No,0,"—NickyEven if you already enjoy reading your Bible, did you know that some of our most popular Bibles...can also read to you? Listening to the Bible lets you experience God’s Word while you’re doing other things—driving, exercising, even reading along!","—NickyEven if you already enjoy reading your Bible, did you know that some of our most popular Bibles…can also read to you? Listening to the Bible lets you experience God’s Word while you’re doing other things—driving, exercising, even reading along!",40,252
104,No,0,"Also, Brent would be in the best position to ensure that the logistics team meets requirements for timeliness and accuracy of volumetric information so that we can achieve our target headcount reduction in gas operations of $NUM by year end $NUM.","Also, Brent would be in the best position to ensure that the logistics team meets requirements for timeliness and accuracy of volumetric information so that we can achieve our target headcount reduction in gas operations of 52 by year end 2000.",41,246
105,No,0,"Also, for persons over $NUM who are signing waivers, we must provide them with the census data about persons under $NUM/over $NUM who were offered a package, as well as their title and age.","Also, for persons over 40 who are signing waivers, we must provide them with the census data about persons under 40/over 40 who were offered a package, as well as their title and age.",34,189
106,No,0,Because of that I'd like to ensure you that we will make every effort to guide you and answer all your questions about Mobile Publishing.,Because of that I'd like to ensure you that we will make every effort to guide you and answer all your questions about Mobile Publishing.,25,137
107,No,0,"Before you can use truffles, you must gently clean it from the ground with a soft brush, in order to eliminate all the ground particles.","Before you can use truffles, you must gently clean it from the ground with a soft brush, in order to eliminate all the ground particles.",25,136
108,No,0,"But what does brand building consist of, and how do you go about doing it effectively and efficiently?","But what does brand building consist of, and how do you go about doing it effectively and efficiently?",18,102
109,No,0,Conference calling will be available.,Conference calling will be available.,5,37
110,No,0,"Finally though, we can burst and shout it from the rooftop:","Finally though, we can burst and shout it from the rooftop:",11,59
111,No,0,Happy Birthday!! What did you get?,Happy Birthday!! What did you get?,6,34
113,No,0,"Hey, you should see us up here.","Hey, you should see us up here.",7,31
114,No,0,"Hopefully we can find a simpler approach, but I don't see any inherent problem with something like that if it seems to make the most financial sense.","Hopefully we can find a simpler approach, but I don't see any inherent problem with something like that if it seems to make the most financial sense.",27,149
115,No,0,"I am currently a junior-year history student at Occidental College in Los Angeles, but I will be in the Bay Area all summer.","I am currently a junior-year history student at Occidental College in Los Angeles, but I will be in the Bay Area all summer.",23,124
117,No,0,I have asked Dan Lyons to give you a call on this.,I have asked Dan Lyons to give you a call on this.,12,50
118,No,0,"I have asked my assistant Patti to help me in setting up meetings for next week and I had asked her to arrange a lunch with you and Brent, plus some time for just the two of us to get together.","I have asked my assistant Patti to help me in setting up meetings for next week and I had asked her to arrange a lunch with you and Brent, plus some time for just the two of us to get together.",41,193
119,No,0,"I was going to forward the same thing to you yesterday, but didn't want you to think I was an asshole!!","I was going to forward the same thing to you yesterday, but didn't want you to think I was an asshole!!",21,103
120,No,0,I would like to see it but I bet it takes a while to get the support.,I would like to see it but I bet it takes a while to get the support.,17,69
123,No,0,I'll get with you on Monday.,I'll get with you on Monday.,6,28
124,No,0,I'll give you the details as I confirm my situation with the Portland trip.,I'll give you the details as I confirm my situation with the Portland trip.,14,75
125,No,0,I'm going to try to make the Thursday $NUM:00PM appointment.,I'm going to try to make the Thursday 4:00PM appointment.,10,60
126,No,0,"If I can get Steve's assignment finished quickly, I will turn my attention back to this.","If I can get Steve's assignment finished quickly, I will turn my attention back to this.",16,88
127,No,0,"If you continue to use our services after July $NUM, $NUM, you agree to the updated terms or, if you don't agree, you can cancel your service at any time.","If you continue to use our services after July 31, 2014, you agree to the updated terms or, if you don't agree, you can cancel your service at any time.",30,154
129,No,0,"If you don't see the Highlights view yet, you can expect to see it very soon as we roll out the feature to everyone.","If you don't see the Highlights view yet, you can expect to see it very soon as we roll out the feature to everyone.",24,116
131,No,0,"If you don't want the government to get your $ interest free, but are aware that you may owe $ later on (April 15th), then claim a higher number of dependents and married and jointly.","If you don't want the government to get your $ interest free, but are aware that you may owe $ later on (April 15th), then claim a higher number of dependents and married and jointly.",35,183
132,No,0,"If you don’t have enough transaction history built up in your HelloWallet account at this time, don’t worry, there are still plenty of ways we can help this year, and by this time next year, you’ll have enough history to review.","If you don’t have enough transaction history built up in your HelloWallet account at this time, don’t worry, there are still plenty of ways we can help this year, and by this time next year, you’ll have enough history to review.",41,228
133,No,0,If you would like to change your e-mail address then log on to Pogo.com and update your account information.,If you would like to change your e-mail address then log on to Pogo.com and update your account information.,19,108
136,No,0,My WORD as a Christian man is to utilize the $NUM million dollars that you will donate to me towards the church and if you allow me I have another church in mind that I will like to donate to.,My WORD as a Christian man is to utilize the 5.8 million dollars that you will donate to me towards the church and if you allow me I have another church in mind that I will like to donate to.,40,192
137,No,0,Normally we would like to come in for an introduction meeting ( $NUM $NUM/$NUM hours) to get the basic concepts covered and then talk about what our e-Risk Practice does.,Normally we would like to come in for an introduction meeting ( 1 1/2 hours) to get the basic concepts covered and then talk about what our e-Risk Practice does.,30,170
139,No,0,"On December 7th, we would like to remember and honor the brave men and women who lost their lives in the attack at Pearl = Harbor.","On December 7th, we would like to remember and honor the brave men and women who lost their lives in the attack at Pearl = Harbor.",26,130
142,No,0,Sorry about the long-winded voice mail.,Sorry about the long-winded voice mail.,6,39
145,No,0,Tana will attend.,Tana will attend.,3,17
146,No,0,"The Latest Gadgets, Buy Now or Wait?","The Latest Gadgets, Buy Now or Wait?",7,36
147,No,0,"The sense of urgency for getting this in ""the mix"" is not as high as it was yesterday, though we'll still need to introduce it at some point very soon.","The sense of urgency for getting this in ""the mix"" is not as high as it was yesterday, though we'll still need to introduce it at some point very soon.",30,151
148,No,0,"The sense of urgency for getting this in the mix is not as high as it was yesterday, though we'll still need to introduce it at some point very soon.","The sense of urgency for getting this in the mix is not as high as it was yesterday, though we'll still need to introduce it at some point very soon.",30,149
149,No,0,These funds can be deposited directly into your account withno financial or employment verification by tomorrow.,These funds can be deposited directly into your account withno financial or employment verification by tomorrow.,16,112
150,No,0,This is reminder that your free $NUM day trial will come to an end in $NUM days.,This is reminder that your free 14 day trial will come to an end in 2 days.,17,80
151,No,0,Timeless pieces you'll enjoy now and for years to come.,Timeless pieces you'll enjoy now and for years to come.,10,55
152,No,0,We can make it easy for you.,We can make it easy for you.,7,28
153,No,0,We can make this work either way.,We can make this work either way.,7,33
154,No,0,We can ship to you or your grad.,We can ship to you or your grad.,8,32
155,No,0,"We should cast a little broader net on this internally--Yoder, Calger, Belden, Foster, Sanders, etc.--but seems that, given the Governor's actions as of late, the likelihood of nonpayment might even be a bit higher than $NUM%.","We should cast a little broader net on this internally--Yoder, Calger, Belden, Foster, Sanders, etc.--but seems that, given the Governor's actions as of late, the likelihood of nonpayment might even be a bit higher than 25%.",36,226
157,No,0,We want to reward you for doing what you love.,We want to reward you for doing what you love.,10,46
158,No,0,We want to take this opportunity to highlight some of the key changes and what they mean for you.,We want to take this opportunity to highlight some of the key changes and what they mean for you.,19,97
162,No,0,We'll have to wait til Mark Greenberg gets in tomorrow.,We'll have to wait til Mark Greenberg gets in tomorrow.,10,55
163,No,0,We'll see you tomorrow.,We'll see you tomorrow.,4,23
164,No,0,What time do you get home from school.,What time do you get home from school.,8,38
165,No,0,"What, why, who are you #ProudToLove?","What, why, who are you #ProudToLove?",6,36
167,No,0,"With Textfree you get FREE unlimited texts and pics, plus make phone calls.","With Textfree you get FREE unlimited texts and pics, plus make phone calls.",13,75
168,No,0,"With a small group, your talk can be informal and you do not need to prepare slides (unless you would like to do so).","With a small group, your talk can be informal and you do not need to prepare slides (unless you would like to do so).",24,117
169,No,0,"With the energy crisis in California at this time, we will need to be extra careful with nominations at Socal and throughout the west to ensure that we continue to provide the excellent nomination service that we have been providing to our customers.","With the energy crisis in California at this time, we will need to be extra careful with nominations at Socal and throughout the west to ensure that we continue to provide the excellent nomination service that we have been providing to our customers.",43,250
170,No,0,"You deserve to have a happy Sunday afternoon, and we hope this $$NUM Walgreens card can make that happen!","You deserve to have a happy Sunday afternoon, and we hope this $100 Walgreens card can make that happen!",19,105
171,No,0,You don't have to take a day off to attend workshops.,You don't have to take a day off to attend workshops.,11,53
172,No,0,"The CODnapper and his team of associates rescue unsuspecting fans from their “to do” lists and everyday chores and deliver them to an oasis known as Onslaught, the first downloadable content pack available for Call of Duty: Ghosts.","The CODnapper and his team of associates rescue unsuspecting fans from their &ldquo;to do&rdquo; lists and everyday chores and deliver them to an oasis known as Onslaught, the first downloadable content pack available for Call of Duty: Ghosts.",38,231
173,No,0,There's a meeting with a cast of characters to discuss the Westinhouse warranty issues.,There's a meeting with a cast of characters to discuss the Westinhouse warranty issues.,14,87
175,No,0,"However, if you want to follow Cheryl S click the link below to go to their profile to follow them back.","However, if you want to follow Cheryl S click the link below to go to their profile to follow them back.",21,104
176,No,0,If you would like to be taken off of ALL future mailings from Santander with one-click:,If you would like to be taken off of ALL future mailings from Santander with one-click:,16,87
177,No,0,U can hit me u later on if u wanna.,U can hit me u later on if u wanna.,10,35
178,No,0,YOU HAVE HELPFUL OPTIONS IF YOU'D LIKE TO POSTPONE YOUR STUDENT LOAN PAYMENTS FOR $NUM MONTHS.,YOU HAVE HELPFUL OPTIONS IF YOU'D LIKE TO POSTPONE YOUR STUDENT LOAN PAYMENTS FOR 12 MONTHS.,16,94
179,No,0,The Lord told me that my $NUM CLOSEST FRIENDS and PARTNERS WHO RESPOND FIRST are going to experience this UNIQUE $NUMDAY MIRACLE.,The Lord told me that my 300 CLOSEST FRIENDS and PARTNERS WHO RESPOND FIRST are going to experience this UNIQUE 365-DAY MIRACLE.,22,129
180,No,0,"• Whether you’re on your desktop, your mobile device, or your tablet, Unroll.me is there for you with our new responsive design.","• Whether you’re on your desktop, your mobile device, or your tablet, Unroll.me is there for you with our new responsive design.",22,128
181,No,0,The Sender and Subject tabs let you quickly act on batches of related email.,The Sender and Subject tabs let you quickly act on batches of related email.,14,76
182,No,0,If you would like to download the SpotCha!,If you would like to download the SpotCha!,8,42
184,No,0,You not emailing me.,You not emailing me.,4,20
188,No,0,Why won't they let you go to the Corp. conference?,Why won't they let you go to the Corp. conference?,10,50
191,No,0,Let us give you one less thing to worry about.,Let us give you one less thing to worry about.,10,46
192,No,0,You can go through the prompts if you would like to take this bonus.,You can go through the prompts if you would like to take this bonus.,14,68
193,No,0,Everything given to me for you guys was actually wholesale stuff.,Everything given to me for you guys was actually wholesale stuff.,11,65
194,No,0,I'll forward you a note from Sue to Rosie (and me) that you weren't on.,I'll forward you a note from Sue to Rosie (and me) that you weren't on.,15,71
195,No,0,Read me: Four social-media sites for bookworms,Read me: Four social-media sites for bookworms,7,46
196,No,0,"The sort of pick-me-up every sofa, bed, and chaise needs right around now.","The sort of pick-me-up every sofa, bed, and chaise needs right around now.",13,74
198,No,0,"If you would like to opt in, click the link below.","If you would like to opt in, click the link below.",11,50
203,No,0,And if you try to tell me coffee isn't healthy I WILL call you a fucking communist.,And if you try to tell me coffee isn't healthy I WILL call you a fucking communist.,17,83
204,No,0,Help Me Help You,Help Me Help You,4,16
207,No,0,"Will she buy me some toys - a motorcycle, let me get my flying licenses, and a cheaper $NUM wheel drive vehicle?","Will she buy me some toys - a motorcycle, let me get my flying licenses, and a cheaper 4 wheel drive vehicle?",22,112
208,No,0,"Call Me Maybe: Military Version ericraum | July $NUM, $NUM $LINK","Call Me Maybe: Military Version ericraum | July 4, 2012 $LINK",11,64
209,No,0,Dr. Tomorrow.......my names for a girl.....can you help me....... $NUM Votes $LINK,Dr. Tomorrow.......my names for a girl.....can you help me....... 45 Votes $LINK,12,82
210,No,0,Hey call me brothers!😇✈🍟🍗🍖,Hey call me brothers!😇✈🍟🍗🍖,4,26
211,No,0,"If you enjoy our apps and want to help us to continue to improve our products, please leave us a good review on the App Store.\n\nEnjoy and happy collecting!\n\nEthan C. Allen\nSort It Apps, LLC - Founder\n\nIf you don't want to hear from me anymore, just go here: $LINK","If you enjoy our apps and want to help us to continue to improve our products, please leave us a good review on the App Store.\n\nEnjoy and happy collecting!\n\nEthan C. Allen\nSort It Apps, LLC - Founder\n\nIf you don't want to hear from me anymore, just go here: $LINK",48,270
212,No,0,Let me call him,Let me call him,4,15
214,No,0,call me crazy $NUM Comments $LINK,call me crazy 4 Comments $LINK,6,33
215,No,0,please follow me.,please follow me.,3,17
217,No,0,"$NUM. We are just getting ramped up, so please bear with us.","3. We are just getting ramped up, so please bear with us.",12,60
221,No,0,"As well, to reduce the conflict between the trading and origination organizations in order to keep us spending more time in the market than focused on internal issues.","As well, to reduce the conflict between the trading and origination organizations in order to keep us spending more time in the market than focused on internal issues.",28,167
222,No,0,Attached please find the modified Transaction Agreement which has been revised to reflect the matters you discussed earlier today.,Attached please find the modified Transaction Agreement which has been revised to reflect the matters you discussed earlier today.,19,130
223,No,0,"Best place to stay--given where you need to be---but sometimes a bit difficult to get in to, is the Park Hyatt.","Best place to stay--given where you need to be---but sometimes a bit difficult to get in to, is the Park Hyatt.",21,111
224,No,0,Both test came back abnormal and I am seeing a specialist this week to determine if I need to have a biopsy or not.,Both test came back abnormal and I am seeing a specialist this week to determine if I need to have a biopsy or not.,24,115
225,No,0,But I would like to go out on what u might say a date when I get back.,But I would like to go out on what u might say a date when I get back.,18,70
228,No,0,Conference room set up for company annual meetings,Conference room set up for company annual meetings,8,50
229,No,0,Do you want to help people?,Do you want to help people?,6,27
231,No,0,Does 1PM west coast time work for folks to have a brief kick-off discussion of how we might assess the costs of a California for Californians energy policy?,Does 1PM west coast time work for folks to have a brief kick-off discussion of how we might assess the costs of a California for Californians energy policy?,28,156
232,No,0,Give 21st Century Auto Insurance a call at $NUM - we'll try to lower your quote even more by seeing if you qualify for additional discounts.,Give 21st Century Auto Insurance a call at 800-493-9489 - we'll try to lower your quote even more by seeing if you qualify for additional discounts.,26,140
234,No,0,"Hannah, certain events in our lives should give us reason to pause; on these moments, consider the protection you could get through life insurance.","Hannah, certain events in our lives should give us reason to pause; on these moments, consider the protection you could get through life insurance.",24,147
236,No,0,How do you make those ham and tortillia thingys?,How do you make those ham and tortillia thingys?,9,48
237,No,0,How would you spend this $NUM dollars once it's in your hands?,How would you spend this 100 dollars once it's in your hands?,12,62
239,No,0,I am going to get much closer to the model this time than last because of the turnover due to Robert and Joana moving on.,I am going to get much closer to the model this time than last because of the turnover due to Robert and Joana moving on.,25,121
240,No,0,I am writing to each of you because I need you to be in prayer with me this week.,I am writing to each of you because I need you to be in prayer with me this week.,19,81
242,No,0,"I haven't played softball in a long time, and this is a good way for me to get to know the people that i work with.","I haven't played softball in a long time, and this is a good way for me to get to know the people that i work with.",26,115
243,No,0,"I hope you can help, we look forward to arranging your live training, and receiving any great photos you want to send.","I hope you can help, we look forward to arranging your live training, and receiving any great photos you want to send.",22,118
244,No,0,I just want to make sure that Rosie doesn't get all crossed up with many of us sending her stuff.,I just want to make sure that Rosie doesn't get all crossed up with many of us sending her stuff.,20,97
245,No,0,I must reiterate to ALL Members that i certainly don't like to hear this even from One single member therefore i have decided to hold a Live Training Event.,I must reiterate to ALL Members that i certainly don't like to hear this even from One single member therefore i have decided to hold a Live Training Event.,29,156
247,No,0,I want to get Lee into this also.,I want to get Lee into this also.,8,33
249,No,0,I want to make sure I'm doing everything I can to help you.,I want to make sure I'm doing everything I can to help you.,13,59
250,No,0,I want to make sure we have covered all of the counterparties.,I want to make sure we have covered all of the counterparties.,12,62
254,No,0,"I'd like to get as diverse a group of co-sponsors as possible, and as many as possible.","I'd like to get as diverse a group of co-sponsors as possible, and as many as possible.",17,87
255,No,0,I'd like to get that available for my trip to Houston next wk.,I'd like to get that available for my trip to Houston next wk.,13,62
256,No,0,I'll call them tomorrow.,I'll call them tomorrow.,4,24
258,No,0,"I'm reading this story, I think you would like it!","I'm reading this story, I think you would like it!",10,50
260,No,0,"I've always wanted to work with books and around the publishing process, and I would love to have some experience in the field.","I've always wanted to work with books and around the publishing process, and I would love to have some experience in the field.",23,127
261,No,0,"If the enclosed meets with your approval, please have the agreement executed and return a copy to me via fax no.","If the enclosed meets with your approval, please have the agreement executed and return a copy to me via fax no.",21,112
262,No,0,If you can add this feature I promise to give this app a $NUM.,If you can add this feature I promise to give this app a 5.,14,62
263,No,0,If you can interview well and prepare for the onsloaught of questions and inquiries you may be able to land the job.,If you can interview well and prepare for the onsloaught of questions and inquiries you may be able to land the job.,22,116
265,No,0,"If you do encounter ""work"" via email or are faced with any ""work"" at all, then to purge the virus, send an email to your boss with the words ""I've had enough of your crap... I'm off to the bar.""","If you do encounter ""work"" via email or are faced with any ""work"" at all, then to purge the virus, send an email to your boss with the words ""I've had enough of your crap... I'm off to the bar.""",40,194
266,No,0,"If you download any of these versions to your device, you’ll be able to read it anytime, anywhere—even when you can’t connect to your service provider or to the Internet.","If you download any of these versions to your device, you’ll be able to read it anytime, anywhere—even when you can’t connect to your service provider or to the Internet.",30,170
267,No,0,"If you enjoy Inkflow, please take a moment to rate it again in the App Store.","If you enjoy Inkflow, please take a moment to rate it again in the App Store.",16,77
268,No,0,"If you estimate this comment useless, please leave us a message!","If you estimate this comment useless, please leave us a message!",11,64
272,No,0,If you find our email in your spam folder please press the 'not spam' button.,If you find our email in your spam folder please press the 'not spam' button.,15,77
273,No,0,"If you have been unable to find or qualify for the perfect card, please visit below for more results.","If you have been unable to find or qualify for the perfect card, please visit below for more results.",19,101
274,No,0,"If you need assistance, write to $EMAIL","If you need assistance, write to help@coinkeeper.me",7,39
275,No,0,"If you smoke, use alcohol or take illegal drugs, so does your unborn baby.","If you smoke, use alcohol or take illegal drugs, so does your unborn baby.",14,74
277,No,0,"If you use Textfree to text and call people who are NOT using Textfree or Pinger, you might want to keep your Textfree number ($NUM) $NUM active.","If you use Textfree to text and call people who are NOT using Textfree or Pinger, you might want to keep your Textfree number (276) 690-7548 active.",27,145
280,No,0,"If you want to make adjustments, just launch the M.dot app to edit your site.","If you want to make adjustments, just launch the M.dot app to edit your site.",15,77
281,No,0,If you want to make more than you know what to do with...,If you want to make more than you know what to do with…,13,57
282,No,0,"If you want to resend your commands, send them to $EMAIL","If you want to resend your commands, send them to lyris@aallnet.org",11,56
283,No,0,"If you win, you'll be able to do special things for people you care about, to free yourself and your family from financial worries -- and to splurge on life's luxuries.","If you win, you'll be able to do special things for people you care about, to free yourself and your family from financial worries -- and to splurge on life's luxuries.",31,168
284,No,0,"If you wish to continue, please follow the link below:","If you wish to continue, please follow the link below:",10,54
286,No,0,"If you would still like to shop for a vehicle, you can re-apply at $LINK","If you would still like to shop for a vehicle, you can re-apply at www.RoadLoans.com",15,72
287,No,0,If you'd like to get some hands on tips and advice for using Zapier just add this event to your calendar for next Wednesday .,If you'd like to get some hands on tips and advice for using Zapier just add this event to your calendar for next Wednesday .,25,125
289,No,0,"If you'd like to update your email preferences, please visit:","If you'd like to update your email preferences, please visit:",10,61
290,No,0,"If you'd prefer to discontinue via mail request, please send to:","If you'd prefer to discontinue via mail request, please send to:",11,64
291,No,0,"In the old days, you could only flow $NUM/$NUM of the MDQ from secondary points.","In the old days, you could only flow 7/12 of the MDQ from secondary points.",15,80
292,No,0,Is it possible to get some idea of exactly what the amount to be refunded is? Thanks so much again for your help.,Is it possible to get some idea of exactly what the amount to be refunded is? Thanks so much again for your help.,23,113
296,No,0,Next week I can give you more info on that.,Next week I can give you more info on that.,10,43
297,No,0,"Or maybe you have personal goals you want to keep, well, personal.","Or maybe you have personal goals you want to keep, well, personal.",12,66
299,No,0,See the email below for the ID and password.,See the email below for the ID and password.,9,44
302,No,0,Some content has specific hardware or software requirements; please review product information before purchasing.,Some content has specific hardware or software requirements; please review product information before purchasing.,14,113
303,No,0,"Specifically, we buy/sell gas at the Exxon Katy Plant and were wondering the ""Force Majeure"" ramifications of the the Plant closing due to freeze-offs, i.e. can we claim Force Majeure in that instance and what remedies are provided for in the EOL contract language?","Specifically, we buy/sell gas at the Exxon Katy Plant and were wondering the ""Force Majeure"" ramifications of the the Plant closing due to freeze-offs, i.e. can we claim Force Majeure in that instance and what remedies are provided for in the EOL contract language?",44,265
304,No,0,"Specifically, we buy/sell gas at the Exxon Katy Plant and were wondering the Force Majeure ramifications of the the Plant closing due to freeze-offs, i.e. can we claim Force Majeure in that instance and what remedies are provided for in the EOL contract language?","Specifically, we buy/sell gas at the Exxon Katy Plant and were wondering the Force Majeure ramifications of the the Plant closing due to freeze-offs, i.e. can we claim Force Majeure in that instance and what remedies are provided for in the EOL contract language?",44,263
305,No,0,Sticker Pop Quiz: Can you guess what's that movie or tv show in this emoji icon word game? $NUM Device: iOS Universal Category: Games Price:...,Sticker Pop Quiz: Can you guess what's that movie or tv show in this emoji icon word game? 1.1 Device: iOS Universal Category: Games Price:...,25,143
306,No,0,Tell us what you buy Jude Spear!!!,Tell us what you buy Jude Spear!!!,7,34
307,No,0,Thanks Bill--see my other email.,Thanks Bill--see my other email.,5,32
308,No,0,"The cost of materials includes the bridge, should I order redwood for the deck amd have it delivered?","The cost of materials includes the bridge, should I order redwood for the deck amd have it delivered?",18,101
309,No,0,"The event will be in April; of course depending on her schedule this can change, but we have reserved the Snowmass Conference Center for the 19th.","The event will be in April; of course depending on her schedule this can change, but we have reserved the Snowmass Conference Center for the 19th.",26,146
310,No,0,"The upstairs is untouched, however, so you can make yourselves at home.","The upstairs is untouched, however, so you can make yourselves at home.",12,71
311,No,0,"Then, if you'd like, answer a few questions about your goals, and we'll point you toward some tools you might be interested in.","Then, if you'd like, answer a few questions about your goals, and we'll point you toward some tools you might be interested in.",23,127
312,No,0,There is a lot of pessimism in the distributed energy community right now ?,There is a lot of pessimism in the distributed energy community right now ?,14,75
313,No,0,"This house was by far the nicest and best bang for your buck, but in a suspect neighborhood - it looks like they are building a lot of townhouses close though check it out . . .","This house was by far the nicest and best bang for your buck, but in a suspect neighborhood - it looks like they are building a lot of townhouses close though check it out . . .",37,177
314,No,0,"Until August 31st, you will be able to download and save all your videos onto your iOS mobile device.","Until August 31st, you will be able to download and save all your videos onto your iOS mobile device.",19,101
316,No,0,We would like to connect you with credit card companies who are offering credit cards that might be a great match for your needs!,We would like to connect you with credit card companies who are offering credit cards that might be a great match for your needs!,24,129
318,No,0,Wish I could send you with a shopping list for me!!,Wish I could send you with a shopping list for me!!,11,51
319,No,0,"Wow, can you believe only a week?","Wow, can you believe only a week?",7,33
320,No,0,You can even input a particular OfficeDrop folder where you'd like to send the file.,You can even input a particular OfficeDrop folder where you'd like to send the file.,15,84
321,No,0,"You can get good speaker packages, but many of them are not really good.","You can get good speaker packages, but many of them are not really good.",14,72
322,No,0,You need more resources immediately from inside.,You need more resources immediately from inside.,7,48
323,No,0,"You will be contacted as soon as possible after June $NUM, $NUM to notify you of those requests that have been approved.","You will be contacted as soon as possible after June 23, 2000 to notify you of those requests that have been approved.",22,120
324,No,0,"Your request to track Phototranslator for iPhone was received, please follow the link below to activate your deal alert:","Your request to track Phototranslator for iPhone was received, please follow the link below to activate your deal alert:",19,120
325,No,0,Z0 or Zl to Broad Run: I can give you $.$NUM ($.$NUM demand/$.$NUM,Z0 or Zl to Broad Run: I can give you $.18 ($.16 demand/$.02,13,66
326,No,0,"\n\nRemember, the sale is for this weekend ONLY!\n\nEnjoy and happy collecting!\n\nEthan C. Allen\nSort It! Apps - Founder\n\nIf you don't want to hear from me anymore, just go here: $LINK","\n\nRemember, the sale is for this weekend ONLY!\n\nEnjoy and happy collecting!\n\nEthan C. Allen\nSort It! Apps - Founder\n\nIf you don't want to hear from me anymore, just go here: $LINK",29,188
328,No,0,"gallery are great, and I'd like to know when you post more.","gallery are great, and I'd like to know when you post more.",12,59
331,No,0,"""I would like to thank both agents Charles and Conroy for their help and patience.",&quot;I would like to thank both agents Charles and Conroy for their help and patience.,15,82
333,No,0,"* If you delete a photo by accident, you can restore it from the SnapSync website.","* If you delete a photo by accident, you can restore it from the SnapSync website.",16,82
335,No,0,* If you want to check out a map manually...,* If you want to check out a map manually...,10,44
336,No,0,* Press the name of the account you want to access,* Press the name of the account you want to access,11,50
338,No,0,*** BREAKING NEWS: President Obama Marks Independence Day: Thanks America's Military $LINK,*** BREAKING NEWS: President Obama Marks Independence Day: Thanks America's Military $LINK,12,90
339,No,0,*iOS $NUM compatible!*Now able to set a personalized PIN code for your Neat account*Improved naming of documents in NeatCloud*Bug fixes and other improvements,*iOS 7 compatible!*Now able to set a personalized PIN code for your Neat account*Improved naming of documents in NeatCloud*Bug fixes and other improvements,23,158
340,No,0,- How senses help you discover the world,- How senses help you discover the world,8,40
341,No,0,"- Last week, by 3pm on Friday, most of my team members had sent me their status reports for the week.","- Last week, by 3pm on Friday, most of my team members had sent me their status reports for the week.",21,101
344,No,0,- Revel is now free to use.,- Revel is now free to use.,7,27
347,No,0,-Good Morning America,-Good Morning America,3,21
348,No,0,$NUM DAYS TO SAVE!,2 DAYS TO SAVE!,4,18
349,No,0,"$NUM) On Thanksgiving, we want to take the opportunity to say thanks to you for being a LivingOrganized customer.","2) On Thanksgiving, we want to take the opportunity to say thanks to you for being a LivingOrganized customer.",19,113
350,No,0,$NUM minutes a day to set,30-45 minutes a day to set,6,25
351,No,0,$NUM. mailto:$EMAIL,5. mailto:support@mycabinet.me,2,19
352,No,0,$NUMEleven: Today Only! Free Small Slurpee,7-Eleven: Today Only! Free Small Slurpee,6,42
354,No,0,@DupreeDiamond2 can't wait to hear the I couldn't use my phone AND the computer you LENT me $NUM weeks ago FOR ONE NIGHT stopped with the web,@DupreeDiamond2 can't wait to hear the I couldn't use my phone AND the computer you LENT me 2 weeks ago FOR ONE NIGHT stopped with the web,27,141
355,No,0,"A California native now based in San Antonio, Megan Rice Yager brings a fresh perspective to classic style.","A California native now based in San Antonio, Megan Rice Yager brings a fresh perspective to classic style.",18,107
357,No,0,A Father's Day gift he'll open every day.,A Father's Day gift he'll open every day.,8,41
359,No,0,A condition of all permitting issues is that the carbs are not supposed to be installed on the units (preconstruction) until approval has been given by the agency.,A condition of all permitting issues is that the carbs are not supposed to be installed on the units (preconstruction) until approval has been given by the agency.,28,163
360,No,0,A construction permit application for installation of an SVE remediation system for the North Crawar C/S was mailed to the TNRCC.,A construction permit application for installation of an SVE remediation system for the North Crawar C/S was mailed to the TNRCC.,21,129
361,No,0,A day trader might think you were talking about a weekly profit rather than annual.,A day trader might think you were talking about a weekly profit rather than annual.,15,83
363,No,0,A few weeks ago I put together a list of key individuals for you to meet when you do come to Houston.,A few weeks ago I put together a list of key individuals for you to meet when you do come to Houston.,22,101
365,No,0,A huge thank you to our friends at Gap and the Ellen Degeneres Show for featuring Gyft this week.,A huge thank you to our friends at Gap and the Ellen Degeneres Show for featuring Gyft this week.,19,97
366,No,0,A lot of me into it.,A lot of me into it.,6,20
367,No,0,A meeting has been scheduled on $NUM/$NUM with the California Fish and Game to discuss the following issues: $NUM)presentaiton of the $NUM and $NUM annual reports which are required by the facility's $NUM permit.,A meeting has been scheduled on 3/16 with the California Fish and Game to discuss the following issues: 1)presentaiton of the 1999 and 2000 annual reports which are required by the facility's 2081 permit.,34,212
369,No,0,A presentation was given to the Transwestern Marketing Group in Houston over the PCB issues affecting sales of natural gas into western markets.,A presentation was given to the Transwestern Marketing Group in Houston over the PCB issues affecting sales of natural gas into western markets.,23,144
370,No,0,"A reminder: 900am Monday, my office.","A reminder: 900am Monday, my office.",6,36
371,No,0,"A slew of new power control, management, transmission and storage technologies are becoming available in the power marketplace to reduce congestion, enhance performance and improve reliability.","A slew of new power control, management, transmission and storage technologies are becoming available in the power marketplace to reduce congestion, enhance performance and improve reliability.",26,193
372,No,0,"A sound was played on iPod touch at $NUM:$NUM PM on March $NUM, $NUM.","A sound was played on iPod touch at 8:01 PM on March 8, 2013.",14,69
375,No,0,AND WE CAN REMIND YOU ABOUT THEM,AND WE CAN REMIND YOU ABOUT THEM,7,32
376,No,0,"About its botanic constitution, instead, until the late 18th century the strangest theories continued to be produced.","About its botanic constitution, instead, until the late 18th century the strangest theories continued to be produced.",17,117
377,No,0,"According to David Scott at New Power, they did not make any adjustments to the bill.","According to David Scott at New Power, they did not make any adjustments to the bill.",16,85
380,No,0,Act Now to show us you want to win!,Act Now to show us you want to win!,9,35
381,No,0,"Add butter, season with nutmeg and toss together.","Add butter, season with nutmeg and toss together.",8,49
382,No,0,"After all requests are received, we will review the request and make a determination on granting compression based on capacity available and the capacity requests.","After all requests are received, we will review the request and make a determination on granting compression based on capacity available and the capacity requests.",25,163
383,No,0,"After graduating form high school, I took a semester off for personal reasons, and during this time I began to read again; however, I had difficulty in finding books to read, which led me to looking for the best sellers list.","After graduating form high school, I took a semester off for personal reasons, and during this time I began to read again; however, I had difficulty in finding books to read, which led me to looking for the best sellers list.",41,225
386,No,0,"After reveiwing the documents entitled, Baseline Environmental Investigation of Arco North Coles Levee Plant $NUM, Rogas Loading Facility and Associated Natural Gas Pipeline Systems Kern County, California and Report of Preliminary Asessment Sampling North Coles Levee Gas Plant Loading Rack Area Tupman, California, it appears that the following areas should be investigated further to detemine horizontal and vertical extent of identified contamination from the above referenced reports:","After reveiwing the documents entitled, Baseline Environmental Investigation of Arco North Coles Levee Plant 8, Rogas Loading Facility and Associated Natural Gas Pipeline Systems Kern County, California and Report of Preliminary Asessment Sampling North Coles Levee Gas Plant Loading Rack Area Tupman, California, it appears that the following areas should be investigated further to detemine horizontal and vertical extent of identified contamination from the above referenced reports:",67,489
388,No,0,Alan: This makes sense to me.,Alan: This makes sense to me.,6,29
389,No,0,Alert - ...A RIVER FLOOD WARNING HAS BEEN ISSUED FOR...THE MANATEE RIVER AT MYAKKA HEAD...LITTLE MANATEE RIVER AT WIMAUMA AND CYPRESS CREEK AT WORTHINGTON GARDENS... .HEAVY RAINFALL OVER THE PAST SEVERAL DAYS COMBINED WITH CONTINUED STORMS TODAY AND TOMORROW WILL ALLOW FOR SOME LOCAL RIVERS TO RISE TO FLOOD STAGE OVER THE NEXT COUPLE OF DAYS.,Alert - ...A RIVER FLOOD WARNING HAS BEEN ISSUED FOR...THE MANATEE RIVER AT MYAKKA HEAD...LITTLE MANATEE RIVER AT WIMAUMA AND CYPRESS CREEK AT WORTHINGTON GARDENS... .HEAVY RAINFALL OVER THE PAST SEVERAL DAYS COMBINED WITH CONTINUED STORMS TODAY AND TOMORROW WILL ALLOW FOR SOME LOCAL RIVERS TO RISE TO FLOOD STAGE OVER THE NEXT COUPLE OF DAYS.,56,344
390,No,0,"Alice, for the employee we discussed last week, here is information on payee.","Alice, for the employee we discussed last week, here is information on payee.",13,77
394,No,0,"Allyson says we can scratch around in the dirt a bit (I'm paraphrasing), so I'm sure some site preparation is ok.","Allyson says we can scratch around in the dirt a bit (I'm paraphrasing), so I'm sure some site preparation is ok.",21,113
395,No,0,"Along with our launch today, we wanted to let you know we've also updated our privacy policy.","Along with our launch today, we wanted to let you know we've also updated our privacy policy.",17,93
396,No,0,Already have an outstanding costume for a Halloween night?,Already have an outstanding costume for a Halloween night?,9,58
398,No,0,Also discussed was NSPS fuel gas monitoring for nitrogen and sulfur and other miscellaneous air issues.,Also discussed was NSPS fuel gas monitoring for nitrogen and sulfur and other miscellaneous air issues.,16,103
399,No,0,Also discussed was the permitting approach which will be followed for the approval to install micro pre combustion chambers on two White units which were found to be out of compliance with the air permit emissions limits when the New Mexico Air Quality Bureau conducted a surprise inspection at the facility.,Also discussed was the permitting approach which will be followed for the approval to install micro pre combustion chambers on two White units which were found to be out of compliance with the air permit emissions limits when the New Mexico Air Quality Bureau conducted a surprise inspection at the facility.,51,308
403,No,0,"Also, I want to manage expectations a bit about the possibility of having Enron stream the conference.","Also, I want to manage expectations a bit about the possibility of having Enron stream the conference.",17,102
404,No,0,"Also, I've assumed that we won't send Dennis any of the data from EE&CC or ENA.","Also, I've assumed that we won't send Dennis any of the data from EE&CC or ENA.",16,79
405,No,0,"Also, Sunday is Astroworld day for Enron employees, but you probably won't get here early enough to do that either...","Also, Sunday is Astroworld day for Enron employees, but you probably won't get here early enough to do that either...",20,117
408,No,0,"Although she is looking to fill this position within the next two weeks, she mentioned that if this didn't work out for me that she would forward my resume to the HR Recruiter, Dianne White.","Although she is looking to fill this position within the next two weeks, she mentioned that if this didn't work out for me that she would forward my resume to the HR Recruiter, Dianne White.",35,190
409,No,0,"Am just back from Disneyworld (Tyler loved it, so you will have a great time in a few weeks) today, and I did get your message.","Am just back from Disneyworld (Tyler loved it, so you will have a great time in a few weeks) today, and I did get your message.",26,127
410,No,0,American Heart Association This e-mail is a receipt for your donation of $$NUM.,American Heart Association This e-mail is a receipt for your donation of $50.00.,13,79
411,No,0,Amsterdam $NUM $NUM,Amsterdam 1850-1940 1.1.0,3,19
412,No,0,An exchange that Commerce One is helping build for the big automakers is about to crank up.,An exchange that Commerce One is helping build for the big automakers is about to crank up.,17,91
414,No,0,And I think we've worked closely enough together over the last year for you to have a basis for reviewing me.,And I think we've worked closely enough together over the last year for you to have a basis for reviewing me.,21,109
415,No,0,And I think you know that we are fully ready to help in any way we can in the weeks and months ahead.,And I think you know that we are fully ready to help in any way we can in the weeks and months ahead.,23,101
416,No,0,And I want to show you it all.,And I want to show you it all.,8,30
417,No,0,"And I would do it on a $NUM day lag like this, today is the 9th, give him the balance for the 7th.","And I would do it on a 2 day lag like this, today is the 9th, give him the balance for the 7th.",23,98
419,No,0,"And if those challenges become problems for the company, the company could become a problem for the entire B2B sector, as investors realize all over again how hard it will be to make B2B work.","And if those challenges become problems for the company, the company could become a problem for the entire B2B sector, as investors realize all over again how hard it will be to make B2B work.",35,192
420,No,0,"And in case you want to listen to some music on your own for a while, just click on the Switch and go to My Stream to enjoy your very own Personal Radio experience.","And in case you want to listen to some music on your own for a while, just click on the Switch and go to My Stream to enjoy your very own Personal Radio experience.",34,164
422,No,0,And my apologies for not having included you on the email distribution list sooner.,And my apologies for not having included you on the email distribution list sooner.,14,83
424,No,0,And should I see if Scott and/or Donald want to attend?,And should I see if Scott and/or Donald want to attend?,11,55
425,No,0,"And to help shake off the winter blues, we're offering a huge $NUM% off all photobooks until $NUM June.","And to help shake off the winter blues, we're offering a huge 20% off all photobooks until 30 June.",19,103
426,No,0,And we need some more details (in addition to what Jim did) if possible.,And we need some more details (in addition to what Jim did) if possible.,14,72
427,No,0,"And with that, we'd like to share with you our plans for the next $NUM days.","And with that, we'd like to share with you our plans for the next 75 days.",16,76
428,No,0,"And yes, all by email (save for, say, the preliminary chat).","And yes, all by email (save for, say, the preliminary chat).",11,60
429,No,0,"And your delivery of the information was very well done -- you were poised, organized, prepared and confident.","And your delivery of the information was very well done -- you were poised, organized, prepared and confident.",18,110
430,No,0,Another purpose for the trip is to spend some time with Fernley and his business controllers to get their ideas on specific goals that as a group we would commit to for $NUM.,Another purpose for the trip is to spend some time with Fernley and his business controllers to get their ideas on specific goals that as a group we would commit to for 2000.,33,174
431,No,0,"Another sytem is to deep fry the truffles in the oil, obtaining a sauce you can save in the refrigerator for about a month.","Another sytem is to deep fry the truffles in the oil, obtaining a sauce you can save in the refrigerator for about a month.",24,123
432,No,0,Any first class upgrades available?,Any first class upgrades available?,5,35
433,No,0,Any other follow-info from last Tuesday'Wednesday's meeting that I should be aware of?,Any other follow-info from last Tuesday'Wednesday's meeting that I should be aware of?,13,86
434,No,0,Any other use of the email by you is prohibited.,Any other use of the email by you is prohibited.,10,48
435,No,0,"Anyway, I dont want to send up a red flag to the state of Colorado.","Anyway, I dont want to send up a red flag to the state of Colorado.",15,67
436,No,0,"Anyway, I hope you'll still comment on the presentation, and I'm glad that you've agreed to do part of it on Thursday.","Anyway, I hope you'll still comment on the presentation, and I'm glad that you've agreed to do part of it on Thursday.",22,118
437,No,0,Apparently two are opening this year in NJ:,Apparently two are opening this year in NJ:,8,43
438,No,0,"Apple celebrates App Store birthday on $NUM July, $NUM+ apps in $NUM year","Apple celebrates App Store birthday on 11 July, 56,000+ apps in 1 year",13,73
439,No,0,Approximately $NUM% of your IT budget is managing boxes ( fixed assets) that has no competitive value.,Approximately 25% of your IT budget is managing boxes ( fixed assets) that has no competitive value.,17,102
440,No,0,April $NUM $NUM: Fertile Day $NUM - Est due date $NUM/$NUM/$NUM $NUM: Fertile Day $NUM - Est due date $NUM/$NUM/$NUM $NUM: Fertile Day $NUM - Est due date $NUM/$NUM/$NUM $NUM: Fertile Day $NUM - most likely to ovulate $NUM: Fertile Day $NUM - Est due date $NUM/$NUM/$NUM $NUM: Period Day $NUM $NUM: Period Day $NUM $NUM: Period Day $NUM $NUM: Period Day $NUM $NUM: Period Day $NUM $NUM: Period Day $NUM $NUM: Period Day $NUM,April 2011 02: Fertile Day 1 - Est due date 12/18/11 03: Fertile Day 2 - Est due date 12/18/11 04: Fertile Day 3 - Est due date 12/18/11 05: Fertile Day 4 - most likely to ovulate 06: Fertile Day 5 - Est due date 12/18/11 18: Period Day 1 19: Period Day 2 20: Period Day 3 21: Period Day 4 22: Period Day 5 23: Period Day 6 24: Period Day 7,75,424
442,No,0,"April fools, BenWiggin!","April fools, BenWiggin!",3,23
443,No,0,Are more available?,Are more available?,3,19
444,No,0,Are there alternative liquid markets available that might have better pricing?,Are there alternative liquid markets available that might have better pricing?,11,78
445,No,0,Are there any issues from your point of view?,Are there any issues from your point of view?,9,45
446,No,0,"Are we still holding Wednesday, June $NUM, for the ETS Associate and Analyst Mid-Year $NUM PRC?","Are we still holding Wednesday, June 27, for the ETS Associate and Analyst Mid-Year 2001 PRC?",16,95
447,No,0,"Ariba has hailed the acquisition as one that gives it best-of-breed auction capability, which it would integrate into its own suite of software products.","Ariba has hailed the acquisition as one that gives it best-of-breed auction capability, which it would integrate into its own suite of software products.",24,153
450,No,0,"As a follow-up to our conversation in London when you said I should bring to your attention any concerns I might have with financial trading issues, the following has recently come up as an issue here in Houston (and does so from time to time).","As a follow-up to our conversation in London when you said I should bring to your attention any concerns I might have with financial trading issues, the following has recently come up as an issue here in Houston (and does so from time to time).",45,244
451,No,0,"As a result, most companies that file a bankruptcy petition, but which inetend to remain in business, seek the specific authority of the bankruptcy court to make payments on the priority wage claims immediately so that employees will experience little or no disruption in their wage/salary payments while they continue working.","As a result, most companies that file a bankruptcy petition, but which inetend to remain in business, seek the specific authority of the bankruptcy court to make payments on the priority wage claims immediately so that employees will experience little or no disruption in their wage/salary payments while they continue working.",51,327
452,No,0,"As a thank you, for any pictures we use, we would like to pay for your company to have $NUM minutes of live one on one training and support with one of our product experts to help you get even more from Schedule it.","As a thank you, for any pictures we use, we would like to pay for your company to have 30 minutes of live one on one training and support with one of our product experts to help you get even more from Schedule it.",44,215
456,No,0,"As long as the New York review isn't the week of January 15th, then I think I will still target that week for a London trip.","As long as the New York review isn't the week of January 15th, then I think I will still target that week for a London trip.",26,124
457,No,0,"As the baby gets older, we also have an entertainer - now takes the place of what we used to call walkers.","As the baby gets older, we also have an entertainer - now takes the place of what we used to call walkers.",22,106
458,No,0,As we discussed i t may be combined with a Jay and Allan announcement but never the less it wil l go out friday evening.,As we discussed i t may be combined with a Jay and Allan announcement but never the less it wil l go out friday evening.,25,120
461,No,0,"As we discussed, I think it would be a good idea to offer several sessions to Enron global wholesale and ENW, to maximize efficiency.","As we discussed, I think it would be a good idea to offer several sessions to Enron global wholesale and ENW, to maximize efficiency.",24,133
462,No,0,"As we discussed, attached is a confidential draft of the Corporate Services Agreement between Garden State Paper Company LLC and ENA.","As we discussed, attached is a confidential draft of the Corporate Services Agreement between Garden State Paper Company LLC and ENA.",21,133
463,No,0,"As we discussed, attached is my Cheat Sheet which I use to guide me when approving non-US counterparties that come in through EnronOnline via Houston Credit.","As we discussed, attached is my Cheat Sheet which I use to guide me when approving non-US counterparties that come in through EnronOnline via Houston Credit.",26,157
464,No,0,"As we discussed, this is the most recent version of the proposed fix to the Direct Access prohibition included in AB1X that the coalition of customer groups have been working on.","As we discussed, this is the most recent version of the proposed fix to the Direct Access prohibition included in AB1X that the coalition of customer groups have been working on.",31,178
465,No,0,"As we discussed, we are comfortable with EES' participation in the ISO's load curtailment RFP.","As we discussed, we are comfortable with EES' participation in the ISO's load curtailment RFP.",15,94
467,No,0,"As we have discussed before, the more relevant statistics are the job group numbers and not the gross statistics.","As we have discussed before, the more relevant statistics are the job group numbers and not the gross statistics.",19,113
469,No,0,"As well, from a corporate development point of view which parts of the value chain ie) IPP, E&P, utility, assets, etc are undervalued given current commodity curves and expectations.","As well, from a corporate development point of view which parts of the value chain ie) IPP, E&P, utility, assets, etc are undervalued given current commodity curves and expectations.",29,182
471,No,0,"As you know, we have an extensive task force report on workplace violence that would be relevant to this inquiry and could provide the basis for an analysis of this issue, although other areas would have to be explored.","As you know, we have an extensive task force report on workplace violence that would be relevant to this inquiry and could provide the basis for an analysis of this issue, although other areas would have to be explored.",39,219
472,No,0,"As you might know, most of EnergyUSA was given pink slips effective over the next $NUM months.","As you might know, most of EnergyUSA was given pink slips effective over the next 3-6 months.",17,94
473,No,0,"Assemblyman Joseph Simitian, D-Palo Alto, said he gave a courtesy vote to the Hertzberg-Keeley plan in the Appropriations Committee, in order to get the measure to the Assembly floor and continue debate.","Assemblyman Joseph Simitian, D-Palo Alto, said he gave a courtesy vote to the Hertzberg-Keeley plan in the Appropriations Committee, in order to get the measure to the Assembly floor and continue debate.",32,203
475,No,0,At this point have have emailed Mr. Heffner a few times.,At this point have have emailed Mr. Heffner a few times.,11,56
476,No,0,"At this point, we are working on a best, worst and most likely case for a revenue model, plus getting some teeth behind our up front costs.","At this point, we are working on a best, worst and most likely case for a revenue model, plus getting some teeth behind our up front costs.",27,139
477,No,0,Atos Origin would be able to set up a custom-built service delivery mechanism to extend your own software capabilities: right from maintenance and support of legacy applications to development of new web applications.,Atos Origin would be able to set up a custom-built service delivery mechanism to extend your own software capabilities: right from maintenance and support of legacy applications to development of new web applications.,33,217
478,No,0,"Atos Origin, a leading global information technology services provider, helps clients turn their vision into results through the effective use of E-business solutions and IT.","Atos Origin, a leading global information technology services provider, helps clients turn their vision into results through the effective use of E-business solutions and IT.",25,174
479,No,0,"Attached is a clean version and a redlined version of the above-referenced document which incorporates the changes that we discussed with the exception of the end of Section $NUM, Section $NUM and Section $NUM.","Attached is a clean version and a redlined version of the above-referenced document which incorporates the changes that we discussed with the exception of the end of Section 4.2, Section 4.5 and Section 4.6.",34,210
480,No,0,Attached is a forwards detail by risk of the deals in question.,Attached is a forwards detail by risk of the deals in question.,12,63
481,No,0,Attached is a memo that Rick plans to send out - I hope that attaching this makes it easy for you to take care of this.,Attached is a memo that Rick plans to send out - I hope that attaching this makes it easy for you to take care of this.,26,119
482,No,0,Attached is the latest version of the Transaction Agreement which incorporates the changes that were discussed yesterday.,Attached is the latest version of the Transaction Agreement which incorporates the changes that were discussed yesterday.,17,121
483,No,0,"AudioBox lets you mix media files, create playlists and stream through your single virtual cloud, seamlessly.","AudioBox lets you mix media files, create playlists and stream through your single virtual cloud, seamlessly.",16,109
485,No,0,"August $NUM, $NUM, Night: $LINK","August 22, 2012, Night: $LINK",5,31
486,No,0,"August $NUM, $NUM, Late Night: $LINK","August 23, 2012, Late Night: $LINK",6,36
489,No,0,Autumn Nights,Autumn Nights,2,13
490,No,0,Avicii - Wake Me Up: $LINK,Avicii - Wake Me Up: $LINK,6,26
494,No,0,"Because the utility has been forced to buy from the PX, and because the market structure in California gives customers no incentive to switch, the utility continues to control the overwhelming majority of the load in California.","Because the utility has been forced to buy from the PX, and because the market structure in California gives customers no incentive to switch, the utility continues to control the overwhelming majority of the load in California.",37,228
495,No,0,"Before I go into the depths of my answer, i would like to clarify few points about my answer.","Before I go into the depths of my answer, i would like to clarify few points about my answer.",19,93
497,No,0,"Before we can activate your subscription and send you anything, inlcuding a password to our downloads, you have to confirm your subscription using the link below.","Before we can activate your subscription and send you anything, inlcuding a password to our downloads, you have to confirm your subscription using the link below.",26,162
498,No,0,"Before we go forward and do this type of testing, it is useful to ascertain the purpose/goal of the tests.","Before we go forward and do this type of testing, it is useful to ascertain the purpose/goal of the tests.",20,106
499,No,0,Ben Jacoby is having an offsite Friday at the Hyatt for the East Development group to discuss $NUM.,Ben Jacoby is having an offsite Friday at the Hyatt for the East Development group to discuss 2001.,18,99
500,No,0,"Ben, there should be a standard form for this -- check with Candace.","Ben, there should be a standard form for this -- check with Candace.",13,68
503,No,0,Bill Kettlewell Client Service Representative Electric Reliability Council of Texas E-mail: $EMAIL,Bill Kettlewell Client Service Representative Electric Reliability Council of Texas E-mail: BKettlewell@ercot.com,12,98
504,No,0,Bio: I'm kinky as hell and want to fuck you harder than you've ever been fucked before.,Bio: I'm kinky as hell and want to fuck you harder than you've ever been fucked before.,17,87
505,No,0,"Blake Jamieson, our Director of Social Media, is an award-winning social media expert and would like to help you get started with Glyder.","Blake Jamieson, our Director of Social Media, is an award-winning social media expert and would like to help you get started with Glyder.",23,137
506,No,0,Blanca can help make the arrangements.,Blanca can help make the arrangements.,6,38
507,No,0,Bob did tell me to email stuff about school to you.,Bob did tell me to email stuff about school to you.,11,51
509,No,0,"Bob: as of right now, the following are leaving","Bob: as of right now, the following are leaving",9,47
511,No,0,Bridgeline -- prepared assignment letter agreements to assign Enron personnel to Bridgeline.,Bridgeline -- prepared assignment letter agreements to assign Enron personnel to Bridgeline.,12,92
512,No,0,Bruce: I think your suggestion makes sense.,Bruce: I think your suggestion makes sense.,7,43
513,No,0,"Bryan, it doesn't line up very well but this shows that we received $NUM dth at St $NUM and delivered $NUM to PSNC.","Bryan, it doesn't line up very well but this shows that we received 150 dth at St 85 and delivered 145 to PSNC.",23,115
514,No,0,"Burton wants the state to buy and operate PG&E's and Edison's transmission system and create a state power authority that would get in the business of (among other things) developing, financing, constructing and operating power plants and natural gas pipelines.","Burton wants the state to buy and operate PG&E's and Edison's transmission system and create a state power authority that would get in the business of (among other things) developing, financing, constructing and operating power plants and natural gas pipelines.",40,261
515,No,0,Business as usual here forward.,Business as usual here forward.,5,31
516,No,0,But I think there's enough of a structure so that we can easily finalize by tomorrow.,But I think there's enough of a structure so that we can easily finalize by tomorrow.,16,85
517,No,0,"But Turner, who sources said was reluctant to make a quarterback change at this point and retains confidence in Johnson, acknowledged the team needs new focus more than a new starter.","But Turner, who sources said was reluctant to make a quarterback change at this point and retains confidence in Johnson, acknowledged the team needs new focus more than a new starter.",31,183
518,No,0,"But as the survey makes clear, for something so dead, these sectors are showing all kinds of life.","But as the survey makes clear, for something so dead, these sectors are showing all kinds of life.",18,98
519,No,0,"But competitors, most notably Oracle (ORCL:Nasdaq), pooh-poohed the deal, saying that stringing together complex technologies through acquisitions is easier said than done.","But competitors, most notably Oracle (ORCL:Nasdaq), pooh-poohed the deal, saying that stringing together complex technologies through acquisitions is easier said than done.",22,172
522,No,0,But it was nice to get back to Houston yesterday.,But it was nice to get back to Houston yesterday.,10,49
523,No,0,But she did make the dances for the next two try-outs: a kick rountine and a pom routine.,But she did make the dances for the next two try-outs: a kick rountine and a pom routine.,18,89
525,No,0,"But, the list of things to fix and do keeps getting longer and longer.","But, the list of things to fix and do keeps getting longer and longer.",14,70
526,No,0,"By now, you've probably signed up on all of them and you're ready to signup for some more...","By now, you've probably signed up on all of them and you're ready to signup for some more...",18,92
527,No,0,"By the way, I was talking to my friend and colleague Rose, and she tells me that the company has hired a car to take Rose, another person and me home on Thursday after the big party.","By the way, I was talking to my friend and colleague Rose, and she tells me that the company has hired a car to take Rose, another person and me home on Thursday after the big party.",37,182
531,No,0,CR [aka conference room] 5C1.,CR [aka conference room] 5C1.,5,29
532,No,0,"California should therefore begin now to gradually phase the utility out of the procurement $NUM function entirely, with the goal having all customers served by a non-utili ty provider within $NUM months.","California should therefore begin now to gradually phase the utility out of the procurement 20 function entirely, with the goal having all customers served by a non-utili ty provider within 36 months.",32,204
533,No,0,Call being scheduled for Wednesday it appears.,Call being scheduled for Wednesday it appears.,7,46
535,No,0,Can get that number.,Can get that number.,4,20
536,No,0,"Carlos joined us, too.","Carlos joined us, too.",4,22
537,No,0,Celebrate Independence Day with us and Save up to $NUM%!,Celebrate Independence Day with us and Save up to 50%!,10,56
538,No,0,"Cesar is at Tractebel ........ Him and Jason Armenta together ,,,,,,, what a combo!","Cesar is at Tractebel ........ Him and Jason Armenta together ,,,,,,, what a combo!",14,83
539,No,0,Check out my videos on youtube if you want to know what's going on - with a beat,Check out my videos on youtube if you want to know what's going on - with a beat,18,80
541,No,0,"Chris, the numbers are getting pretty large - we are trying to find a reasonable cut-off before this turns into an All-Employee meeting at the Hyatt.","Chris, the numbers are getting pretty large - we are trying to find a reasonable cut-off before this turns into an All-Employee meeting at the Hyatt.",26,149
542,No,0,Christmas is the time of sharing and we would like to take our part in that.,Christmas is the time of sharing and we would like to take our part in that.,16,76
543,No,0,Cindy Olson called to thank me and Sarah Davis did meet with me to discuss the memo.,Cindy Olson called to thank me and Sarah Davis did meet with me to discuss the memo.,17,84
544,No,0,Class on Thursday.,Class on Thursday.,3,18
547,No,0,Coding NOW is the perfect time to start.,Coding NOW is the perfect time to start.,8,40
548,No,0,Cole is doing his best to either run Jake off or make him tough.,Cole is doing his best to either run Jake off or make him tough.,14,64
550,No,0,"Confirmed speakers to date: Jeff Skilling (Tuesday, October $NUM - available $NUM:$NUM am to $NUM:$NUM pm)","Confirmed speakers to date: Jeff Skilling (Tuesday, October 24 - available 9:30 am to 1:00 pm)",16,106
551,No,0,"Consequently, the quotes that we provide customers change daily to reflect changing market prices.","Consequently, the quotes that we provide customers change daily to reflect changing market prices.",14,98
553,No,0,"Copyright and any other intellectual property rights in its contents are the sole property of Tradespark, Inc. E-mail transmission cannot be guaranteed to be secure or error-free.","Copyright and any other intellectual property rights in its contents are the sole property of Tradespark, Inc. E-mail transmission cannot be guaranteed to be secure or error-free.",27,179
554,No,0,"Couldn't locate the files you sent in August (uemail now deletes automatically, which may be the problem).","Couldn't locate the files you sent in August (uemail now deletes automatically, which may be the problem).",17,106
555,No,0,"Credit will put them on tonight's list, meanwhile, we need to open them up to trade all financial immediately.","Credit will put them on tonight's list, meanwhile, we need to open them up to trade all financial immediately.",19,110
557,No,0,"Currently, HPL has advised Calpine of an upcoming event of force majeure which will require a cessation of deliveries of gas to the facility which certain regulatory mandated tests are being performed on the A-S pipeline.","Currently, HPL has advised Calpine of an upcoming event of force majeure which will require a cessation of deliveries of gas to the facility which certain regulatory mandated tests are being performed on the A-S pipeline.",36,221
558,No,0,"Currently, I'm preparing a letter of intent for Enron/CRRA for the purchase/sale of the cells, have a development agreement prepared by outside counsel to review, and need to come up with a draft purchase agreement for FCE to review.","Currently, I'm preparing a letter of intent for Enron/CRRA for the purchase/sale of the cells, have a development agreement prepared by outside counsel to review, and need to come up with a draft purchase agreement for FCE to review.",39,233
559,No,0,"Customers could try to ""bypass"" the utility, but until Dec. '$NUM (PUC final policy decision) and AB $NUM, it was against the law to have direct access, so you may be misinterpreting the yellow book just a bit.","Customers could try to ""bypass"" the utility, but until Dec. '95 (PUC final policy decision) and AB 1890, it was against the law to have direct access, so you may be misinterpreting the yellow book just a bit.",38,210
560,No,0,"Customers could try to bypass the utility, but until Dec. '$NUM (PUC final policy decision) and AB $NUM, it was against the law to have direct access, so you may be misinterpreting the yellow book just a bit.","Customers could try to bypass the utility, but until Dec. '95 (PUC final policy decision) and AB 1890, it was against the law to have direct access, so you may be misinterpreting the yellow book just a bit.",38,208
561,No,0,"DOE is interested, says Tino, because of the redundant, dedicated facilities and enhanced reliability, and because Dennis and Tino pitched DOE on all the $$$$ DOE will make from the surplus power sales.","DOE is interested, says Tino, because of the redundant, dedicated facilities and enhanced reliability, and because Dennis and Tino pitched DOE on all the $$$$ DOE will make from the surplus power sales.",33,202
566,No,0,Dave was going to inform the OCD that their office has given approval of the plan and that this might expidite Bill's review process.,Dave was going to inform the OCD that their office has given approval of the plan and that this might expidite Bill's review process.,24,133
567,No,0,"Dave, I am going to send Shawn your way - he has extensive development, asset and project finance experience.","Dave, I am going to send Shawn your way - he has extensive development, asset and project finance experience.",19,109
569,No,0,"Dawn, right now I am scheduled to be up in Calgary on the 16th of August - lets shoot for that date.","Dawn, right now I am scheduled to be up in Calgary on the 16th of August - lets shoot for that date.",22,100
571,No,0,"Day or night sails on Matagorda Bay $NUM or the Gulf of Mexico are also available, with Captain Nick at the helm.","Day or night sails on Matagorda Bay 20 or the Gulf of Mexico are also available, with Captain Nick at the helm.",22,113
573,No,0,"Dear Kenneth, I have sent this morning a Fed Ex package to your office to arrive tomarrow Friday morning containing our school video.","Dear Kenneth, I have sent this morning a Fed Ex package to your office to arrive tomarrow Friday morning containing our school video.",23,133
574,No,0,"Delainey: have him spend his time meeting, calling, talking with wholesale and retail customers.","Delainey: have him spend his time meeting, calling, talking with wholesale and retail customers.",14,96
576,No,0,Does she have any interest in meeting one-on-one or is she just looking for a public hanging?,Does she have any interest in meeting one-on-one or is she just looking for a public hanging?,17,93
578,No,0,Don't feel like you have to get the thing all fixed up by Friday if it not's a cake walk.,Don't feel like you have to get the thing all fixed up by Friday if it not's a cake walk.,20,89
579,No,0,Don't know what more I could possibly do to make Kris feel better; guess we will leave it at that.,Don't know what more I could possibly do to make Kris feel better; guess we will leave it at that.,20,98
581,No,0,"Don't worry, we can help.","Don't worry, we can help.",5,25
582,No,0,Don’t blame us if this collection of top-trending videos makes you wanna twerk or crush candy.,Don’t blame us if this collection of top-trending videos makes you wanna twerk or crush candy.,16,94
583,No,0,"Dress for the forum is casual, so feel free to do the same.","Dress for the forum is casual, so feel free to do the same.",13,59
584,No,0,Drinking and guns go together like ham and eggs.,Drinking and guns go together like ham and eggs.,9,48
585,No,0,"Dropbox lets you bring all your photos, docs and videos with you anywhere and share them easily.","Dropbox lets you bring all your photos, docs and videos with you anywhere and share them easily.",17,96
586,No,0,Due to a severe storm which hit central Texas last evening CYNET is experiencing a temporary service interruption of the assigned telephone numbers of it's Inbound Fax-$NUMEmail Service.,Due to a severe storm which hit central Texas last evening CYNET is experiencing a temporary service interruption of the assigned telephone numbers of it's Inbound Fax-2-Email Service.,28,186
587,No,0,Due to the rough terrain and topography of the land south of Station $NUM into Phoenix makes this project extremely hard to give an approximate dollar amount for the environmental baseline surveys and permits to be completed as the entire proposed right of way ($NUM miles) from station $NUM into Phoenix will need to be walked and surveyed by several people.,Due to the rough terrain and topography of the land south of Station 2 into Phoenix makes this project extremely hard to give an approximate dollar amount for the environmental baseline surveys and permits to be completed as the entire proposed right of way (140 miles) from station 2 into Phoenix will need to be walked and surveyed by several people.,61,359
588,No,0,"Duke Energy acquired Market Hub Partners Storage (MHP) from subsidiaries of NiSource, INC.","Duke Energy acquired Market Hub Partners Storage (MHP) from subsidiaries of NiSource, INC.",13,90
589,No,0,Dupree Diamond @DupreeDiamond2 @ben_wiggin went down there everyone told me u took off $NUM:$NUM AM - $NUM Jun $NUM,Dupree Diamond @DupreeDiamond2 @ben_wiggin went down there everyone told me u took off 01:38 AM - 27 Jun 14,19,115
590,No,0,"During the first two days, there was a large influx of traffic to Todo Pro, and unfortunately, the service wasn't able to handle everything all at once.","During the first two days, there was a large influx of traffic to Todo Pro, and unfortunately, the service wasn't able to handle everything all at once.",27,152
591,No,0,Dying to hear about Montana and your possible new life as a day student.,Dying to hear about Montana and your possible new life as a day student.,14,72
593,No,0,"E-mail from Nov. $NUM, $NUM I was thinking of you today and I remembered a long conversation we had at the office one morning when we both arrived before everyone else.","E-mail from Nov. 8, 2000 I was thinking of you today and I remembered a long conversation we had at the office one morning when we both arrived before everyone else.",31,168
594,No,0,"E-mail transmission cannot be guaranteed to be secure or error-free as information could be intercepted, corrupted, lost, destroyed, arrive late or incomplete, or contain viruses.","E-mail transmission cannot be guaranteed to be secure or error-free as information could be intercepted, corrupted, lost, destroyed, arrive late or incomplete, or contain viruses.",25,179
595,No,0,E:mail messages says to check website to determine whether or not DSL is available at my home.,E:mail messages says to check website to determine whether or not DSL is available at my home.,17,94
597,No,0,"ENA signed a short-term deal ($NUM -week term, I believe) with DWR that goes through the end of the month, at which time we have the option to extend the deal to a five-year term.","ENA signed a short-term deal (5 -week term, I believe) with DWR that goes through the end of the month, at which time we have the option to extend the deal to a five-year term.",35,179
598,No,0,EOL. Keith has a great idea of opening up all products to the desk so that you may insert a bid or an offer inside of the manager's markets.,EOL. Keith has a great idea of opening up all products to the desk so that you may insert a bid or an offer inside of the manager's markets.,29,140
599,No,0,ETI Update National PR campaign to push Enron policy agenda/commercial opportunties California Strategy Trip to Portland Analyst/Associate for SF GA? Gas Update Sempra Commercial update (Calger),ETI Update National PR campaign to push Enron policy agenda/commercial opportunties California Strategy Trip to Portland Analyst/Associate for SF GA? Gas Update Sempra Commercial update (Calger),26,194
601,No,0,"Ehrenberg simply gets placed at ""market prices"" because of varying objectives.","Ehrenberg simply gets placed at ""market prices"" because of varying objectives.",11,78
602,No,0,Ehrenberg simply gets placed at market prices because of varying objectives.,Ehrenberg simply gets placed at market prices because of varying objectives.,11,76
603,No,0,Electricity is the first big U.S. industry formerly under the tight control of states to be opened up to international operators and their free market rules.,Electricity is the first big U.S. industry formerly under the tight control of states to be opened up to international operators and their free market rules.,26,157
604,No,0,"Energy drinks mixed with alcohol make you want to drink more, a new study says.","Energy drinks mixed with alcohol make you want to drink more, a new study says.",15,79
605,No,0,Enjoy drinking your wine (had the syrah recently) and very much look forward to meeting you.,Enjoy drinking your wine (had the syrah recently) and very much look forward to meeting you.,16,92
606,No,0,Enron has proposed several options for resolving the credit risk issues and $NUM is working with DWR to arrive at a solution that is mutually agreeable to $NUM both sides and that might serve as a template for power purchase agreements $NUM going forward.,Enron has proposed several options for resolving the credit risk issues and 20 is working with DWR to arrive at a solution that is mutually agreeable to 20 both sides and that might serve as a template for power purchase agreements 20 going forward.,44,255
609,No,0,"Enron was the $NUM pound gorilla that angered friends of competition almost as much as foes, thus making them less willing to step forward.","Enron was the 600 pound gorilla that angered friends of competition almost as much as foes, thus making them less willing to step forward.",24,139
610,No,0,"Enron will have a table of $NUM at the Trustee Opening Gala Dinner on May 16th, with cocktails at 7pm and a seated dinner at $NUM:30pm.","Enron will have a table of 10 at the Trustee Opening Gala Dinner on May 16th, with cocktails at 7pm and a seated dinner at 8:30pm.",26,135
611,No,0,Episode #$NUM with Robert Levine and episode #$NUM with Sean Platt and David Wright are now live!,Episode #2 with Robert Levine and episode #3 with Sean Platt and David Wright are now live!,17,97
613,No,0,Establish a truly competitive retail electricity market=$NUM*Legislative vehi cle: SB27X The only customers who were protected from price volatility in San Diego we re customers who chose Direct Access and signed fixed price deals with energy $NUM service providers.,Establish a truly competitive retail electricity market=01*Legislative vehi cle: SB27X The only customers who were protected from price volatility in San Diego we re customers who chose Direct Access and signed fixed price deals with energy 20 service providers.,39,266
614,No,0,"Estimated tax deadline: For self-employed workers and other individuals who need to make quarterly estimated tax payments to the IRS, April $NUM also is the deadline for making the first installment for $NUM.","Estimated tax deadline: For self-employed workers and other individuals who need to make quarterly estimated tax payments to the IRS, April 16 also is the deadline for making the first installment for 2001.",33,208
615,No,0,Even though you are not living here you and your family are loved and cared for and thought about by me often!I didn't mean to get mushy but was just thinking of you and wanted you to know.,Even though you are not living here you and your family are loved and cared for and thought about by me often!I didn't mean to get mushy but was just thinking of you and wanted you to know.,38,189
616,No,0,Even though you may not believe it.,Even though you may not believe it.,7,35
618,No,0,Everyone is getting ready for the school year.,Everyone is getting ready for the school year.,8,46
619,No,0,Everyone seems to need people right now.,Everyone seems to need people right now.,7,40
620,No,0,"Executive Committee Weekly Meeting Date: Monday, April 23rd Time: $NUM:$NUM a.m.","Executive Committee Weekly Meeting Date: Monday, April 23rd Time: 11:00 a.m.",11,80
621,No,0,"Executive Committee Weekly Meeting Date: Monday, January $NUM Time: $NUM:$NUM a.m.","Executive Committee Weekly Meeting Date: Monday, January 29 Time: 11:00 a.m.",11,82
622,No,0,FINAL DAY TO SAVE!,FINAL DAY TO SAVE!,4,18
623,No,0,FINAL DAY TO TAKE $NUM% OFF + FREE SHIPPING!,FINAL DAY TO TAKE 20% OFF + FREE SHIPPING!,9,44
624,No,0,FINAL WEEKEND TO BOGO + $NUM% OFF + FREE SHIPPING!,FINAL WEEKEND TO BOGO + 15% OFF + FREE SHIPPING!,10,50
626,No,0,FTR contract; used to receive and deliver gas at LRC and St $NUM. .$NUM,FTR contract; used to receive and deliver gas at LRC and St 65. .2999,14,71
628,No,0,"FYI, I meant to send you a ""thank you"" note in response to the note with Friday call-in info, but it went to Steve instead.","FYI, I meant to send you a ""thank you"" note in response to the note with Friday call-in info, but it went to Steve instead.",25,123
629,No,0,"FYI, I meant to send you a thank you note in response to the note with Friday call-in info, but it went to Steve instead.","FYI, I meant to send you a thank you note in response to the note with Friday call-in info, but it went to Steve instead.",25,121
630,No,0,"FYI, When I last discussed the other company with Ozzie and Heather on Friday, they were planning on calling the other company to tell them the general status without violating confidentiality obligations to FCE or CRRA.","FYI, When I last discussed the other company with Ozzie and Heather on Friday, they were planning on calling the other company to tell them the general status without violating confidentiality obligations to FCE or CRRA.",36,220
631,No,0,"FYI. She's forwarding around the Valley, and I'll follow up to make sure that she's having Chambers sign and send.","FYI. She's forwarding around the Valley, and I'll follow up to make sure that she's having Chambers sign and send.",20,114
633,No,0,"Failure to meet the Heat Rate Guarantee shall prevent Acceptance, unless Purchaser explicitly waives this guarantee in writing.","Failure to meet the Heat Rate Guarantee shall prevent Acceptance, unless Purchaser explicitly waives this guarantee in writing.",18,127
634,No,0,Fawcett and Harris ought to make that call.,Fawcett and Harris ought to make that call.,8,43
635,No,0,Fed ref now available.,Fed ref now available.,4,22
636,No,0,Feel free to reply to this email if you have any questions.,Feel free to reply to this email if you have any questions.,12,59
637,No,0,"Final Days to Buy Early, Save Big with the Christmas in July Sale","Final Days to Buy Early, Save Big with the Christmas in July Sale",13,65
638,No,0,"Finally, I should have a draft of my ""Tech Section"" ready by tomorrow sometime.","Finally, I should have a draft of my ""Tech Section"" ready by tomorrow sometime.",14,79
639,No,0,"Finally, I should have a draft of my Tech Section ready by tomorrow sometime.","Finally, I should have a draft of my Tech Section ready by tomorrow sometime.",14,77
643,No,0,"Fine, but that makes the existing rate the recourse rate for all purposes.","Fine, but that makes the existing rate the recourse rate for all purposes.",13,74
649,No,0,"For the resource management and coaching part of the program, lets wait until we see where we end up on any possible changes to the program first.","For the resource management and coaching part of the program, lets wait until we see where we end up on any possible changes to the program first.",27,146
650,No,0,"For what it's worth, I've read this, and if Laura Tyson or Larry Summers sign it, I have serious concerns about the effect it would have on their ability to play the role that we envision in moving our proposal forward (understanding that our odds of success are somewhat meager).","For what it's worth, I've read this, and if Laura Tyson or Larry Summers sign it, I have serious concerns about the effect it would have on their ability to play the role that we envision in moving our proposal forward (understanding that our odds of success are somewhat meager).",50,280
652,No,0,Forgive the tardiness.,Forgive the tardiness.,3,22
653,No,0,GISB is a freestanding entitity and his representation does not equate to representation of Enron so he could claim that his only client interest to worry about is GISB itself.,GISB is a freestanding entitity and his representation does not equate to representation of Enron so he could claim that his only client interest to worry about is GISB itself.,30,176
654,No,0,Gaming Thursday Highlights with Dodger and Adam $LINK,Gaming Thursday Highlights with Dodger and Adam $LINK,8,53
656,No,0,Garth D.. Camp $EMAIL,Garth D.. Camp garthcamp@hotmail.com,4,21
657,No,0,Geek Week Coming August $NUM,Geek Week Coming August 4-10,5,28
659,No,0,"Glad they are here; believe that as they learn the organization and their job that they will be able to make significant contributions; doing the right thing to learn the business, but that contributions to date are not significant enough to warrant payment of a bonus...","Glad they are here; believe that as they learn the organization and their job that they will be able to make significant contributions; doing the right thing to learn the business, but that contributions to date are not significant enough to warrant payment of a bonus...",46,271
660,No,0,Glad to hear that we are getting there.,Glad to hear that we are getting there.,8,39
661,No,0,Glad you did get a dog; the Houston Girons just didn't seem right without one.,Glad you did get a dog; the Houston Girons just didn't seem right without one.,15,78
662,No,0,Goals help you keep on track and are important for life.,Goals help you keep on track and are important for life.,11,56
665,No,0,Good idea on Kim and Martha--pls line them up for the next meeting after tomorrow (call Martha Benner to schedule) DF,Good idea on Kim and Martha--pls line them up for the next meeting after tomorrow (call Martha Benner to schedule) DF,21,117
667,No,0,Got messages in to Schroeder re: Nordpool--expect to hear back from him today at some point and I can drop that info into the document soon as I get it.,Got messages in to Schroeder re: Nordpool--expect to hear back from him today at some point and I can drop that info into the document soon as I get it.,30,152
668,No,0,Got your voicemail.,Got your voicemail.,3,19
669,No,0,Gotta get my suit out!,Gotta get my suit out!,5,22
670,No,0,Great - we will look forward to seeing you on the 13th and 14th.,Great - we will look forward to seeing you on the 13th and 14th.,14,64
671,No,0,Great--am forwarding to Dave for his thoughts.,Great--am forwarding to Dave for his thoughts.,7,46
673,No,0,Greetings: Left you a voicemail.,Greetings: Left you a voicemail.,5,32
674,No,0,"Guys, Swank has confirmed with me that he is committed to join the mid-market group in east power and make a difference.","Guys, Swank has confirmed with me that he is committed to join the mid-market group in east power and make a difference.",22,120
675,No,0,"Guys, it will be very difficult to get money out of the power group - is the expectation that I come up with the dollars - just curious.","Guys, it will be very difficult to get money out of the power group - is the expectation that I come up with the dollars - just curious.",28,136
676,No,0,"Gwyn is coming over to join us for dinner tonight, and Kay is dropping by tomorrow -- she offered to watch Cameron if I needed to do stuff.","Gwyn is coming over to join us for dinner tonight, and Kay is dropping by tomorrow -- she offered to watch Cameron if I needed to do stuff.",28,139
677,No,0,Hadn't talked with you in a while and thought that I would send a quick note to say hello.,Hadn't talked with you in a while and thought that I would send a quick note to say hello.,19,90
678,No,0,Happy Monday,Happy Monday,2,12
680,No,0,"Haven't been able to get in, though.","Haven't been able to get in, though.",7,36
682,No,0,He also let me know that they are looking at another power plant project in the SW Power Pool and want to discuss with us.,He also let me know that they are looking at another power plant project in the SW Power Pool and want to discuss with us.,25,122
684,No,0,"He can score from the wing, but he'll end up playing more inside because of his defensive limitations as a small forward.","He can score from the wing, but he'll end up playing more inside because of his defensive limitations as a small forward.",22,121
685,No,0,"He gives them another rebounding wing and a scorer to complement Rashard Lewis, if he re-signs.","He gives them another rebounding wing and a scorer to complement Rashard Lewis, if he re-signs.",16,95
687,No,0,"He has a question that I am forwarding to you, since I don't know the answer.","He has a question that I am forwarding to you, since I don't know the answer.",16,77
688,No,0,He is going to wait it out another month to see if a new position comes available.,He is going to wait it out another month to see if a new position comes available.,17,82
689,No,0,He needs to be able to leave work at a very reasonable hour each day in order to relieve a caregiver who is with his wife while he works.,He needs to be able to leave work at a very reasonable hour each day in order to relieve a caregiver who is with his wife while he works.,29,137
690,No,0,"He said every department at the utility had spent weeks pulling together information for the creditor list, to be submitted to Bankruptcy Judge Dennis Montali by mid-May.","He said every department at the utility had spent weeks pulling together information for the creditor list, to be submitted to Bankruptcy Judge Dennis Montali by mid-May.",27,170
691,No,0,He will send you the data.,He will send you the data.,6,26
692,No,0,He works with John Thompson and Scott Josey in the upstream capital markets group (producer finance).,He works with John Thompson and Scott Josey in the upstream capital markets group (producer finance).,16,101
694,No,0,Here are several other great plans you might also want to try this week:,Here are several other great plans you might also want to try this week:,14,72
695,No,0,Here are the two addresses to add to the bid week spreadsheet distribution.,Here are the two addresses to add to the bid week spreadsheet distribution.,13,75
696,No,0,Here is how to get a hold of me next week.,Here is how to get a hold of me next week.,11,42
697,No,0,Here is the report I prepared on the methods and types of grpahs for this work request.,Here is the report I prepared on the methods and types of grpahs for this work request.,17,87
700,No,0,Here's what's trending on Twitter this week.,Here's what's trending on Twitter this week.,7,44
701,No,0,"Here, at last, is the email response to the OT questions.","Here, at last, is the email response to the OT questions.",11,57
703,No,0,Hey - I just checked my E MAils for the day.,Hey - I just checked my E MAils for the day.,11,44
704,No,0,"Hey Jeff, we are meeting tomorrow because Molly is out today.","Hey Jeff, we are meeting tomorrow because Molly is out today.",11,61
705,No,0,"Hi Cam, If you’re not ready to share everything you’re doing on Pinterest with the rest of the world, you might want to check out secret boards.","Hi Cam, If you’re not ready to share everything you’re doing on Pinterest with the rest of the world, you might want to check out secret boards.",27,144
707,No,0,Hi here's this weeks Top $NUM Tips...,Hi here's this weeks Top 5 Tips...,7,37
708,No,0,"Hmmm, sounds like the pressure's getting to Mike a bit.","Hmmm, sounds like the pressure's getting to Mike a bit.",10,55
710,No,0,Holla at me wen u ready,Holla at me wen u ready,6,23
711,No,0,Hopefully she will make both.,Hopefully she will make both.,5,29
712,No,0,Hot Right Now: Save up to $NUM% Off!,Hot Right Now: Save up to 40% Off!,8,36
713,No,0,Hotel Stays of $NUM+ Nights,Hotel Stays of 3+ Nights,5,27
714,No,0,"Houston, Texas $NUM Phone +$NUM Fax +$NUM Email $EMAIL","Houston, Texas 77079 Phone +1-281-366-4507 Fax +1-281-366-5090 Email zaiontj@bp.com",9,54
715,No,0,How Many Hours Do You Spend on the Internet?,How Many Hours Do You Spend on the Internet?,9,44
716,No,0,"How the things going for you, I am sure right now it must be a bit tense In lieu of everything that is taking place with Enron.","How the things going for you, I am sure right now it must be a bit tense In lieu of everything that is taking place with Enron.",27,127
717,No,0,How would YOU splurge with a,How would YOU splurge with a,6,28
720,No,0,"However, checking the attachment on your second e:mail message, I can not bring up the attachment.","However, checking the attachment on your second e:mail message, I can not bring up the attachment.",16,98
721,No,0,"However, given my immediate project, I don't think that I could have called until now.","However, given my immediate project, I don't think that I could have called until now.",15,86
723,No,0,"However, they did deliver gas to us at Cotton Valley.","However, they did deliver gas to us at Cotton Valley.",10,53
724,No,0,"However, until the site visits are completed, this should give you a good idea of the status of the EOTT pipeline tanks stand with respect to ai r compliance. $NUM. Tank compliance database, general.","However, until the site visits are completed, this should give you a good idea of the status of the EOTT pipeline tanks stand with respect to ai r compliance. 1. Tank compliance database, general.",34,199
726,No,0,I also don't receive statements in the mail for the account.,I also don't receive statements in the mail for the account.,11,60
727,No,0,I also learned that he meetings with ONS and ANEEL are scheduled for tomorrow.,I also learned that he meetings with ONS and ANEEL are scheduled for tomorrow.,14,78
728,No,0,I also received one voice mail from the Can Fibre guy and I have not heard from him either.,I also received one voice mail from the Can Fibre guy and I have not heard from him either.,19,91
730,No,0,I am glad that you and Kristin are getting together.,I am glad that you and Kristin are getting together.,10,52
731,No,0,I am going to Chicago tomorrow on business.,I am going to Chicago tomorrow on business.,8,43
732,No,0,"I am going to try to make it up for pig, or I should say the drinking done during PIG,,,,, I know Vogel and Besch are going too!","I am going to try to make it up for pig, or I should say the drinking done during PIG,,,,, I know Vogel and Besch are going too!",28,128
733,No,0,I am happy to ride together.,I am happy to ride together.,6,28
734,No,0,I am hearing that it may be premature to do an ISDA energy conference in Tokyo because almost all the products being discussed so far are physical.,I am hearing that it may be premature to do an ISDA energy conference in Tokyo because almost all the products being discussed so far are physical.,27,147
735,No,0,I am in Chicago today and tomorrow.,I am in Chicago today and tomorrow.,7,35
736,No,0,"I am in the London office this week, so e:mail is probably the best way to get in touch with me.","I am in the London office this week, so e:mail is probably the best way to get in touch with me.",21,96
737,No,0,I am looking forward to it.,I am looking forward to it.,6,27
738,No,0,"I am not a market maker in SWA vouchers, so you have my word that I will not sell them back.","I am not a market maker in SWA vouchers, so you have my word that I will not sell them back.",21,92
739,No,0,I am not especially surprised that you and Kristin did not get a copy of this report.,I am not especially surprised that you and Kristin did not get a copy of this report.,17,85
741,No,0,"I am not worried about the timing on that, so don't start this until you feel that it makes sense for you and your family.","I am not worried about the timing on that, so don't start this until you feel that it makes sense for you and your family.",25,122
743,No,0,I am ok with V&E representing the underwriter with the usual carve-outs..,I am ok with V&E representing the underwriter with the usual carve-outs..,12,73
744,No,0,I am really not looking forward to my vacation.,I am really not looking forward to my vacation.,9,47
745,No,0,"I am scheduled to be out on vacation next week, but I will check e:mail messages from home and will get back with you via e:mail next week to let you know final results.","I am scheduled to be out on vacation next week, but I will check e:mail messages from home and will get back with you via e:mail next week to let you know final results.",34,169
746,No,0,I am sending a second e-mail that goes with this one.,I am sending a second e-mail that goes with this one.,11,53
749,No,0,I am still trying to eliminate some pages to make it more a more manageable size.,I am still trying to eliminate some pages to make it more a more manageable size.,16,81
750,No,0,"I am trying to activate this HSC-Hehub product but keep getting an error that says ""product is not tradeable"".","I am trying to activate this HSC-Hehub product but keep getting an error that says ""product is not tradeable"".",19,110
752,No,0,I an never quite sure that I get messages that anyone calls!,I an never quite sure that I get messages that anyone calls!,12,60
753,No,0,I and the team reviewed the results with Sally Beck in early November and proposed methods to address the results of the consultants' surveys.,I and the team reviewed the results with Sally Beck in early November and proposed methods to address the results of the consultants' surveys.,24,142
754,No,0,I assume he'll be sending it out tomorrow.,I assume he'll be sending it out tomorrow.,8,42
755,No,0,I assume this will be covered in Canada's budget.,I assume this will be covered in Canada's budget.,9,49
756,No,0,"I assumed that Marty or Dan had spoken to you as we discussed this initial change; however, I take full responsibility.","I assumed that Marty or Dan had spoken to you as we discussed this initial change; however, I take full responsibility.",21,119
757,No,0,I believe God gave me this POWERFUL $NUM PROPHETIC PROMISE especially for you – for this season in your life!,I believe God gave me this POWERFUL 2014 PROPHETIC PROMISE especially for you – for this season in your life!,20,109
760,No,0,I called home last night and told Amanda about our discussion on a day in Paris.,I called home last night and told Amanda about our discussion on a day in Paris.,16,80
761,No,0,I can have it sent via intercompany mail.,I can have it sent via intercompany mail.,8,41
762,No,0,I can make other days work as well.,I can make other days work as well.,8,35
764,No,0,I can send you a note then if there are any other comments that I have.,I can send you a note then if there are any other comments that I have.,16,71
765,No,0,I can't get over how much he has grown since I saw him.,I can't get over how much he has grown since I saw him.,13,55
767,No,0,I can't make it for dinner - but we might be able to come for drinks afterwards.,I can't make it for dinner - but we might be able to come for drinks afterwards.,17,80
770,No,0,I did get your message and resume.,I did get your message and resume.,7,34
772,No,0,I did not get his e-mail.,I did not get his e-mail.,6,25
774,No,0,"I didn't get home until $NUM and brian was on the phone untill $NUM, so I figured you were asleep by then.","I didn't get home until 10 and brian was on the phone untill 11, so I figured you were asleep by then.",22,106
777,No,0,I do love coming here - hope to make the trip once a quarter this year.,I do love coming here - hope to make the trip once a quarter this year.,16,71
778,No,0,I do not suck at writing e-mails.,I do not suck at writing e-mails.,7,33
781,No,0,I don't get to enjoy life's pleasures.,I don't get to enjoy life's pleasures.,7,38
782,No,0,I don't have Chris' email address (I've left him a message).,I don't have Chris' email address (I've left him a message).,11,60
783,No,0,"I don't have all the details to fill in, though some of the details might be available from the PG&E/Edison websites, and Sue and Mona might have additional info.","I don't have all the details to fill in, though some of the details might be available from the PG&E/Edison websites, and Sue and Mona might have additional info.",29,162
785,No,0,I don't have the address.,I don't have the address.,5,25
786,No,0,"I don't know if this project is going to come through or not, but I'm not sure my possible client is any better versed on CPUC procedures than I am.","I don't know if this project is going to come through or not, but I'm not sure my possible client is any better versed on CPUC procedures than I am.",30,148
787,No,0,"I don't know that the VP portion of the PRC will be completed on Monday, or that the results would be available to me on Tuesday even if the process is completed on Monday.","I don't know that the VP portion of the PRC will be completed on Monday, or that the results would be available to me on Tuesday even if the process is completed on Monday.",34,172
790,No,0,I don't think that HR gets involved in this process.,I don't think that HR gets involved in this process.,10,52
792,No,0,I entered ($$NUM) x 12dt which should give them a credit on the invoice.,I entered ($4.9951) x 12dt which should give them a credit on the invoice.,14,72
793,No,0,"I feel so fortunate to have this opportunity to work with you, and I send you my warmest wishes for a wonderful birthday.","I feel so fortunate to have this opportunity to work with you, and I send you my warmest wishes for a wonderful birthday.",23,121
797,No,0,I go to an orthopedic surgeon tomorrow.,I go to an orthopedic surgeon tomorrow.,7,39
798,No,0,I got you address from an e-mail from Meg and thought I would say hi.,I got you address from an e-mail from Meg and thought I would say hi.,15,69
799,No,0,I got your voice mail message and I understand your concerns around Todd's time.,I got your voice mail message and I understand your concerns around Todd's time.,14,80
800,No,0,"I greatly admire Rich Gilbert, but his comments (re: regulatory intervention is a good thing, and now this one) will surely create considerably controversy and could greatly upset the apple cart altogether.","I greatly admire Rich Gilbert, but his comments (re: regulatory intervention is a good thing, and now this one) will surely create considerably controversy and could greatly upset the apple cart altogether.",32,206
801,No,0,"I guess that the one caveat that I would put out, is to wait and see if there are other names brought forth from other parts of the organization that would make it seem that Kristin should be in that pack.","I guess that the one caveat that I would put out, is to wait and see if there are other names brought forth from other parts of the organization that would make it seem that Kristin should be in that pack.",41,205
802,No,0,"I had a really big lunch, even cake, so now eating out of the fridge (if at all) sounds ok.","I had a really big lunch, even cake, so now eating out of the fridge (if at all) sounds ok.",20,91
807,No,0,I hate getting old.,I hate getting old.,4,19
808,No,0,I have Steve and Lisa on the internet at this web address,I have Steve and Lisa on the internet at this web address,12,57
809,No,0,I have a meeting on the analyst and associates program from $NUM:$NUM to $NUM:$NUM tomorrow.,I have a meeting on the analyst and associates program from 9:00 to 10:00 tomorrow.,15,92
810,No,0,"I have a vague recollection about a group of employees going to Dynegy, and we had to send a demand letter to prohibit the improper use of Enron information.","I have a vague recollection about a group of employees going to Dynegy, and we had to send a demand letter to prohibit the improper use of Enron information.",29,157
811,No,0,I have a very special gift for you today.,I have a very special gift for you today.,9,41
813,No,0,I have an extra ticket to the game tomorrow.,I have an extra ticket to the game tomorrow.,9,44
814,No,0,"I have an idea, like everyone else in the world, for an internet start up and want to pick your brain about the process of doing a business plan, getting VC $'s and such.","I have an idea, like everyone else in the world, for an internet start up and want to pick your brain about the process of doing a business plan, getting VC $'s and such.",34,170
816,No,0,I have attached my resume below and look forward an opportunity to hear more the about internships at Parakweet.,I have attached my resume below and look forward an opportunity to hear more the about internships at Parakweet.,19,112
817,No,0,I have been on jury duty since Tuesday this week - I had Patti call Chris today and let him know that I would get back with him next week.,I have been on jury duty since Tuesday this week - I had Patti call Chris today and let him know that I would get back with him next week.,30,138
818,No,0,"I have been out of town the last several business days, so I am just now catching up on e:mails.","I have been out of town the last several business days, so I am just now catching up on e:mails.",20,96
819,No,0,I have but one life to give for my industry....,I have but one life to give for my industry....,10,47
820,No,0,I have conversed by e:mail since I did not have home numbers.,I have conversed by e:mail since I did not have home numbers.,12,61
823,No,0,I have not prepared one and am not aware of one in place -- that is why I prefaced my comments with that.,I have not prepared one and am not aware of one in place -- that is why I prefaced my comments with that.,23,105
824,No,0,"I have phone numbers, addresses and e:mail addresses for all three, and I will provide you with those as soon as the official notification from the University takes place.","I have phone numbers, addresses and e:mail addresses for all three, and I will provide you with those as soon as the official notification from the University takes place.",29,171
825,No,0,I have proposed we change our procedure here and we are discussing the proposed changes.,I have proposed we change our procedure here and we are discussing the proposed changes.,15,88
827,No,0,I have received your e-mail.,I have received your e-mail.,5,28
828,No,0,I have some exciting news for you this morning.,I have some exciting news for you this morning.,9,47
829,No,0,I have something absolutely amazing for you today.,I have something absolutely amazing for you today.,8,50
830,No,0,I have tried getting to you a couple times with no success...,I have tried getting to you a couple times with no success...,12,61
832,No,0,I haven't had a chance to send it yet.,I haven't had a chance to send it yet.,9,38
833,No,0,I haven't received Jeff's powerpoint e-mail...,I haven't received Jeff's powerpoint e-mail...,6,46
834,No,0,I hope I can get to this today.,I hope I can get to this today.,8,31
836,No,0,"I just composed a somewhat lengthy e:mail about the anniversary trip, and then closed out Lotus Notes and checked discard changes.","I just composed a somewhat lengthy e:mail about the anniversary trip, and then closed out Lotus Notes and checked discard changes.",21,130
837,No,0,I just sent you and email.,I just sent you and email.,6,26
838,No,0,I just want to double check that it is being represented properly in our currency positions.,I just want to double check that it is being represented properly in our currency positions.,16,92
839,No,0,"I just want to remind you of how much I value our relationship and tell you that I believe by working together, using all the tools at our disposal we can improve, enrich and enhance every aspect of your life.","I just want to remind you of how much I value our relationship and tell you that I believe by working together, using all the tools at our disposal we can improve, enrich and enhance every aspect of your life.",40,209
841,No,0,"I know I have asked you before, but I seem to have accidentally deleted your dad and sister's email addresses.","I know I have asked you before, but I seem to have accidentally deleted your dad and sister's email addresses.",20,110
842,No,0,I know I wouldn't be getting OU tix at all if it wasn't for my contribution to the Foundation.,I know I wouldn't be getting OU tix at all if it wasn't for my contribution to the Foundation.,19,94
843,No,0,I know that you guys have been quite busy with your planning process but it has been very difficult to get the required information or time from the resources that are committed to the project.,I know that you guys have been quite busy with your planning process but it has been very difficult to get the required information or time from the resources that are committed to the project.,35,193
844,No,0,I learned about your need for a marketing intern on Craigslist and I believe that my education and professional experience make me an attractive candidate for this position.,I learned about your need for a marketing intern on Craigslist and I believe that my education and professional experience make me an attractive candidate for this position.,28,173
845,No,0,I leave it to Bruce to see if it makes sense to shorten the list further.,I leave it to Bruce to see if it makes sense to shorten the list further.,16,73
846,No,0,I left you a return voice mail regarding Scott.,I left you a return voice mail regarding Scott.,9,47
847,No,0,I look forward to being with you all again very soon!,I look forward to being with you all again very soon!,11,53
848,No,0,I look forward to continuing to work with you and the staff in London on risk management operations initiatives.,I look forward to continuing to work with you and the staff in London on risk management operations initiatives.,19,112
849,No,0,I look forward to finding a solution to this current impasse.,I look forward to finding a solution to this current impasse.,11,61
850,No,0,I look forward to having you back on $NUM; I'm moving there as soon as they get my phone/computer set up -- I'll spend half days there.,I look forward to having you back on 36; I'm moving there as soon as they get my phone/computer set up -- I'll spend half days there.,27,135
851,No,0,I look forward to hearing from you in the near future.,I look forward to hearing from you in the near future.,11,54
852,No,0,I look forward to meeting you!,I look forward to meeting you!,6,30
853,No,0,I look forward to meeting you.,I look forward to meeting you.,6,30
855,No,0,I look forward to seeing you in Dallas.,I look forward to seeing you in Dallas.,8,39
858,No,0,I look forward to working with you in the near future and answering any questions you might have.,I look forward to working with you in the near future and answering any questions you might have.,18,97
859,No,0,"I might be able to get to it tomorrow if its a slow bid week, if not, then by Wed of next week.","I might be able to get to it tomorrow if its a slow bid week, if not, then by Wed of next week.",23,95
861,No,0,"I noticed that a meeting is scheduled for Nov. $NUM, but an agenda was not available on the Web site.","I noticed that a meeting is scheduled for Nov. 29, but an agenda was not available on the Web site.",20,101
864,No,0,I read John's message to you and agree with him that we should develop a formal plan to address how we will generate public support and address any future environmental concerns before they jump up and bite us.,I read John's message to you and agree with him that we should develop a formal plan to address how we will generate public support and address any future environmental concerns before they jump up and bite us.,38,210
866,No,0,I received some info today in the mail regarding a new master of science program in quantitative financial economics.,I received some info today in the mail regarding a new master of science program in quantitative financial economics.,19,117
867,No,0,"I selected the late time on the email, but wanted to respond to make sure you received it.","I selected the late time on the email, but wanted to respond to make sure you received it.",18,90
868,No,0,I sent Mo an e:mail message about your stay in Houston in hopes that she may need to be in Houston at that time.,I sent Mo an e:mail message about your stay in Houston in hopes that she may need to be in Houston at that time.,24,112
869,No,0,"I sent an e:mail message yesterday saying that I could make dinner in Austin on Wednesday, October $NUM.","I sent an e:mail message yesterday saying that I could make dinner in Austin on Wednesday, October 25.",18,104
872,No,0,"I should be available most of the day, so let's see how things go.","I should be available most of the day, so let's see how things go.",14,66
873,No,0,I should probably send that to them.,I should probably send that to them.,7,36
874,No,0,I sold $NUM to CES at the Allied meter for tomorrow - deal $NUM.,I sold 7000 to CES at the Allied meter for tomorrow - deal 169576.,14,64
875,No,0,I start my 1st therapy session tomorrow.,I start my 1st therapy session tomorrow.,7,40
876,No,0,"I studied and lived in Paris , France last year at a Business school, so not only did it allow me to travel throughout Europe, but I gained valuable knowledge about how companies on the other side of the world conduct business and market certain products in their industry.","I studied and lived in Paris , France last year at a Business school, so not only did it allow me to travel throughout Europe, but I gained valuable knowledge about how companies on the other side of the world conduct business and market certain products in their industry.",49,273
877,No,0,"I talked to Brian Frihart on Friday and purchased $NUM fixed forward contracts ($NUM per day for May, $NUM per day for June and $NUM per day for July) at $$NUM.","I talked to Brian Frihart on Friday and purchased 3 fixed forward contracts (1000 per day for May, 1000 per day for June and 1000 per day for July) at $2.895.",31,160
879,No,0,I think I left my email open at home which means I can't download it on Omnisky or Yahoo.,I think I left my email open at home which means I can't download it on Omnisky or Yahoo.,19,89
880,No,0,I think it makes more sense there.,I think it makes more sense there.,7,34
881,No,0,I think it makes sense to take out the reference to $NUM%.,I think it makes sense to take out the reference to 15%.,12,58
882,No,0,I think it will be helpful to channel the discussion.,I think it will be helpful to channel the discussion.,10,53
884,No,0,I think that I received an email from someone with the report attached.,I think that I received an email from someone with the report attached.,13,71
885,No,0,I think the legal team you have made available to us is very impressive.,I think the legal team you have made available to us is very impressive.,14,72
886,No,0,I think this internship would be a great opportunity for me to explore the publishing world as a real-world extension of my academic study of literature.,I think this internship would be a great opportunity for me to explore the publishing world as a real-world extension of my academic study of literature.,26,153
888,No,0,I think this is an area that ISDA could provide leadership and possibly make money through a protocol.,I think this is an area that ISDA could provide leadership and possibly make money through a protocol.,18,102
889,No,0,I think you have to feel pretty good about the LM position first.,I think you have to feel pretty good about the LM position first.,13,65
890,No,0,I think you need to add another $NUM to your buy/sale activity.,"I think you need to add another 10,000 to your buy/sale activity.",12,63
892,No,0,I think your collective e-mails constitute the legal risk memo.,I think your collective e-mails constitute the legal risk memo.,10,63
893,No,0,I thought that I would give ENA a first look at this candidate.,I thought that I would give ENA a first look at this candidate.,13,63
895,No,0,"I told Dawn already, but my brother is getting married on the 16th.","I told Dawn already, but my brother is getting married on the 16th.",13,67
896,No,0,"I understand that there may be a need to give no quarter on this, but given the circumstances--i.e., we talk every day and time and resources are extremely tight--is it reasonable to temporarily suspend filling this thing out for the next $NUM days?","I understand that there may be a need to give no quarter on this, but given the circumstances--i.e., we talk every day and time and resources are extremely tight--is it reasonable to temporarily suspend filling this thing out for the next 60-90 days?",43,249
898,No,0,I want to book them as soon as possible.,I want to book them as soon as possible.,9,40
901,No,0,I want to share this great coupon with you:,I want to share this great coupon with you:,9,43
902,No,0,I wanted to make sure that I had the right email address.,I wanted to make sure that I had the right email address.,12,57
905,No,0,"I was out of town last week doing some recruiting, so I am just reading your e:mail today.","I was out of town last week doing some recruiting, so I am just reading your e:mail today.",18,90
907,No,0,"I was really wanting to go, but can't make it.","I was really wanting to go, but can't make it.",10,46
908,No,0,I will also look into other possible dates and get availability and prices on tickets just in case.,I will also look into other possible dates and get availability and prices on tickets just in case.,18,99
909,No,0,"I will be checking to make sure you pass the ""goodies"" on.","I will be checking to make sure you pass the ""goodies"" on.",12,58
910,No,0,I will be getting with Brian Bloom this week with our comments to the plan document.,I will be getting with Brian Bloom this week with our comments to the plan document.,16,84
914,No,0,I will be out this afternnon and tomorrow.,I will be out this afternnon and tomorrow.,8,42
915,No,0,I will check with Mark and Trisha.,I will check with Mark and Trisha.,7,34
916,No,0,I will check with my assistant to make sure I can do it.,I will check with my assistant to make sure I can do it.,13,56
917,No,0,I will check.,I will check.,3,13
918,No,0,I will deliver the card in person in about $NUM days.,I will deliver the card in person in about 10 days.,11,53
919,No,0,I will forward to you in a separate email letters that we sent to Burton expressing our opposition to his bills and the reasons for our opposition.,I will forward to you in a separate email letters that we sent to Burton expressing our opposition to his bills and the reasons for our opposition.,27,147
920,No,0,I will get Gary to look into the Williams deal.,I will get Gary to look into the Williams deal.,10,47
921,No,0,I will get a conference room and lunch set up.,I will get a conference room and lunch set up.,10,46
922,No,0,I will get an update from Shona.,I will get an update from Shona.,7,32
923,No,0,"I will get back with you after I have talked with Scott, or I may have him leave you a message.","I will get back with you after I have talked with Scott, or I may have him leave you a message.",21,95
924,No,0,I will get the dues to you sometime this week.,I will get the dues to you sometime this week.,10,46
925,No,0,I will make sure that you are included in any subsequent meetings.,I will make sure that you are included in any subsequent meetings.,12,66
926,No,0,"I will make these phone calls myself, and will naturally treat all phone numbers that I have been given as confidential.","I will make these phone calls myself, and will naturally treat all phone numbers that I have been given as confidential.",21,120
928,No,0,I will send it to NUI when I hear from you.,I will send it to NUI when I hear from you.,11,43
930,No,0,I wish I could write such sweet words.,I wish I could write such sweet words.,8,38
932,No,0,"I would be very concerned, though, given the current environment about having us listed as a sponsor.","I would be very concerned, though, given the current environment about having us listed as a sponsor.",17,101
933,No,0,"I would bet that our investor relations either have it, or can get from one of their analyst buddies.","I would bet that our investor relations either have it, or can get from one of their analyst buddies.",19,101
934,No,0,I would envision getting up to speed on business opportunities in Ontario and addressing the questions you raised.,I would envision getting up to speed on business opportunities in Ontario and addressing the questions you raised.,18,114
935,No,0,I would like for him to be on the list for this meeting as well.,I would like for him to be on the list for this meeting as well.,15,64
936,No,0,I would like to deliver as much of Midcon's gas as possible to Mobil ($NUM) for February.,"I would like to deliver as much of Midcon's gas as possible to Mobil (25,000-30,000) for February.",17,89
937,No,0,I would like to make monthly purchases (with the net amount transferred) of the existing mutual funds in each of the three accounts.,I would like to make monthly purchases (with the net amount transferred) of the existing mutual funds in each of the three accounts.,23,132
939,No,0,I would like to share this app with you:,I would like to share this app with you:,9,40
940,No,0,I would like to visit there next week.,I would like to visit there next week.,8,38
941,No,0,I would love to share it with you: $LINK,I would love to share it with you: $LINK,9,40
943,No,0,I'd like to bring that down and get you started with my best flavors of weed.,I'd like to bring that down and get you started with my best flavors of weed.,16,77
944,No,0,I'd like to share a Moxtra Binder with you: $LINK,I'd like to share a Moxtra Binder with you: $LINK,10,49
946,No,0,I'd like to share some great news with you - we have reached the milestone where we add new magazine application to the App Store every day!,I'd like to share some great news with you - we have reached the milestone where we add new magazine application to the App Store every day!,27,140
947,No,0,I'd like to share this Cliqz group with you: @kmlemanski,I'd like to share this Cliqz group with you: @kmlemanski,10,56
948,No,0,I'd like to thank you for your interest in me.,I'd like to thank you for your interest in me.,10,46
949,No,0,I'll be sending out an email on this in the next couple of hours.,I'll be sending out an email on this in the next couple of hours.,14,65
950,No,0,I'll defer to your more expert addressees on this one.,I'll defer to your more expert addressees on this one.,10,54
953,No,0,I'll forward to you for slashing.,I'll forward to you for slashing.,6,33
954,No,0,I'll get to the office around $NUM.,I'll get to the office around 130-200.,7,35
956,No,0,I'll keep thinking about and send another dispatch later today or first thing tomorrow morning.,I'll keep thinking about and send another dispatch later today or first thing tomorrow morning.,15,95
958,No,0,I'll make it explicit.,I'll make it explicit.,4,22
959,No,0,I'll review it and get back with Dawn.,I'll review it and get back with Dawn.,8,38
962,No,0,"I'll share a simple technique I use to move past bad experiences, and how I learn from them.","I'll share a simple technique I use to move past bad experiences, and how I learn from them.",18,92
963,No,0,I'll try to write a note discussing our conversation on Friday by end of day.,I'll try to write a note discussing our conversation on Friday by end of day.,15,77
964,No,0,I'm actually in Vancouver today (Monday) and tomorrow.,I'm actually in Vancouver today (Monday) and tomorrow.,8,54
965,No,0,I'm also starting to think as the LM position starts to get better managed that maybe you and Chris should take the D5's and 7EA's onto your book.,I'm also starting to think as the LM position starts to get better managed that maybe you and Chris should take the D5's and 7EA's onto your book.,28,146
966,No,0,I'm assuming that this note is no longer valid and that you're not trying to set something up for $NUM PM tomorrow (Wednesday)?,I'm assuming that this note is no longer valid and that you're not trying to set something up for 2 PM tomorrow (Wednesday)?,23,127
967,No,0,I'm back from lunch and an email and I want it now!,I'm back from lunch and an email and I want it now!,12,51
968,No,0,I'm getting convinced that the Kern neg.,I'm getting convinced that the Kern neg.,7,40
969,No,0,"I'm here to help you have a wonderful experience with Linea, so if you have suggestions, questions, or problems, please email me directly.","I'm here to help you have a wonderful experience with Linea, so if you have suggestions, questions, or problems, please email me directly.",23,138
970,No,0,I'm here to help.,I'm here to help.,4,17
971,No,0,I'm in Chicago right now.,I'm in Chicago right now.,5,25
973,No,0,I'm not getting it.,I'm not getting it.,4,19
974,No,0,"I'm not sure Felipe understands that he needs to finalize the model with me first before he sends around a ""lender package"" for the senior guys to review.","I'm not sure Felipe understands that he needs to finalize the model with me first before he sends around a ""lender package"" for the senior guys to review.",28,154
976,No,0,"I'm on vacation myself right now, in Mpls, for my Dad's 70th birthday.","I'm on vacation myself right now, in Mpls, for my Dad's 70th birthday.",13,70
977,No,0,I'm still in San Diego and it looks like I'm going to need Monday to drive up to the bay area.,I'm still in San Diego and it looks like I'm going to need Monday to drive up to the bay area.,21,94
978,No,0,"I'm thinking that Sean ain't even a big food person, that he's not working, that Molly to bring down a king's ransom in her biz, and Tom and Karen are, after all, vegetarians.","I'm thinking that Sean ain't even a big food person, that he's not working, that Molly to bring down a king's ransom in her biz, and Tom and Karen are, after all, vegetarians.",33,175
979,No,0,I'm truly sorry for the inconvenience this may cause.,I'm truly sorry for the inconvenience this may cause.,9,53
980,No,0,I'm using the Placeme app to automatically remember and share my favorite places.,I'm using the Placeme app to automatically remember and share my favorite places.,13,81
982,No,0,I've also attached three articles from the business section of today's Chronicle that arguably bolst er our arguments for adopting the approach that we discussed at today's meetin g.,I've also attached three articles from the business section of today's Chronicle that arguably bolst er our arguments for adopting the approach that we discussed at today's meetin g.,29,182
984,No,0,I've been here since $NUM:30am but my computer was very slow booting up and after it came on I couldn't get a connection to lotus notes.,I've been here since 8:30am but my computer was very slow booting up and after it came on I couldn't get a connection to lotus notes.,26,136
985,No,0,"I've been thinking, and I know you feel like I make all of the decisions around our house when it comes to $.","I've been thinking, and I know you feel like I make all of the decisions around our house when it comes to $.",23,109
986,No,0,"I've got $NUM on my list of admitees to call and I'm getting the ""not a valid number"" recording.","I've got 408.390.5291 on my list of admitees to call and I'm getting the ""not a valid number"" recording.",19,96
987,No,0,"I've heard two marketers say that there will be no ""exit fees"" -- i.e., no responsibility for utility debt or past or forward DWR costs.","I've heard two marketers say that there will be no ""exit fees"" -- i.e., no responsibility for utility debt or past or forward DWR costs.",25,136
988,No,0,I've just found a new way to meet people online: Twoo.com.,I've just found a new way to meet people online: Twoo.com.,11,58
989,No,0,I've known Richard $NUM years from our fraternity days together.,I've known Richard 9 years from our fraternity days together.,10,64
990,No,0,"IF Mary agrees, they will prepare and addendum to the original agreement.","IF Mary agrees, they will prepare and addendum to the original agreement.",12,73
992,No,0,IMPLICATION--It seems prudent for Enron to understand better its risks of getting fingered.,IMPLICATION--It seems prudent for Enron to understand better its risks of getting fingered.,13,91
993,No,0,IT contract; Received gas at the wellhead and redelivered to the pooling points on Transco .$NUM,IT contract; Received gas at the wellhead and redelivered to the pooling points on Transco .3051,16,96
997,No,0,"If he can get something the DOE thinks is a good price, they m ay just sell all the surplus power forward.","If he can get something the DOE thinks is a good price, they m ay just sell all the surplus power forward.",22,106
998,No,0,If it will expedite things and Ben will accept my signatrure then I can sign.,If it will expedite things and Ben will accept my signatrure then I can sign.,15,77
999,No,0,"If not, then this is starting to get a little old.","If not, then this is starting to get a little old.",11,50
1000,No,0,"If possible, I would like to use these two names:","If possible, I would like to use these two names:",10,49
1001,No,0,"If she chooses not to forward Mary's line to hers, she will create a new message on Mary's line that can direct callers to Vanessa.","If she chooses not to forward Mary's line to hers, she will create a new message on Mary's line that can direct callers to Vanessa.",25,131
1002,No,0,"If so, I think they actually get a $NUM% tax break on the $NUM million and change that they lose using a cash basis.","If so, I think they actually get a 46% tax break on the 1 million and change that they lose using a cash basis.",24,116
1004,No,0,"If that doesn't work, we will simply do one-on-ones over the next ten days to get everyone.","If that doesn't work, we will simply do one-on-ones over the next ten days to get everyone.",17,91
1005,No,0,"If the forecast was too low, and there's an undercollection, the utility will increase January's price forecast by ""just enough"" to make up for the December undercollection.","If the forecast was too low, and there's an undercollection, the utility will increase January's price forecast by ""just enough"" to make up for the December undercollection.",27,173
1006,No,0,"If there is no master firm agreement, we send out our General Terms and Conditions with our confirmation.","If there is no master firm agreement, we send out our General Terms and Conditions with our confirmation.",18,105
1007,No,0,If this gets to you w/b.,If this gets to you w/b.,6,24
1008,No,0,"If we do, I would like to link it to the basis plus nymex, or to the fixed price gas daily (fixed price gas daily will be rolled out during bidweek this month because of our risk in gd basis going forward).","If we do, I would like to link it to the basis plus nymex, or to the fixed price gas daily (fixed price gas daily will be rolled out during bidweek this month because of our risk in gd basis going forward).",42,206
1009,No,0,"If you add participants, the list of suggestions will update as well.","If you add participants, the list of suggestions will update as well.",12,69
1010,No,0,"If you allow us, we'll let kmlemanski know your username.","If you allow us, we'll let kmlemanski know your username.",10,57
1011,No,0,If you also want to realize these information about you own.,If you also want to realize these information about you own.,11,60
1014,No,0,"If you are not the named addressee you should not disseminate, distribute or copy this e-mail.","If you are not the named addressee you should not disseminate, distribute or copy this e-mail.",16,94
1015,No,0,"If you are still looking for health insurance and want to compare plans, simply click the link below:","If you are still looking for health insurance and want to compare plans, simply click the link below:",18,101
1018,No,0,If you click will provide you with a bit more info...,If you click will provide you with a bit more info...,11,53
1019,No,0,"If you continue to receive emails after this period, please click below to contact Consumer Services:","If you continue to receive emails after this period, please click below to contact Consumer Services:",16,101
1022,No,0,"If you do not want to receive this email from MeetMe, you can change your settings by visiting the URL below.","If you do not want to receive this email from MeetMe, you can change your settings by visiting the URL below.",21,109
1024,No,0,"If you don't want any more messages from us, we'd be happy to remove you from all email communication from GoHealthInsurance.","If you don't want any more messages from us, we'd be happy to remove you from all email communication from GoHealthInsurance.",21,125
1026,No,0,"If you don't want any more messages from us, we'd be happy to remove you from all email communication from IndividualHealthQuotes. Please visit your","If you don't want any more messages from us, we'd be happy to remove you from all email communication from IndividualHealthQuotes. Please visit your",24,148
1027,No,0,"If you don't want to receive these emails from Everpix in the future, you can safely unsubscribe: $LINK","If you don't want to receive these emails from Everpix in the future, you can safely unsubscribe: $LINK",18,103
1030,No,0,"If you don't want to receive this newsletter anymore, you can unsubscribe from:","If you don't want to receive this newsletter anymore, you can unsubscribe from:",13,79
1031,No,0,"If you don’t want to get an email every time someone starts following you, you can unsubscribe by clicking here: $LINK","If you don’t want to get an email every time someone starts following you, you can unsubscribe by clicking here: $LINK",21,118
1032,No,0,"If you don’t, we can’t deposit any more commissions into your bank!","If you don’t, we can’t deposit any more commissions into your bank!",12,67
1033,No,0,"If you enter our Sweepstakes, your entry will have the same chance to win as every other entry.","If you enter our Sweepstakes, your entry will have the same chance to win as every other entry.",18,95
1034,No,0,If you feel the same way please take a moment to check out $LINK,If you feel the same way please take a moment to check out $LINK,14,64
1035,No,0,If you get this w/b.,If you get this w/b.,5,20
1036,No,0,"If you have any other questions, please visit our Help Center.","If you have any other questions, please visit our Help Center.",11,62
1039,No,0,"If you have any questions about the password reset process, please visit our Help Center.","If you have any questions about the password reset process, please visit our Help Center.",15,89
1040,No,0,"If you have any questions about these updates, you can read more on our blog or email us at $EMAIL.","If you have any questions about these updates, you can read more on our blog or email us at tos-questions@dropbox.com.",20,99
1041,No,0,If you have any questions in regards to this correspondence or wish to no longer receive such correspondence from First Choice Capital Resources please write to:,If you have any questions in regards to this correspondence or wish to no longer receive such correspondence from First Choice Capital Resources please write to:,26,161
1042,No,0,"If you have any questions or comments, write back to this email or reach us at $EMAIL.","If you have any questions or comments, write back to this email or reach us at contact@kicksend.com.",17,86
1043,No,0,If you have any questions or concerns - please contact us!,If you have any questions or concerns - please contact us!,11,58
1045,No,0,"If you have any questions or concerns, please visit our","If you have any questions or concerns, please visit our",10,55
1047,No,0,If you have any questions or need any assistance at implementing any of the tools please feel free to contact us in Customer Support at,If you have any questions or need any assistance at implementing any of the tools please feel free to contact us in Customer Support at,25,135
1048,No,0,"If you have any questions or need further assistance, please contact us.","If you have any questions or need further assistance, please contact us.",12,72
1050,No,0,If you have any questions please reply to this receipt with any questions to contact a Wireless Billing Bill Payment Agent.,If you have any questions please reply to this receipt with any questions to contact a Wireless Billing Bill Payment Agent.,21,123
1052,No,0,"If you have any questions regarding this, feel free to contact us.","If you have any questions regarding this, feel free to contact us.",12,66
1053,No,0,"If you have any questions regarding your job posting, please feel free to contact the CDC at $EMAIL.","If you have any questions regarding your job posting, please feel free to contact the CDC at employers@mailman.stanford.edu.",18,100
1054,No,0,"If you have any questions, comments or concerns, please refer them to:","If you have any questions, comments or concerns, please refer them to:",12,70
1055,No,0,"If you have any questions, feel free to email our support department at $EMAIL","If you have any questions, feel free to email our support department at support@AdvancedPCTweaker.com",14,78
1057,No,0,"If you have any questions, please contact the list owner.","If you have any questions, please contact the list owner.",10,57
1058,No,0,"If you have any questions, please contact us.","If you have any questions, please contact us.",8,45
1060,No,0,"If you have any questions, we'd love to hear from you, $EMAIL.","If you have any questions, we'd love to hear from you, hello@rocketr.com.",12,62
1062,No,0,"If you have questions or suggestions, please email us at $EMAIL or mail to us at:","If you have questions or suggestions, please email us at comments@moshimonsters.com or mail to us at:",16,81
1063,No,0,"If you have questions, please call us at $NUM.","If you have questions, please call us at 1-800-548-9554.",9,46
1065,No,0,"If you have received this message in error and/or you would like to be removed from our email list, please visit: $LINK Please do not reply to this email.","If you have received this message in error and/or you would like to be removed from our email list, please visit: $LINK Please do not reply to this email.",29,154
1066,No,0,If you like Revel and want to subscribe:,If you like Revel and want to subscribe:,8,40
1067,No,0,If you like to unsubscribe and stop receiving these emails click here: $LINK,If you like to unsubscribe and stop receiving these emails click here: $LINK,13,76
1068,No,0,"If you login our game from January $NUM, $NUM to January $NUM, $NUM, you will get extra $NUM AUTOSPINS!!! Hurry up & grab it!","If you login our game from January 16, 2013 to January 18, 2013, you will get extra 50 AUTOSPINS!!! Hurry up & grab it!",24,125
1069,No,0,"If you love the peace of mind of Lookout Premium, you can upgrade to keep Premium - $LINK","If you love the peace of mind of Lookout Premium, you can upgrade to keep Premium - $LINK",18,89
1070,No,0,"If you miss this deadline, we don't know when you'll be able to get access in the future.","If you miss this deadline, we don't know when you'll be able to get access in the future.",18,89
1072,No,0,"If you need some more invites for colleagues or friends, don ́t hesitate to drop us line.","If you need some more invites for colleagues or friends, don´t hesitate to drop us line.",17,89
1073,No,0,"If you need to contact us, please do not respond to this email.","If you need to contact us, please do not respond to this email.",13,63
1075,No,0,"If you no longer want to receive these emails, You can unsub","If you no longer want to receive these emails, You can unsub",12,60
1077,No,0,"If you no longer want us to contact you, please click below to be removed from our mailing list.","If you no longer want us to contact you, please click below to be removed from our mailing list.",19,96
1078,No,0,"If you no longer want us to contact you, please click the link below to be removed from our mailing list.","If you no longer want us to contact you, please click the link below to be removed from our mailing list.",21,105
1080,No,0,"If you no longer wish to receive marketing newsletters, you can unsubscribe here.","If you no longer wish to receive marketing newsletters, you can unsubscribe here.",13,81
1081,No,0,"If you prefer not to receive additional messages from this sender, please click on the following link to submit your request $LINK","If you prefer not to receive additional messages from this sender, please click on the following link to submit your request $LINK",22,130
1083,No,0,"If you prefer not to receive email from us, you can always unsubscribe with one click.","If you prefer not to receive email from us, you can always unsubscribe with one click.",16,86
1084,No,0,"If you prefer not to receive future e-mails of this type, please copy to your browser or press on this link","If you prefer not to receive future e-mails of this type, please copy to your browser or press on this link",21,107
1085,No,0,"If you prefer not to receive these tips from Dropbox, please go to $LINK","If you prefer not to receive these tips from Dropbox, please go to $LINK",14,72
1088,No,0,If you received this in error or no longer wish to subscribe forward this email to $EMAIL,If you received this in error or no longer wish to subscribe forward this email to web@enerfax.com,17,89
1089,No,0,"If you should have any questions, please call T Jae Black at $NUM.","If you should have any questions, please call T Jae Black at 3-5800.",13,66
1090,No,0,"If you start to look at many successful folks, you will notice a number of things that they have in common...as well as a number of things that they all avoid doing.","If you start to look at many successful folks, you will notice a number of things that they have in common…as well as a number of things that they all avoid doing.",32,165
1091,No,0,"If you turn the setting off, you may not be able to use certain features until you re-enable it.","If you turn the setting off, you may not be able to use certain features until you re-enable it.",19,96
1094,No,0,"If you want to earn $$NUM, $$NUM or even up to $$NUM a day, and you don't mind writing some short opinions up, this is the perfect opportunity for you!","If you want to earn $100, $200 or even up to $500 a day, and you don't mind writing some short opinions up, this is the perfect opportunity for you!",30,151
1096,No,0,"If you want to learn more about your data on Google and across the web, including tips and advice for staying safe online, check out $LINK","If you want to learn more about your data on Google and across the web, including tips and advice for staying safe online, check out $LINK",26,138
1097,No,0,If you want to restore backup contacts :,If you want to restore backup contacts :,8,40
1098,No,0,"If you want to see what the REAL Internet lifestyle is all about, check out this video today...","If you want to see what the REAL Internet lifestyle is all about, check out this video today…",18,95
1100,No,0,If you want to take advantage of our revolutionary new Artificial Intelligence software - code named Robot Author...,If you want to take advantage of our revolutionary new Artificial Intelligence software - code named Robot Author...,18,116
1101,No,0,"If you wish to cancel your subscription, please call the phone number below before your trial membership expires and your card will not be charged.","If you wish to cancel your subscription, please call the phone number below before your trial membership expires and your card will not be charged.",25,147
1102,No,0,If you wish to unsubscribe please go here $LINK,If you wish to unsubscribe please go here $LINK,9,47
1105,No,0,"If you would like to no longer receive these messages, please visit here and opt out:","If you would like to no longer receive these messages, please visit here and opt out:",16,85
1106,No,0,If you would like to remove yourself from the Blueberry Giant list click here:,If you would like to remove yourself from the Blueberry Giant list click here:,14,78
1107,No,0,If you would like to remove yourself from this list click here:,If you would like to remove yourself from this list click here:,12,63
1108,No,0,"If you would like to stop receiving emails from Life Reimagined, then please $LINK click here to unsubscribe.","If you would like to stop receiving emails from Life Reimagined, then please $LINK click here to unsubscribe.",18,109
1110,No,0,"If you would like to update your email preferences, $LINK please click here .","If you would like to update your email preferences, $LINK please click here .",14,77
1112,No,0,"If you would no longer like to receive messages from us, please click the link.","If you would no longer like to receive messages from us, please click the link.",15,79
1113,No,0,"If you would no longer like to receive such offers, please click on the link and and we will remove you:","If you would no longer like to receive such offers, please click on the link and and we will remove you:",21,104
1114,No,0,"If you would not like to receive any more deals from this advertiser, please remove yourself here $LINK or send postal mail to Feedback, $NUM West 22nd Street, Suite $NUM, NY, NY $NUM.","If you would not like to receive any more deals from this advertiser, please remove yourself here $LINK or send postal mail to Feedback, 20 West 22nd Street, Suite 908, NY, NY 10010.",33,184
1115,No,0,If you would prefer to change the frequency of these email or stop them completely there are links at the bottom with instructions.,If you would prefer to change the frequency of these email or stop them completely there are links at the bottom with instructions.,23,131
1116,No,0,"If you’re winning and need to close out the match, you can switch to a defensive class with an LMG or Marksman Rifle.","If you&rsquo;re winning and need to close out the match, you can switch to a defensive class with an LMG or Marksman Rifle.",23,117
1117,No,0,"If you'd like to be able to earn up to $$NUM/hr in your spare time, check out this new video that was just posted:","If you'd like to be able to earn up to $100/hr in your spare time, check out this new video that was just posted:",24,114
1118,No,0,If you'd like to unsubscribe and stop receiving these emails click here: $LINK,If you'd like to unsubscribe and stop receiving these emails click here: $LINK,13,78
1120,No,0,"If you'd like to unsubscribe from all future LocalJobsFrenzy email advertisements, please click here.","If you'd like to unsubscribe from all future LocalJobsFrenzy email advertisements, please click here.",14,101
1121,No,0,"If you'd like, you can unsubscribe:","If you'd like, you can unsubscribe:",6,35
1122,No,0,"If you'd no longer like to receive communication from us, please click on the unsubscribe link.","If you'd no longer like to receive communication from us, please click on the unsubscribe link.",16,95
1124,No,0,"If you're looking for work, or just want to make some part time money on the side, please come check out the jobs we have available.","If you're looking for work, or just want to make some part time money on the side, please come check out the jobs we have available.",26,132
1125,No,0,"If you're thinking about getting a new card, we can help!","If you're thinking about getting a new card, we can help!",11,57
1127,No,0,"If you've ever thought about pursuing Criminal Justice, now is a great time to act.","If you've ever thought about pursuing Criminal Justice, now is a great time to act.",15,83
1128,No,0,"In Section $NUM(d), we promise that we haven't provided any gift of any kind to customers.","In Section 4.11(d), we promise that we haven't provided any gift of any kind to customers.",16,90
1131,No,0,"In a summary page provided by NWNG, a list of all state and federal agency actions against the company was available.","In a summary page provided by NWNG, a list of all state and federal agency actions against the company was available.",21,117
1132,No,0,"In case I can not make the meeting, I have printed the attachment.","In case I can not make the meeting, I have printed the attachment.",13,66
1134,No,0,In don't need to be in the e-mail loop.,In don't need to be in the e-mail loop.,9,39
1135,No,0,"In fact, folks are still trying to get the Commission to reject the IS and approve the one that we worked on (though the chances of that are not huge, at this point).","In fact, folks are still trying to get the Commission to reject the IS and approve the one that we worked on (though the chances of that are not huge, at this point).",33,166
1137,No,0,"In order to give some information about the nutritive value of this mushroom, two species of truffles have been examinated: rtuber melanosporum Vitt._ (valuable black truffle from Norcia or Spoleto) and rtuber magnatum Pico_ (valuable white truffle from Piemonte or Acqualagna).","In order to give some information about the nutritive value of this mushroom, two species of truffles have been examinated: rtuber melanosporum Vitt._ (valuable black truffle from Norcia or Spoleto) and rtuber magnatum Pico_ (valuable white truffle from Piemonte or Acqualagna).",41,278
1138,No,0,"In order to succeed, it is critical to get as many members of the Silicon Valley Manufactures' Group to join in the effort and participate actively, particularly in the media effort.","In order to succeed, it is critical to get as many members of the Silicon Valley Manufactures' Group to join in the effort and participate actively, particularly in the media effort.",31,182
1139,No,0,"In other words, if an employee is working on developing something within Enron that our competitors do not know about, expertfinder could provide them with that data/strategy.","In other words, if an employee is working on developing something within Enron that our competitors do not know about, expertfinder could provide them with that data/strategy.",27,175
1141,No,0,"In styles for every decor, at prices to please every budget.","In styles for every decor, at prices to please every budget.",11,60
1142,No,0,"In sum, the bill, in its current form, prohibits businesses and consumers from chosing an alternative energy service provider, like Enron.","In sum, the bill, in its current form, prohibits businesses and consumers from chosing an alternative energy service provider, like Enron.",21,138
1143,No,0,"In sum, the letter: expresses our commitment to continue working together to resolve the credit $NUM issues,and, requests payment for power previously delivered to CDWR and pre-payment for $NUM any new deliveries.","In sum, the letter: expresses our commitment to continue working together to resolve the credit 20 issues,and, requests payment for power previously delivered to CDWR and pre-payment for 20 any new deliveries.",32,213
1144,No,0,"In the meantime, NewPower will send a welcome letter notifying you of the effective date of your NewPower service.","In the meantime, NewPower will send a welcome letter notifying you of the effective date of your NewPower service.",19,114
1145,No,0,India based Global Software Engineering facility provides full range of IT services encompassing entire lifecycle.,India based Global Software Engineering facility provides full range of IT services encompassing entire lifecycle.,15,114
1146,No,0,"Indiana -- Donnell Harvey, $NUM, Fr., Florida: Harvey is getting rave reviews for his work ethic in workouts, and he didn't leave school early without some sort of assurance he could go in the first round.","Indiana -- Donnell Harvey, 6-8, Fr., Florida: Harvey is getting rave reviews for his work ethic in workouts, and he didn't leave school early without some sort of assurance he could go in the first round.",36,205
1148,No,0,"Instead of sending $ in and pulling $ out every month, I am going to stop sending $ into the CMA account starting this month.","Instead of sending $ in and pulling $ out every month, I am going to stop sending $ into the CMA account starting this month.",25,125
1150,No,0,Invoices and charges were discussed which So cal had charged to their management and handling of PCB's on their system.,Invoices and charges were discussed which So cal had charged to their management and handling of PCB's on their system.,20,119
1151,No,0,"Is it your dream to meet Lil Bub, sing with Beyoncé or climb Kilimanjaro?","Is it your dream to meet Lil Bub, sing with Beyoncé or climb Kilimanjaro?",14,73
1155,No,0,It ain't your voice on voicemail.,It ain't your voice on voicemail.,6,33
1156,No,0,It allows me to read news from many sources including Google Reader and easily access twitter and facebook.,It allows me to read news from many sources including Google Reader and easily access twitter and facebook.,18,107
1157,No,0,It gets increasingly important every time Richardson opens his gawd-fersaken mouth.,It gets increasingly important every time Richardson opens his gawd-fersaken mouth.,11,83
1158,No,0,It gets the company out of the spotlight and might have some real attraction for deal starved investors... esp at this price level.,It gets the company out of the spotlight and might have some real attraction for deal starved investors... esp at this price level.,23,131
1159,No,0,"It has always been necessary, if you want to reach or maintain a management position, to come up with a coherent leadership strategy.","It has always been necessary, if you want to reach or maintain a management position, to come up with a coherent leadership strategy.",23,133
1160,No,0,It is always a risk to pull together an audience of $NUM and deliver something worthwhile.,It is always a risk to pull together an audience of 90 and deliver something worthwhile.,16,90
1161,No,0,It is intended exclusively for the individual or entity to which it is addressed.,It is intended exclusively for the individual or entity to which it is addressed.,14,81
1163,No,0,It is one of the few elements which have to bridge the budget and the cash flow statement.,It is one of the few elements which have to bridge the budget and the cash flow statement.,18,90
1164,No,0,It lets you browse the Top Applications of any country from your iPhone or iPod Touch.,It lets you browse the Top Applications of any country from your iPhone or iPod Touch.,16,86
1165,No,0,"It may be easier for my assistant to coordate these things in Houston than for you assistant to attempt that from London, given the time difference.","It may be easier for my assistant to coordate these things in Houston than for you assistant to attempt that from London, given the time difference.",26,148
1166,No,0,"It now seems that FERC has realized that it has a biz meeting in D.C. on the 13th, which makes having a meeting in San Diego on the 12th somewhat difficult.","It now seems that FERC has realized that it has a biz meeting in D.C. on the 13th, which makes having a meeting in San Diego on the 12th somewhat difficult.",31,156
1167,No,0,It really makes her mad when she does.,It really makes her mad when she does.,8,38
1168,No,0,"It seems like the weeks get longer and longer, doesn't it?","It seems like the weeks get longer and longer, doesn't it?",11,58
1169,No,0,It sounds like it gives us more flexibility.,It sounds like it gives us more flexibility.,8,44
1170,No,0,It was good to see the kids getting along as well as they did.,It was good to see the kids getting along as well as they did.,14,62
1172,No,0,It was such a wonderful surprize to get the nice Halloween card and the adorable picture of Sam.,It was such a wonderful surprize to get the nice Halloween card and the adorable picture of Sam.,18,96
1173,No,0,"It will be unfortunate to miss her on my trip, but based on my commitments in Houston and Rick Causey's desire to move forward on providing trading operations support to Fernley, next week is the best for me to be in London.","It will be unfortunate to miss her on my trip, but based on my commitments in Houston and Rick Causey's desire to move forward on providing trading operations support to Fernley, next week is the best for me to be in London.",42,224
1174,No,0,It's December and we can sleep again: NaNoWriMo $NUM,It's December and we can sleep again: NaNoWriMo 2013,9,52
1176,No,0,"It's against my nature, but I'm getting pretty close to giving up.","It's against my nature, but I'm getting pretty close to giving up.",12,66
1177,No,0,It's the best chance there is to $NUM) get a real market and $NUM) keep Edison out of bankruptcy.,It's the best chance there is to 1) get a real market and 2) keep Edison out of bankruptcy.,19,97
1179,No,0,It's true that over the last $NUM months I have not always been able to pay attention to the flood of e-mails this project generates each day.,It's true that over the last 6 months I have not always been able to pay attention to the flood of e-mails this project generates each day.,27,142
1181,No,0,Item $NUM: Wednesday General News $LINK,Item 1: Wednesday General News $LINK,6,39
1182,No,0,Items immediately available:,Items immediately available:,3,28
1185,No,0,"I’m graduating this week from Ithaca College with a degree in English and Creative Writing, and I believe that my experience in publishing and marketing would make me a great fit for your office.","I’m graduating this week from Ithaca College with a degree in English and Creative Writing, and I believe that my experience in publishing and marketing would make me a great fit for your office.",34,195
1186,No,0,"I’m passing you the correct link right now $LINK , because you’re a subscriber.","I’m passing you the correct link right now $LINK , because you’re a subscriber.",14,79
1187,No,0,Jamie Heathorn passed me your details as a user who ran out of space on their trial so this 1GB upgrade will protect the rest of your files.,Jamie Heathorn passed me your details as a user who ran out of space on their trial so this 1GB upgrade will protect the rest of your files.,28,140
1188,No,0,Jana: I have set up an interview for ttomorrow afternoon with Mason.,Jana: I have set up an interview for ttomorrow afternoon with Mason.,12,68
1189,No,0,"Jean, the $6M was a negotiated settlement between me and Marty Rosenberg of several old disputes as we moved forward in the restructuring of the Independence plant earlier in the year - Ruth added little other than administrative support.","Jean, the $6M was a negotiated settlement between me and Marty Rosenberg of several old disputes as we moved forward in the restructuring of the Independence plant earlier in the year - Ruth added little other than administrative support.",39,238
1190,No,0,"Jeff, feel free to send any comments directly to Jennifer (and copy me, too, since I'm always interested in your comments).","Jeff, feel free to send any comments directly to Jennifer (and copy me, too, since I'm always interested in your comments).",21,123
1191,No,0,Jennifer Bruhn Manpower Professional - National Recruiting Professional Recruiter Email: $EMAIL,Jennifer Bruhn Manpower Professional - National Recruiting Professional Recruiter Email: jennifer.bruhn@na.manpower.com,11,95
1192,No,0,"Jennifer, you are very welcome and I look forward to continuing to work with you - all the best.","Jennifer, you are very welcome and I look forward to continuing to work with you - all the best.",19,96
1193,No,0,"Jere, I understand your frustruation and I am very motived to prove out the insurance product; however, I do think John has a legitimate concern (especially given the fact that this group blew up very publically internally and externally and we need to repair the image internally and market perception externally in order to be successful in the future) surrounding multiple groups covering the same customers with different stories.","Jere, I understand your frustruation and I am very motived to prove out the insurance product; however, I do think John has a legitimate concern (especially given the fact that this group blew up very publically internally and externally and we need to repair the image internally and market perception externally in order to be successful in the future) surrounding multiple groups covering the same customers with different stories.",69,434
1195,No,0,"John, I asked Brian to investigate taking a number of ESA's engineering folks into his central Technical Services group.","John, I asked Brian to investigate taking a number of ESA's engineering folks into his central Technical Services group.",19,120
1196,No,0,Jordan01235 can now play!,Jordan01235 can now play!,4,25
1197,No,0,"Jose, I think the supplemental info you have provided is outstanding and helpful to the lenders in understanding the overall picture and the history.","Jose, I think the supplemental info you have provided is outstanding and helpful to the lenders in understanding the overall picture and the history.",24,149
1198,No,0,"Jude, in the event that you experience technical difficulties with our new layout or if you would like to share your thoughts about it with me, please email me at $EMAIL or just hit the reply button to this email","Jude, in the event that you experience technical difficulties with our new layout or if you would like to share your thoughts about it with me, please email me at bethea@myhealthwealthandhappiness.com or just hit the reply button to this email",40,212
1199,No,0,"Judging from your e-mail, it sounds like you had some fun in your exercises- I guess that English degree is finally paying off.","Judging from your e-mail, it sounds like you had some fun in your exercises- I guess that English degree is finally paying off.",23,127
1200,No,0,July has ended... BUT there is still time to take advantage of MONTH-END,July has ended... BUT there is still time to take advantage of MONTH-END,13,72
1201,No,0,June $NUM $NUM: Fertile Day $NUM - Est due date $NUM/$NUM/$NUM $NUM: Fertile Day $NUM - Est due date $NUM/$NUM/$NUM $NUM: Fertile Day $NUM - Est due date $NUM/$NUM/$NUM $NUM: Fertile Day $NUM - most likely to ovulate $NUM: Fertile Day $NUM - Est due date $NUM/$NUM/$NUM $NUM: Period Day $NUM $NUM: Period Day $NUM,June 2011 13: Fertile Day 1 - Est due date 02/28/12 14: Fertile Day 2 - Est due date 02/28/12 15: Fertile Day 3 - Est due date 02/28/12 16: Fertile Day 4 - most likely to ovulate 17: Fertile Day 5 - Est due date 02/28/12 29: Period Day 1 30: Period Day 2,55,313
1202,No,0,June was an awesome month at Shareaholic!,June was an awesome month at Shareaholic!,7,41
1203,No,0,Just after lunch if possible.,Just after lunch if possible.,5,29
1204,No,0,"Just between thee and me, I think this note gets to some of the challenges we faced and discussed as part of our ""group gropes"" over the last several months.","Just between thee and me, I think this note gets to some of the challenges we faced and discussed as part of our ""group gropes"" over the last several months.",30,157
1205,No,0,Just click on the link below to view this note I want to share with you.,Just click on the link below to view this note I want to share with you.,16,72
1206,No,0,"Just learned that California's key small consumer group, TURN, will be sending a letter to the PUC saying that it would be a violation of due process to issue on Thursday the sorts of orders the PUC is comtemplating without first giving folks a chance to comment.","Just learned that California's key small consumer group, TURN, will be sending a letter to the PUC saying that it would be a violation of due process to issue on Thursday the sorts of orders the PUC is comtemplating without first giving folks a chance to comment.",47,263
1209,No,0,"Just want to add that $NUM) if we're uneasy about wearing the full requirements risk, then focusing on offering a purely wholesale deal can still be very attractive, given SDG&E's blunders w.r.t.","Just want to add that 1) if we're uneasy about wearing the full requirements risk, then focusing on offering a purely wholesale deal can still be very attractive, given SDG&E's blunders w.r.t.",32,195
1210,No,0,Just wanted to make sure that we have him on the right list.,Just wanted to make sure that we have him on the right list.,13,60
1211,No,0,KO somehow gets the information from CGAS.,KO somehow gets the information from CGAS.,7,42
1212,No,0,Kari just wrote me an email expressing great appreciation for the materials.,Kari just wrote me an email expressing great appreciation for the materials.,12,76
1213,No,0,Kate Spade: Up to $NUM% Off Surprise Sale + Extra $NUM% Off When You Buy Two or More Select Items,Kate Spade: Up to 75% Off Surprise Sale + Extra 20% Off When You Buy Two or More Select Items,20,97
1214,No,0,"Katherine L. wants to share the movie 'My Movie from MAR $NUM, $NUM' with you!","Katherine L. wants to share the movie 'My Movie from MAR 5, 2013' with you!",15,78
1216,No,0,Keep spending time getting advice from Barbara.,Keep spending time getting advice from Barbara.,7,47
1217,No,0,Ken: currently we get outside E-mails from PIRA and Enerfax on a daily basis.,Ken: currently we get outside E-mails from PIRA and Enerfax on a daily basis.,14,77
1218,No,0,"Kevin, how do we get at the transmission without buying the entire company?","Kevin, how do we get at the transmission without buying the entire company?",13,75
1219,No,0,Kick off Your Half-Year Resolution on July $NUM.,Kick off Your Half-Year Resolution on July 11.,8,48
1220,No,0,"Kimat, I copied Sep forward on deal $NUM to deal $NUM and changed the counterparty to new power.","Kimat, I copied Sep forward on deal 202939 to deal 380571 and changed the counterparty to new power.",18,96
1221,No,0,LAST CALL BEFORE CHRISTMAS,LAST CALL BEFORE CHRISTMAS,4,26
1222,No,0,LAST DAY TO BOGO + $NUM% OFF + FREE SHIPPING!,LAST DAY TO BOGO + 15% OFF + FREE SHIPPING!,10,45
1223,No,0,LAST DAY TO BOGO + FREE SHIPPING!,LAST DAY TO BOGO + FREE SHIPPING!,7,33
1225,No,0,LAST-MINUTE HALLOWEEN COSTUME IDEAS: waldo halloween costume $LINK,LAST-MINUTE HALLOWEEN COSTUME IDEAS: waldo halloween costume $LINK,8,66
1227,No,0,"Last year, a survey by ratings agency Nielsen found that YouTube is the go-to platform for teenagers looking to listen to or discover new...","Last year, a survey by ratings agency Nielsen found that YouTube is the go-to platform for teenagers looking to listen to or discover new...",24,140
1228,No,0,"Lastly, and I think this is just administrative stuff, Kristi's Roth IRA does not show up on the web or on the statements we receive in the mail.","Lastly, and I think this is just administrative stuff, Kristi's Roth IRA does not show up on the web or on the statements we receive in the mail.",28,145
1229,No,0,Laura: Attached are the letters that I referenced in the previous email.,Laura: Attached are the letters that I referenced in the previous email.,12,72
1230,No,0,Life is busy at Enron and I literally receive hundreds of e:mails every week.,Life is busy at Enron and I literally receive hundreds of e:mails every week.,14,77
1231,No,0,"Listen, I have your email adress but not your phone #.","Listen, I have your email adress but not your phone #.",11,54
1232,No,0,Litigation by persons who lose their jobs as a result of the transaction and who choose not to sign the waiver for double the severance benefits is possible.,Litigation by persons who lose their jobs as a result of the transaction and who choose not to sign the waiver for double the severance benefits is possible.,28,157
1233,No,0,Longer tasks can cause you to lose focus on your initial project and cost you time when you try to restart.,Longer tasks can cause you to lose focus on your initial project and cost you time when you try to restart.,21,107
1234,No,0,Look forward to drinking a few beers.,Look forward to drinking a few beers.,7,37
1235,No,0,Look forward to meeting on Wednesday.,Look forward to meeting on Wednesday.,6,37
1236,No,0,Look forward to meeting you on Saturday.,Look forward to meeting you on Saturday.,7,40
1237,No,0,Look forward to meeting you.,Look forward to meeting you.,5,28
1239,No,0,Look forward tot he dinner on the 14th of May.,Look forward tot he dinner on the 14th of May.,10,46
1240,No,0,Looking forward to chilling out by the pool for a week and doing nothing.,Looking forward to chilling out by the pool for a week and doing nothing.,14,73
1242,No,0,Looking forward to it.,Looking forward to it.,4,22
1243,No,0,Looking forward to seeing you.,Looking forward to seeing you.,5,30
1244,No,0,Looks like we are getting another $$NUM,"Looks like we are getting another $5,000.00",7,39
1245,No,0,"Lynch's failure to ""ensure that the commission's Aug. $NUM, $NUM, emergency order on long-term contracts was quickly implemented has placed the state budget at risk for costs now at least $NUM% higher,"" the letter said.","Lynch's failure to ""ensure that the commission's Aug. 3, 2000, emergency order on long-term contracts was quickly implemented has placed the state budget at risk for costs now at least 40% higher,"" the letter said.",35,219
1246,No,0,ME Cancun Complete - All-Inclusive,ME Cancun Complete - All-Inclusive,5,34
1250,No,0,Mark Haedicke requested I forward the attached drawing.,Mark Haedicke requested I forward the attached drawing.,8,55
1253,No,0,"Mark, this is great - giving the increased exposure/politics in some of these markets it makes a lot of sense.","Mark, this is great - giving the increased exposure/politics in some of these markets it makes a lot of sense.",20,110
1255,No,0,Marvelous modern treasures you won't want to miss.,Marvelous modern treasures you won't want to miss.,8,50
1259,No,0,"Meanwhile, I would like to inform you that your hosting account is already active and ready to be used.","Meanwhile, I would like to inform you that your hosting account is already active and ready to be used.",19,103
1260,No,0,"Memeo C1 is a simple way for employees to access and update important business documents across computers and mobile devices, without your IT Admin having to give up security and control.","Memeo C1 is a simple way for employees to access and update important business documents across computers and mobile devices, without your IT Admin having to give up security and control.",31,187
1261,No,0,"Memory-maker or nightmare -- could be a toss up, but maybe worth the try.","Memory-maker or nightmare -- could be a toss up, but maybe worth the try.",14,73
1262,No,0,"Message received on Wednesday, December 31st at $NUM:$NUM PM CST","Message received on Wednesday, December 31st at 6:00 PM CST",10,64
1265,No,0,Mick does not think there are any other outstanding issues for transport as a methodology has been established and agreed upon for $NUM/$NUM forward.,Mick does not think there are any other outstanding issues for transport as a methodology has been established and agreed upon for 1/2000 forward.,24,149
1268,No,0,Mom: Oh! Did you get a job??!,Mom: Oh! Did you get a job??!,7,29
1269,No,0,Monday OneDay Coupon Codes!,Monday OneDay Coupon Codes!,4,27
1271,No,0,Monday through Friday:,Monday through Friday:,3,22
1272,No,0,"Monday, April 16th","Monday, April 16th",3,18
1273,No,0,"Monday, August 6th","Monday, August 6th",3,18
1274,No,0,"Monday, June 4th ညီ ညီ လြင္ - $LINK","Monday, June 4th ညီ ညီ လြင္ - $LINK",8,35
1276,No,0,More arrows for our quiver in trying to get out the truth.,More arrows for our quiver in trying to get out the truth.,12,58
1277,No,0,More top books this week:,More top books this week:,5,25
1278,No,0,Morgan McKeel retweeted za☪h @ZACHARYDUPUIS relationship like this please $LINK,Morgan McKeel retweeted za☪h @ZACHARYDUPUIS relationship like this please $LINK,10,79
1279,No,0,"Most of these are the wrong people, but they should be able to get you to the right person.","Most of these are the wrong people, but they should be able to get you to the right person.",19,91
1280,No,0,"Move to Prohibit Customer Choice As you may know, AB1X, the bill that the Legislature recently passed and the Governor signed, gives the California Department of Water Resources the authority to buy power on behalf of the utilities.","Move to Prohibit Customer Choice As you may know, AB1X, the bill that the Legislature recently passed and the Governor signed, gives the California Department of Water Resources the authority to buy power on behalf of the utilities.",38,232
1281,No,0,"Mr. Lay discussed the core/noncore proposal extensively during his trip to Sacramento several weeks ago when, as you recall, he visited Sacramento and met with a variety of legislators from both sides of the aisle to discuss solutions to California's electricity crisis.","Mr. Lay discussed the core/noncore proposal extensively during his trip to Sacramento several weeks ago when, as you recall, he visited Sacramento and met with a variety of legislators from both sides of the aisle to discuss solutions to California's electricity crisis.",42,270
1283,No,0,Ms Bennett: Thanks for the voicemail.,Ms Bennett: Thanks for the voicemail.,6,37
1284,No,0,Must start emailing around.....,Must start emailing around.....,4,31
1285,No,0,"My Dear Friend, I am now using The Sites Preview, and it's really fun and inspirational.","My Dear Friend, I am now using The Sites Preview, and it's really fun and inspirational.",16,88
1286,No,0,My address is:,My address is:,3,14
1287,No,0,My contacts at The New Power company said you should call this number $NUM.,My contacts at The New Power company said you should call this number 1-888-926-9988.,14,75
1288,No,0,My e-mail address is changed to mark.e.haedicke.enron.com,My e-mail address is changed to mark.e.haedicke.enron.com,7,57
1289,No,0,My flight gets into S.D. at at $NUM:$NUM on southwest.,My flight gets into S.D. at at 8:35 on southwest.,10,54
1290,No,0,My flowers have not been delivered.,My flowers have not been delivered.,6,35
1292,No,0,My mail stop is EB 3125A.,My mail stop is EB 3125A.,6,25
1295,No,0,"My schedule is extremely flexible, and I would like to start working as soon as possible.","My schedule is extremely flexible, and I would like to start working as soon as possible.",16,89
1296,No,0,My system shows ENA delivered $NUM to Canajoharie and $NUM to Tenn-Wright one day (you though little ol' ENA was taking advantage of you).,"My system shows ENA delivered 130,000 to Canajoharie and 5,000 to Tenn-Wright one day (you though little ol' ENA was taking advantage of you).",24,138
1299,No,0,NeatConnect's Wi-Fi capability lets you put it wherever your paper is.,NeatConnect's Wi-Fi capability lets you put it wherever your paper is.,11,70
1300,No,0,"Need to get status of those conversations.My understanding was that, if there's a problem with the decision, perhaps our filing would be pushed a bit past the Tuesday.","Need to get status of those conversations.My understanding was that, if there's a problem with the decision, perhaps our filing would be pushed a bit past the Tuesday.",28,167
1302,No,0,No goods or services were provided in consideration of this gift.,No goods or services were provided in consideration of this gift.,11,65
1303,No,0,No problem - our mobile portal lets you get to your files on the move as well!,No problem - our mobile portal lets you get to your files on the move as well!,17,78
1304,No,0,No problem with the plan to send a demand letter to El Paso on the measurement issue.,No problem with the plan to send a demand letter to El Paso on the measurement issue.,17,85
1305,No,0,"No, I didn't get the message that Cara had called.","No, I didn't get the message that Cara had called.",10,50
1307,No,0,None as of right now.,None as of right now.,5,21
1309,No,0,Not only will you save money but you'll also have more control over the healthier options.,Not only will you save money but you'll also have more control over the healthier options.,16,90
1310,No,0,Note there is at least one issue we ought to think about a bit more--whether to have Stan imply there may be other goodies available other than the Hobbs Line.,Note there is at least one issue we ought to think about a bit more--whether to have Stan imply there may be other goodies available other than the Hobbs Line.,30,159
1311,No,0,Notes: Task Created on $NUM/$NUM/$NUM.,Notes: Task Created on 03/28/2011.,5,38
1312,No,0,"Nothing substantial came up on Helsinki, so it was fine that we didn't get to talk today.","Nothing substantial came up on Helsinki, so it was fine that we didn't get to talk today.",17,89
1313,No,0,Now Is a Great Time to Compare Homeowners Quotes in Zephyrhills:,Now Is a Great Time to Compare Homeowners Quotes in Zephyrhills:,11,64
1314,No,0,Now as Low as $$NUM Ocean View!,Now as Low as $99 Ocean View!,7,31
1316,No,0,Now you can post images on the Ring’s message board,Now you can post images on the Ring’s message board,10,51
1317,No,0,"Now, show us you want to win $$NUMOOO.OO Every Week For Life by clicking below and searching at PCHSearch&Win.","Now, show us you want to win $5,OOO.OO Every Week For Life by clicking below and searching at PCHSearch&Win.",19,110
1319,No,0,"ON the other two items, I'll send you separate emails on each.","ON the other two items, I'll send you separate emails on each.",12,62
1321,No,0,Often I think too literally and narrowly and forget about the importance of spin.,Often I think too literally and narrowly and forget about the importance of spin.,14,81
1322,No,0,"Oh great, the knuckleheads at PG&E will get SoCal all spooked.","Oh great, the knuckleheads at PG&E will get SoCal all spooked.",11,62
1323,No,0,Oil Pollution Act-OPA $NUM plans had been prepared and were up to date,Oil Pollution Act-OPA 90 plans had been prepared and were up to date,13,70
1325,No,0,"On Feb $NUM, $NUM, at $NUM:$NUM PM, I Use This App sent a direct message on Twitter:","On Feb 26, 2013, at 11:00 PM, I Use This App sent a direct message on Twitter:",17,84
1326,No,0,"On Friday, October $NUM, $NUM, M3iworks & SVMG proudly launched SVMG's new website--designed to be the ""go-to"" site for SVMG member companies, legislators representing Silicon Valley, and public and private sector entities concerned about key Silicon Valley quality-of-life issues and what employers and legislators are doing to address the critical challenges we face.","On Friday, October 26, 2001, M3iworks & SVMG proudly launched SVMG's new website--designed to be the ""go-to"" site for SVMG member companies, legislators representing Silicon Valley, and public and private sector entities concerned about key Silicon Valley quality-of-life issues and what employers and legislators are doing to address the critical challenges we face.",53,369
1328,No,0,"On May 3rd, we discovered suspicious network activity on the LastPass internal network.","On May 3rd, we discovered suspicious network activity on the LastPass internal network.",13,87
1329,No,0,"On November $NUM, YouTube will honor the artists you love in a global celebration with live performances by Lady Gaga, Eminem, Arcade Fire and more.","On November 3, YouTube will honor the artists you love in a global celebration with live performances by Lady Gaga, Eminem, Arcade Fire and more.",25,148
1330,No,0,"On a different note, the current Monterrey control budget is showing a $$NUM3M negative variance from the original control budget.","On a different note, the current Monterrey control budget is showing a $5.3M negative variance from the original control budget.",20,130
1331,No,0,"On the days where deal $NUM is applicable, the purchases and sale should balance out; no flow.","On the days where deal 135563 is applicable, the purchases and sale should balance out; no flow.",17,94
1333,No,0,"Once again, we get in on Saturday (10th) about 9pm.","Once again, we get in on Saturday (10th) about 9pm.",10,51
1334,No,0,"Once the Bundeskartellamt gives its blessing, we expect to see Covisint up and running in $NUM days.""","Once the Bundeskartellamt gives its blessing, we expect to see Covisint up and running in 30 days.""",17,101
1335,No,0,"Once you update your app, youʼll no longer have access to the social network.","Once you update your app, youʼll no longer have access to the social network.",14,77
1336,No,0,"Once you've reached that limit, you'll receive an alert asking if you'd like to purchase the full version which has no limit on the number of list items you can create.","Once you've reached that limit, you'll receive an alert asking if you'd like to purchase the full version which has no limit on the number of list items you can create.",31,168
1338,No,0,"One day, I want to learn how to crawl in a ventilation shaft.","One day, I want to learn how to crawl in a ventilation shaft.",13,61
1339,No,0,One has to submit testimony to get certified!,One has to submit testimony to get certified!,8,45
1340,No,0,One is a word file with a suggested list of business leaders that we might bring into the discussions.,One is a word file with a suggested list of business leaders that we might bring into the discussions.,19,102
1341,No,0,"One of these four short plans can help you start now, building not just your Bible-reading confidence, but even your faith in God through His Word:","One of these four short plans can help you start now, building not just your Bible-reading confidence, but even your faith in God through His Word:",26,147
1342,No,0,"One thing I'm not clear on and that I couldn't find in the syllabus is, what's the format for the write up?","One thing I'm not clear on and that I couldn't find in the syllabus is, what's the format for the write up?",22,107
1343,No,0,"Opps, I'm late for a meeting!","Opps, I'm late for a meeting!",6,29
1344,No,0,Or were u at now,Or were u at now,5,16
1345,No,0,Our QCF director will take you to lunch after the seminar.,Our QCF director will take you to lunch after the seminar.,11,58
1346,No,0,"Our goal is to direct orders to the market center offering the best possible execution price, without consideration of order flow payments.","Our goal is to direct orders to the market center offering the best possible execution price, without consideration of order flow payments.",22,139
1347,No,0,Our guy John Neslage is trying to pull together exactly what you're requesting.,Our guy John Neslage is trying to pull together exactly what you're requesting.,13,79
1348,No,0,Our intention is to fedex the ISDA out to Steve tonight.,Our intention is to fedex the ISDA out to Steve tonight.,11,56
1349,No,0,"Our kids will get out of school on Friday, May $NUM.","Our kids will get out of school on Friday, May 25.",11,52
1350,No,0,Our subcommitte is meeting tomorrow to try to close the deal on a proposed solution.,Our subcommitte is meeting tomorrow to try to close the deal on a proposed solution.,15,84
1351,No,0,Our website will bring you as much information as we can find to this... $LINK,Our website will bring you as much information as we can find to this... $LINK,15,78
1352,No,0,"Over the last several years, Dominion Transmission has worked hard providing additional value to producers on its gathering system and through innovative projects and joint ventures.","Over the last several years, Dominion Transmission has worked hard providing additional value to producers on its gathering system and through innovative projects and joint ventures.",26,182
1353,No,0,"PCHSearch&Win, we'd like to share this exciting information with you right now!","PCHSearch&Win, we'd like to share this exciting information with you right now!",12,79
1355,No,0,Parquet ever get in touch with you?,Parquet ever get in touch with you?,7,35
1356,No,0,"Pat/Christian: I'm assuming that the IOUs wouldn't be dumb enough to recommend something that would have an adverse effect on DWR's creditworthiness, but wanted to make sure you had a chance to review--just in case they're not as smart as I assume.","Pat/Christian: I'm assuming that the IOUs wouldn't be dumb enough to recommend something that would have an adverse effect on DWR's creditworthiness, but wanted to make sure you had a chance to review--just in case they're not as smart as I assume.",42,248
1358,No,0,"Paul: Here's additional info for the ""curtailment"" data that we're pulling together.","Paul: Here's additional info for the ""curtailment"" data that we're pulling together.",12,84
1359,No,0,Paul: Here's additional info for the curtailment data that we're pulling together.,Paul: Here's additional info for the curtailment data that we're pulling together.,12,82
1361,No,0,"Per my voice mail message, attached is a draft memo regarding Brent's role in London.","Per my voice mail message, attached is a draft memo regarding Brent's role in London.",15,85
1362,No,0,"Per my voicemail, attached is a proposed statement to open the Executive Committee meeting on Monday.","Per my voicemail, attached is a proposed statement to open the Executive Committee meeting on Monday.",16,101
1364,No,0,"Per our discussion, attached is my rough draft of the Legal Script.","Per our discussion, attached is my rough draft of the Legal Script.",12,67
1365,No,0,Per your requests attached is a $NUM year proposal for Firm Transportation on Oasis to deliver gas to Lone Star Kerrville.,Per your requests attached is a 1 year proposal for Firm Transportation on Oasis to deliver gas to Lone Star Kerrville.,21,122
1368,No,0,Plan includes eventual connections to existing and planned trans-Pacific systems.,Plan includes eventual connections to existing and planned trans-Pacific systems.,10,81
1370,No,0,"Please click the link below to confirm your email address, so that we can let you know when people are trying to chat with you!","Please click the link below to confirm your email address, so that we can let you know when people are trying to chat with you!",25,127
1372,No,0,"Please don't reply to this email, if you need to reach us please email customer service by clicking on this link:","Please don't reply to this email, if you need to reach us please email customer service by clicking on this link:",21,113
1373,No,0,"Please feel free to contact a counselor at $NUM x $NUM, if you need further assistance.","Please feel free to contact a counselor at 1-800-769-3571 x 1910, if you need further assistance.",16,87
1374,No,0,"Please know that at Pogo, we don't want to send you information you don't want to receive.","Please know that at Pogo, we don't want to send you information you don't want to receive.",17,90
1376,No,0,"Positive Living Tip of the Day Monday January $NUM, $NUM Your Environment Do you live or work in an environment that creates undue stress in your life?","Positive Living Tip of the Day Monday January 29, 2001 Your Environment Do you live or work in an environment that creates undue stress in your life?",27,151
1378,No,0,Prentice ever get back to you regarding logistics about tomorrow nite?,Prentice ever get back to you regarding logistics about tomorrow nite?,11,70
1379,No,0,"Prentice said that she didn't get it, so just wanted to make sure that it wasn't lost in cyberspace somewhere.","Prentice said that she didn't get it, so just wanted to make sure that it wasn't lost in cyberspace somewhere.",20,110
1381,No,0,Presents sure to please every personality—and every budget.,Presents sure to please every personality&mdash;and every budget.,8,59
1383,No,0,President Obama on Monday responded to growing concerns about the nation's battered housing market by unveiling a plan to help reduce the monthly mortgage payment of homeowners who owe more than their properties are worth.,President Obama on Monday responded to growing concerns about the nation's battered housing market by unveiling a plan to help reduce the monthly mortgage payment of homeowners who owe more than their properties are worth.,35,222
1384,No,0,Pretty much as soon as I can get all my shit together.,Pretty much as soon as I can get all my shit together.,12,54
1385,No,0,Probably wouldn't hurt to log the same call or e:mail in to the rest of the guys on the list.,Probably wouldn't hurt to log the same call or e:mail in to the rest of the guys on the list.,20,93
1386,No,0,Property in the Emerald Triangle... Forever yours and complete with a crew to grow the dankest headiest medicine nature can provide.,Property in the Emerald Triangle... Forever yours and complete with a crew to grow the dankest headiest medicine nature can provide.,21,132
1387,No,0,Prospective students should discuss these options with a school representative.If you wish to unsubscribe please go here $LINK,Prospective students should discuss these options with a school representative.If you wish to unsubscribe please go here $LINK,18,126
1388,No,0,Proven ability to hire and retain talented people Ability to create a sense of urgency for the over-achievement of plan revenue targets.,Proven ability to hire and retain talented people Ability to create a sense of urgency for the over-achievement of plan revenue targets.,22,136
1389,No,0,QFs who voluntarily switched to PX pricing have been getting paid full PX prices (and there seem to be a couple of thousand MWs that have switched.,QFs who voluntarily switched to PX pricing have been getting paid full PX prices (and there seem to be a couple of thousand MWs that have switched.,27,147
1391,No,0,Quora keeps throwing mouth-watering insults at me:,Quora keeps throwing mouth-watering insults at me:,7,50
1392,No,0,RE: the tx buyout announced on Friday.,RE: the tx buyout announced on Friday.,7,38
1394,No,0,Readr gives users $NUM days of FREE reading upon download and $NUM minutes FREE reading every month thereafter.,Readr gives users 7 days of FREE reading upon download and 20 minutes FREE reading every month thereafter.,18,111
1398,No,0,"Regarding my homework assignment, I checked my records and, lo and behold, I am completely vested.","Regarding my homework assignment, I checked my records and, lo and behold, I am completely vested.",16,98
1399,No,0,"Remember, life's too short to get too worried about it.","Remember, life's too short to get too worried about it.",10,55
1401,No,0,Rex: We are trying to make this as limited as possible.,Rex: We are trying to make this as limited as possible.,11,55
1402,No,0,"Richard S. Friedman Hughes Hubbard & Reed LLP $NUM South Grand Ave., 36th Floor Los Angeles, CA $NUM Ph: ($NUM) $NUM Fax: ($NUM) $NUM Email: $EMAIL","Richard S. Friedman Hughes Hubbard & Reed LLP 350 South Grand Ave., 36th Floor Los Angeles, CA 90071 Ph: (213) 613-2836 Fax: (213) 613-2950 Email: friedman@hugheshubbard.com",26,147
1404,No,0,"Rodeo BBQ tickets, golf tourneys, etc.) and provide Enron goodies to people all the time.","Rodeo BBQ tickets, golf tourneys, etc.) and provide Enron goodies to people all the time.",15,89
1405,No,0,Rosanna Migliaccio Vice President Robert Walters Associates ($NUM) $NUM Fax: ($NUM) $NUM mailto:$EMAIL,Rosanna Migliaccio Vice President Robert Walters Associates (212) 704-9900 Fax: (212) 704-4312 mailto:rosanna@robertwalters.com,13,102
1406,No,0,SCARY GOOD DEALS - $NUM DAYS TO SAVE!,SCARY GOOD DEALS - 2 DAYS TO SAVE!,8,37
1412,No,0,Sally will need to discuss this with Leslie next week when they return to the office and get back with you then.,Sally will need to discuss this with Leslie next week when they return to the office and get back with you then.,22,112
1414,No,0,Sanjeev will come for an informal interview on Friday.,Sanjeev will come for an informal interview on Friday.,9,54
1415,No,0,"Saturday January $NUM, $NUM $NUM:00pm $NUM Park Avenue (corner 68th St.) Tel.","Saturday January 19, 2002 2:00pm 680 Park Avenue (corner 68th St.) Tel.",12,77
1416,No,0,"Saturday night I will be staying in Round Rock (going to Paige's homecoming in Georgetown), but Neil will still be at the Hyatt.","Saturday night I will be staying in Round Rock (going to Paige's homecoming in Georgetown), but Neil will still be at the Hyatt.",23,128
1417,No,0,"Saudi, thanks, but I'll wait until you and I can play it together.","Saudi, thanks, but I'll wait until you and I can play it together.",13,66
1418,No,0,"Save all the places you want to show your friends into a collection in Everplaces, which you can easily share with anyone visiting you.","Save all the places you want to show your friends into a collection in Everplaces, which you can easily share with anyone visiting you.",24,135
1419,No,0,Say you are out and about and you see something interesting - an awesome shop or an apartment you'd like to rent.,Say you are out and about and you see something interesting - an awesome shop or an apartment you'd like to rent.,22,113
1420,No,0,Search Now if You Want to Win,Search Now if You Want to Win,7,29
1423,No,0,See you Sunday.,See you Sunday.,3,15
1424,No,0,"See you on Friday, April the 27th.","See you on Friday, April the 27th.",7,34
1425,No,0,See you on Monday.,See you on Monday.,4,18
1427,No,0,See you tomorrow.,See you tomorrow.,3,17
1428,No,0,"Seeing is believing, so we'd like to offer you another chance to try Flow, free.","Seeing is believing, so we'd like to offer you another chance to try Flow, free.",15,80
1429,No,0,Sent it Monday night.,Sent it Monday night.,4,21
1431,No,0,"September $NUM, $NUM, Late Night: $LINK","September 4, 2011, Late Night: $LINK",6,39
1432,No,0,"Seriously, the agenda doesn't seem to have any flavor of escalation, which is great given the lack of attractive alternatives for our team right now.","Seriously, the agenda doesn't seem to have any flavor of escalation, which is great given the lack of attractive alternatives for our team right now.",25,149
1433,No,0,"Service Release $NUM for Poser $NUM and Poser Poser Pro $NUM, plus PoserFusion $NUM plug-ins are now available.","Service Release 2 for Poser 10 and Poser Poser Pro 2014, plus PoserFusion 2014 plug-ins are now available.",18,111
1435,No,0,Shares of FuelCell closed down $$NUM to $$NUM in Wednesday trading.,Shares of FuelCell closed down $4.44 to $72.13 in Wednesday trading.,11,67
1436,No,0,She also forwarded this message to several other women outside of our church.,She also forwarded this message to several other women outside of our church.,13,77
1438,No,0,She can stuff the little sucker if I get all the other stuff.,She can stuff the little sucker if I get all the other stuff.,13,61
1440,No,0,She is planning on attending SMSU in Springfiel d in the fall.,She is planning on attending SMSU in Springfiel d in the fall.,12,62
1441,No,0,"She may not be the person to talk with regarding displaying a boat, but will very likely be able to give the correct contact.","She may not be the person to talk with regarding displaying a boat, but will very likely be able to give the correct contact.",24,125
1442,No,0,She was also wondering about details of dinner - said in the last meeting it had been discussed to possibly do a western theme - with jeans (?).,She was also wondering about details of dinner - said in the last meeting it had been discussed to possibly do a western theme - with jeans (?).,28,144
1444,No,0,Shop online and receive a $$NUM service credit Offer available while supplies last.,Shop online and receive a $30 service credit Offer available while supplies last.,13,83
1446,No,0,"Since Sunday $NUM August $NUM, you have been invited by $NUM of your contacts to join Netlog, the social community for over $NUM million members.","Since Sunday 28 August 2011, you have been invited by 2 of your contacts to join Netlog, the social community for over 83 million members.",25,145
1447,No,0,"Since hundreds of years ago, the Kama Sutra is a guideline for man how to please a woman in a relationship.","Since hundreds of years ago, the Kama Sutra is a guideline for man how to please a woman in a relationship.",21,107
1448,No,0,"Since this offer may expire at anytime, you might want to hurry and participate now!","Since this offer may expire at anytime, you might want to hurry and participate now!",15,84
1449,No,0,"Since we are selling deliverd gas, the Receipt and Delivery volumes should be the same.","Since we are selling deliverd gas, the Receipt and Delivery volumes should be the same.",15,87
1450,No,0,"Slow browser may need to wait $NUM seconds for your email to appear, then scroll to view.","Slow browser may need to wait 15 seconds for your email to appear, then scroll to view.",17,89
1452,No,0,So I can see why you would receive my mail on occassion if someone is either making an educated guess on the address or referencing my old card.,So I can see why you would receive my mail on occassion if someone is either making an educated guess on the address or referencing my old card.,28,144
1454,No,0,"So as long as they buy spot, they can meet the benchmark and pass everything through.","So as long as they buy spot, they can meet the benchmark and pass everything through.",16,85
1456,No,0,"So if she makes the next two dances, then she will be in $NUM out of $NUM dances for the football season.","So if she makes the next two dances, then she will be in 8 out of 10 dances for the football season.",22,105
1457,No,0,"So if you want to save money, better jump to it.","So if you want to save money, better jump to it.",11,48
1458,No,0,"So, I'm not going to San Antonion, just heading for GTown tomorrow.","So, I'm not going to San Antonion, just heading for GTown tomorrow.",12,67
1461,No,0,Solution: $NUM) Don't make the PX a monopoly.,Solution: 1) Don't make the PX a monopoly.,8,45
1463,No,0,Sorry about not getting back to you sooner.,Sorry about not getting back to you sooner.,8,43
1465,No,0,"Sorry if it made things, well, fidgety.","Sorry if it made things, well, fidgety.",7,39
1467,No,0,Sorry we couldn't make it yesterday.,Sorry we couldn't make it yesterday.,6,36
1468,No,0,Sorry wrong address,Sorry wrong address,3,19
1469,No,0,Sorry you didn't make to have a beer after the final.,Sorry you didn't make to have a beer after the final.,11,53
1470,No,0,"Sorry, I read the other email first--you guys have me covered quite well.","Sorry, I read the other email first--you guys have me covered quite well.",13,73
1472,No,0,Sounds like the IOUs will get some financial support from Davis tomorrow (at least in words).,Sounds like the IOUs will get some financial support from Davis tomorrow (at least in words).,16,93
1473,No,0,"Southeast Beaches Kickoff Sale! Hurry, Offers End at Midnight Tomorrow!","Southeast Beaches Kickoff Sale! Hurry, Offers End at Midnight Tomorrow!",10,71
1474,No,0,"Southwest Airlines e-mail update for August $NUM, $NUM","Southwest Airlines e-mail update for August 21, 2001",8,54
1480,No,0,Steve: Jim mentioned that Ken Lay was trying to talk to Glynn today about getting the PX credit issue resolved.,Steve: Jim mentioned that Ken Lay was trying to talk to Glynn today about getting the PX credit issue resolved.,20,111
1481,No,0,Stop checking your email-aren't you on vacation?,Stop checking your email-aren't you on vacation?,7,48
1483,No,0,Summary of yesterdays meeting attached,Summary of yesterdays meeting attached,5,38
1486,No,0,"Take $NUM% off* online with coupon code ZZSANTA through Monday, December 16th, $NUM.","Take 20% off* online with coupon code ZZSANTA through Monday, December 16th, 2013.",13,84
1488,No,0,"Take homeowners insurance for instance, we can provide you with competitive quotes for the top insurance companies in the nation.","Take homeowners insurance for instance, we can provide you with competitive quotes for the top insurance companies in the nation.",20,129
1489,No,0,Taking a break from my sabbatical tomorrow at $NUM:$NUM to interview @guygavrielkay onstage at St Ann's Academy.,Taking a break from my sabbatical tomorrow at 7:30 to interview @guygavrielkay onstage at St Ann's Academy.,17,112
1490,No,0,Taking place on Friday the 15th.,Taking place on Friday the 15th.,6,32
1491,No,0,Target date: Nov. 15th and Dec. $NUM cut off,Target date: Nov. 15th and Dec. 1 cut off,9,44
1493,No,0,Thank you for all of the emails.,Thank you for all of the emails.,7,32
1494,No,0,Thank you for following me.,Thank you for following me.,5,27
1497,No,0,Thank you for your time and I look forward to hearing from you.,Thank you for your time and I look forward to hearing from you.,13,63
1498,No,0,Thanks -- I now know that you read notes mail messages very promptly!,Thanks -- I now know that you read notes mail messages very promptly!,13,69
1502,No,0,Thanks for sending a single check.,Thanks for sending a single check.,6,34
1503,No,0,Thanks for sending me your thoughts from the meeting you attended.,Thanks for sending me your thoughts from the meeting you attended.,11,66
1504,No,0,Thanks for the e-mail.,Thanks for the e-mail.,4,22
1505,No,0,Thanks for the email regarding my baby.,Thanks for the email regarding my baby.,7,39
1506,No,0,Thanks for the email.,Thanks for the email.,4,21
1507,No,0,"Thanks for the info, I see a couple of changes I need to make.","Thanks for the info, I see a couple of changes I need to make.",14,62
1509,No,0,Thanx for Nav's address.,Thanx for Nav's address.,4,24
1510,No,0,"That KN Wattenberg order is excellent for us on the jurisdictional issue, so maybe the longer we wait the better the law will get for us.","That KN Wattenberg order is excellent for us on the jurisdictional issue, so maybe the longer we wait the better the law will get for us.",26,137
1511,No,0,"That article, you may recall, is where ECS agreed to create a computerized system that would monitor Continental Divide's electric system utilization and warn when their system peaks were occurring and then automatically take the compressor offline (subject to manual override) so we and ECS could avoid peak period demand charges.","That article, you may recall, is where ECS agreed to create a computerized system that would monitor Continental Divide's electric system utilization and warn when their system peaks were occurring and then automatically take the compressor offline (subject to manual override) so we and ECS could avoid peak period demand charges.",51,331
1514,No,0,That means you didn't send me the attachment.,That means you didn't send me the attachment.,8,45
1516,No,0,That probably would make next week better for me than this week.,That probably would make next week better for me than this week.,12,64
1518,No,0,That should make life fun for you!,That should make life fun for you!,7,34
1523,No,0,That's what confused me because I remember us sending in a fax nom.,That's what confused me because I remember us sending in a fax nom.,13,67
1524,No,0,"The CPUC gets out of the way and stops the practice of ""after-the-fact"" reviews of power purchases.","The CPUC gets out of the way and stops the practice of ""after-the-fact"" reviews of power purchases.",17,99
1525,No,0,The CPUC gets out of the way and stops the practice of after-the-fact reviews of power purchases.,The CPUC gets out of the way and stops the practice of after-the-fact reviews of power purchases.,17,97
1526,No,0,"The Celtics covet him, too, but Cleveland might not give them the chance because of the Cavs' need for size with the uncertainty in their frontcourt.","The Celtics covet him, too, but Cleveland might not give them the chance because of the Cavs' need for size with the uncertainty in their frontcourt.",26,149
1527,No,0,The Celtics need size but can't let a scorer get past them in the draft.,The Celtics need size but can't let a scorer get past them in the draft.,15,72
1530,No,0,The FERC Wednesday proposed limiting the California Power Exchange's price setting mechanism to $$NUM a megawatt-hour.,The FERC Wednesday proposed limiting the California Power Exchange's price setting mechanism to $150 a megawatt-hour.,16,118
1531,No,0,"The Notice of Intent air permit application for the Crawford C/S was mailed to the State of New Mexico, Air Quality Bureau.","The Notice of Intent air permit application for the Crawford C/S was mailed to the State of New Mexico, Air Quality Bureau.",22,123
1532,No,0,The Prime Minister of Japan didn't show up and actually it is expected that he is out of a job on a no confidence vote last night.,The Prime Minister of Japan didn't show up and actually it is expected that he is out of a job on a no confidence vote last night.,27,130
1536,No,0,The Texas Desk needs to get a new product created.,The Texas Desk needs to get a new product created.,10,50
1537,No,0,The above will be held at the Houston Club and will be quite a fun event.,The above will be held at the Houston Club and will be quite a fun event.,16,73
1538,No,0,The address for St. Mary's church is as follows:,The address for St. Mary's church is as follows:,9,48
1539,No,0,"The applicable product numbers are $NUM, $NUM, $NUM, and $NUM.","The applicable product numbers are 33462, 33464, 33491, and 33492.",10,62
1542,No,0,"The available times for the live telephone interview would be $NUM:30pm CT, $NUM:30pm CT, and $NUM:30pm CT.","The available times for the live telephone interview would be 5:30pm CT, 6:30pm CT, and 7:30pm CT.",17,107
1543,No,0,The best of luck getting organized.,The best of luck getting organized.,6,35
1544,No,0,The big issue getting in the way of the deal $NUM continues to be credit.,The big issue getting in the way of the deal 20 continues to be credit.,15,73
1545,No,0,"The biggest artists from every genre, sharing one stage for a legendary weekend in Vegas.","The biggest artists from every genre, sharing one stage for a legendary weekend in Vegas.",15,89
1546,No,0,"The budget, and the R's desire to mess with Davis, are prolonging things a bit.","The budget, and the R's desire to mess with Davis, are prolonging things a bit.",15,79
1547,No,0,The burger war heats up! McDonald's and Burger King collide and we want to know which fast food restaurant do you prefer.,The burger war heats up! McDonald's and Burger King collide and we want to know which fast food restaurant do you prefer.,22,121
1548,No,0,The class schedule hasn't required an afternoon dose as of yet.,The class schedule hasn't required an afternoon dose as of yet.,11,63
1549,No,0,The closing dinner for the big financing will be on Feb. $NUM.,The closing dinner for the big financing will be on Feb. 8.,12,62
1550,No,0,The counseling session provided us with the information needed to provide you options and discuss workable solutions that will help to improve your finances.,The counseling session provided us with the information needed to provide you options and discuss workable solutions that will help to improve your finances.,24,157
1551,No,0,The delivery point is Rayne.,The delivery point is Rayne.,5,28
1552,No,0,The delivery to the citygate should be on the big FOM deal ticket comingled with everything else.,The delivery to the citygate should be on the big FOM deal ticket comingled with everything else.,17,97
1555,No,0,The first email was what I sent to Burton and Susan.,The first email was what I sent to Burton and Susan.,11,52
1557,No,0,"The following title is scheduled for removal on Wednesday, August 28th.","The following title is scheduled for removal on Wednesday, August 28th.",11,71
1559,No,0,"The great national experiment to open the sale of electricity to competition, which California has been largely credited with pioneering, was supposed to lower prices by freeing consumers from the monopolistic grip of government regulated utilities.","The great national experiment to open the sale of electricity to competition, which California has been largely credited with pioneering, was supposed to lower prices by freeing consumers from the monopolistic grip of government regulated utilities.",36,249
1560,No,0,"The guy negotiating the bill on behalf of IEP told me that there's a $NUM% chance that it will make it out of the Senate by the end of next week, which means that it still has quite a ways to go.","The guy negotiating the bill on behalf of IEP told me that there's a 35-40% chance that it will make it out of the Senate by the end of next week, which means that it still has quite a ways to go.",42,195
1561,No,0,The insurance policies were not available at the time of this due diligence to determine policy applicability and coverage amounts for this site.,The insurance policies were not available at the time of this due diligence to determine policy applicability and coverage amounts for this site.,23,145
1562,No,0,"The intersection between publishing and technology would be the perfect fit for me, and the innovation behind BookVibe is so exciting.","The intersection between publishing and technology would be the perfect fit for me, and the innovation behind BookVibe is so exciting.",21,134
1563,No,0,"The kids love our home tradition for the game, and weren't sure that they wanted to give that up.","The kids love our home tradition for the game, and weren't sure that they wanted to give that up.",19,97
1564,No,0,"The latest piece of news is your possible chapter $NUM filing, and I've been raking my mind trying to see if you guys will be taken care of in that case.","The latest piece of news is your possible chapter 7 filing, and I've been raking my mind trying to see if you guys will be taken care of in that case.",31,153
1565,No,0,The meeting between Skilling & the Governor went well.,The meeting between Skilling & the Governor went well.,9,54
1566,No,0,"The meeting is about the balancing act--profits vs. principles, short vs. long-term needs, and listening to multiple stakeholders.","The meeting is about the balancing act--profits vs. principles, short vs. long-term needs, and listening to multiple stakeholders.",18,130
1567,No,0,"The meeting is about the balancing act-profits vs. principles, short vs. long-term needs, and listening to multiple stakeholders.","The meeting is about the balancing act-profits vs. principles, short vs. long-term needs, and listening to multiple stakeholders.",18,129
1568,No,0,"The meeting was convened at the request of Doug Arnell, but Jeff Shankman thinks that there is no need for formal meetings: we can ask them for the information directly on as needed basis.","The meeting was convened at the request of Doug Arnell, but Jeff Shankman thinks that there is no need for formal meetings: we can ask them for the information directly on as needed basis.",34,188
1569,No,0,"The mornings will be the best time to learn, but you can spend as much time as you want.","The mornings will be the best time to learn, but you can spend as much time as you want.",19,88
1571,No,0,"The new HomeRun by Deem offer for $$NUM for Two Tickets to the Killian Hall Wedding Expo on Sunday, July 14th is up here: $LINK","The new HomeRun by Deem offer for $10 for Two Tickets to the Killian Hall Wedding Expo on Sunday, July 14th is up here: $LINK",25,127
1572,No,0,The new HomeRun by Deem offer for $$NUM for Four Drop-In Children’s Fitness Classes & Four Weeks of Unlimited Gym Access is up here: $LINK,The new HomeRun by Deem offer for $29 for Four Drop-In Children’s Fitness Classes &amp; Four Weeks of Unlimited Gym Access is up here: $LINK,25,138
1573,No,0,The new HomeRun by Deem offer for $$NUM for a Student Assessment and $NUM Weeks of $NUMHour Math or English Classes is up here: $LINK,The new HomeRun by Deem offer for $49 for a Student Assessment and 4 Weeks of 1-Hour Math or English Classes is up here: $LINK,25,133
1574,No,0,"The new product will be a day product like our current Katy and HSC Pool products, so it will be a fixed price product for next day gas delivered at the Corpus location.","The new product will be a day product like our current Katy and HSC Pool products, so it will be a fixed price product for next day gas delivered at the Corpus location.",33,169
1575,No,0,The nightly feedings are close at hand!!,The nightly feedings are close at hand!!,7,40
1576,No,0,The online team has scheduled a new employee training for tomorrow and at $NUM:$NUM am Tom Moran and I are going to give a presentation on online approval procedures.,The online team has scheduled a new employee training for tomorrow and at 10:30 am Tom Moran and I are going to give a presentation on online approval procedures.,29,166
1578,No,0,The plan of getting short for OCT bidweek no longer applies because of reduced basis risk in OCT basis.,The plan of getting short for OCT bidweek no longer applies because of reduced basis risk in OCT basis.,19,103
1580,No,0,The position unites all the Field Operations actions together with the world wide corporate business plan: $NUM.,The position unites all the Field Operations actions together with the world wide corporate business plan: 1.,17,112
1582,No,0,"The purpose of my visit is in regard to my Global Risk Management Operations role, I believe that Rick Causey met with you regarding some operations support that Brent and I will provide to Fernley during a transition period prior to the arrival and during the assimilation of Michael Jordan, the JP Morgan staffer that Fernley has hired.","The purpose of my visit is in regard to my Global Risk Management Operations role, I believe that Rick Causey met with you regarding some operations support that Brent and I will provide to Fernley during a transition period prior to the arrival and during the assimilation of Michael Jordan, the JP Morgan staffer that Fernley has hired.",58,338
1586,No,0,The remote computers that you want to access must be on and running the PocketCloud Companion app.,The remote computers that you want to access must be on and running the PocketCloud Companion app.,17,98
1587,No,0,The residual liquid binds with the butter to make the pasta succulent.,The residual liquid binds with the butter to make the pasta succulent.,12,70
1588,No,0,"The rest of the morning will be spent in breakout teams, with assignments to come up with specific action steps to strengthen operating controls, improve the accuracy of information provided and move toward best practices in providing mid and back office services within Enron.","The rest of the morning will be spent in breakout teams, with assignments to come up with specific action steps to strengthen operating controls, improve the accuracy of information provided and move toward best practices in providing mid and back office services within Enron.",44,277
1593,No,0,The short bonus questionnaire will take under $NUM minutes to complete.,The short bonus questionnaire will take under 2 minutes to complete.,11,71
1594,No,0,The short bonus survey will take under $NUM minutes to finish.,The short bonus survey will take under 2 minutes to finish.,11,62
1595,No,0,The students in the class are were very smart -- many of them already have experience in the energy industries -- and we believe the course puts them in a position to immediately contribute to any energy-related organization that they would join.,The students in the class are were very smart -- many of them already have experience in the energy industries -- and we believe the course puts them in a position to immediately contribute to any energy-related organization that they would join.,42,246
1596,No,0,"The three iWork apps - Pages, Numbers and Keynote - have been available on the iPad since the tablet's debut in April $NUM.","The three iWork apps - Pages, Numbers and Keynote - have been available on the iPad since the tablet's debut in April 2010.",23,123
1599,No,0,"The turbines will be assigned to two sister Delaware LLCS: CA Energy Development I, LLC and CA Energy Development II, LLC.","The turbines will be assigned to two sister Delaware LLCS: CA Energy Development I, LLC and CA Energy Development II, LLC.",21,122
1601,No,0,"Then, on Sunday, I did something and now can't get the computer to load up windows.","Then, on Sunday, I did something and now can't get the computer to load up windows.",16,83
1602,No,0,There are a number of people here in Houston that could probably give you a read on her based on very recent experience.,There are a number of people here in Houston that could probably give you a read on her based on very recent experience.,23,120
1604,No,0,There are only TWO DAYS LEFT to save up to $NUM% on select styles for the entire family!,There are only TWO DAYS LEFT to save up to 50% on select styles for the entire family!,18,88
1605,No,0,"There could be a play to get a hefty sum up front from a consulting firm to partner with us - we impart our risk knowledge, they get the edge in the marketplace from pairing with us, we take our upfront payment, they do most of the grinding work - not necessarily a bad model.","There could be a play to get a hefty sum up front from a consulting firm to partner with us - we impart our risk knowledge, they get the edge in the marketplace from pairing with us, we take our upfront payment, they do most of the grinding work - not necessarily a bad model.",55,276
1606,No,0,"There has been a change in plans, the dinner is now going to be held at Pastor Beth's.","There has been a change in plans, the dinner is now going to be held at Pastor Beth's.",18,86
1607,No,0,There is also a position open for Director of Development of Rice University and I have contacted Malcolm Gillis and Christie Patrick happens to be meeting with him today so she is going to mention that I am interested.,There is also a position open for Director of Development of Rice University and I have contacted Malcolm Gillis and Christie Patrick happens to be meeting with him today so she is going to mention that I am interested.,39,219
1608,No,0,There is also hope that any deal would be used as a way to get Pacific Gas & Electric Co. out of bankruptcy.,There is also hope that any deal would be used as a way to get Pacific Gas & Electric Co. out of bankruptcy.,23,108
1609,No,0,"There is an Enron happy hour for Beth that I will stop by at $NUM:$NUM that night, but I expect to be free after that.","There is an Enron happy hour for Beth that I will stop by at 6:30 that night, but I expect to be free after that.",25,118
1610,No,0,There is not enough data on it to make an educated decision.,There is not enough data on it to make an educated decision.,12,60
1611,No,0,"There is sheer disaster that impacts many companies/locations (which may require one approach), and then there is nusance stuff (frozen freeways in Houston, etc.) that really requires an updated contact list and set of notification procedures.","There is sheer disaster that impacts many companies/locations (which may require one approach), and then there is nusance stuff (frozen freeways in Houston, etc.) that really requires an updated contact list and set of notification procedures.",36,243
1612,No,0,"There may be some slight changes before the forum begins, but this will give you a good idea of the topics to be covered and the other speakers who will address the group.","There may be some slight changes before the forum begins, but this will give you a good idea of the topics to be covered and the other speakers who will address the group.",33,171
1613,No,0,There was a general discussion about whether going to numbers made it seem more competitive.,There was a general discussion about whether going to numbers made it seem more competitive.,15,92
1614,No,0,"There were references to a $NUM document in the ""Baseline"" report for specific parameters, but there may have been an update to target contamination level requirements since that date and therefore, I used $NUM ppm which is a general action level for most states for total petroleum hydrocarbons.","There were references to a 1989 document in the ""Baseline"" report for specific parameters, but there may have been an update to target contamination level requirements since that date and therefore, I used 10,000 ppm which is a general action level for most states for total petroleum hydrocarbons.",48,296
1616,No,0,"Therefore, I think the questions which Tozzinni needs to address are along the lines of:","Therefore, I think the questions which Tozzinni needs to address are along the lines of:",15,88
1617,No,0,These are my hours: 8am to 5pm,These are my hours: 8am to 5pm,7,30
1618,No,0,"These changes will take effect October $NUM, $NUM and will apply to your account from this date forward.","These changes will take effect October 17, 2013 and will apply to your account from this date forward.",18,104
1619,No,0,"These deals are going to accelerate--very confidentially, they are directly linked to getting the universe connected to Enron On-line, our very successful B2B website.","These deals are going to accelerate--very confidentially, they are directly linked to getting the universe connected to Enron On-line, our very successful B2B website.",24,167
1620,No,0,These technologies carry great promise for addressing some of the challenges currently faced by regulators and market participants alike.,These technologies carry great promise for addressing some of the challenges currently faced by regulators and market participants alike.,19,137
1621,No,0,"They also won two special judges awards - not given out every time, but only when the judges want to especially recognize achievements.","They also won two special judges awards - not given out every time, but only when the judges want to especially recognize achievements.",23,135
1622,No,0,They are being re-deployed out of the upstream services group and have significant experience and relationships in the producer services market segment.,They are being re-deployed out of the upstream services group and have significant experience and relationships in the producer services market segment.,22,152
1623,No,0,They are sending me a brochure.,They are sending me a brochure.,6,31
1624,No,0,They are taking him out of the hospital tomorrow or Wed.,They are taking him out of the hospital tomorrow or Wed.,11,56
1625,No,0,They discuss countless ways to get the new duds you want without the price tag you have come to expect.,They discuss countless ways to get the new duds you want without the price tag you have come to expect.,20,103
1626,No,0,They helped me book my room over the phone.,They helped me book my room over the phone.,9,43
1628,No,0,"They land and the pilot turns to Stumpy, ""By golly, I did everything I could think of to get you to yell out, but you didn't.""","They land and the pilot turns to Stumpy, ""By golly, I did everything I could think of to get you to yell out, but you didn't.""",26,126
1629,No,0,"They land and the pilot turns to Stumpy, By golly, I did everything I could think of to get you to yell out, but you didn't.","They land and the pilot turns to Stumpy, By golly, I did everything I could think of to get you to yell out, but you didn't.",26,124
1632,No,0,They'll send me the data if we need it.,They'll send me the data if we need it.,9,39
1634,No,0,This Friday and Saturday take $NUM% off our entire collection of women's and girls Flurry Mocs* + take an additional $NUM% off all regular priced merchandise with coupon code $NUM.**,This Friday and Saturday take 50% off our entire collection of women's and girls Flurry Mocs* + take an additional 30% off all regular priced merchandise with coupon code 251415618.**,30,182
1635,No,0,This amount of time should be adequate to put together a short study on your different options.,This amount of time should be adequate to put together a short study on your different options.,17,95
1637,No,0,This deal is for deliveries to Storage.,This deal is for deliveries to Storage.,7,39
1639,No,0,"This e-mail is to follow up our conversation Friday, June1st regarding a sponsorship for the National Bar Association Convention to be held in Dallas July $NUM - August $NUM, $NUM.","This e-mail is to follow up our conversation Friday, June1st regarding a sponsorship for the National Bar Association Convention to be held in Dallas July 28 - August 4, 2001.",30,180
1640,No,0,"This email is being sent on behalf of Enotem by Opt-Intelligence, to confirm your opt-in to the Enotem offer on PandaResearch.com at $NUM:$NUM PM $NUM/$NUM/$NUM.","This email is being sent on behalf of Enotem by Opt-Intelligence, to confirm your opt-in to the Enotem offer on PandaResearch.com at 10:07 PM 06/26/14.",25,161
1644,No,0,This has strong support in the track and field community and may be the most important advantage that Houston has over competing cities. John has a $NUMminute video he would like to show you that features some very strong endorsements of the Astrodome track and field facility from some of the most important people in track and field worldwide.,This has strong support in the track and field community and may be the most important advantage that Houston has over competing cities. John has a 10-minute video he would like to show you that features some very strong endorsements of the Astrodome track and field facility from some of the most important people in track and field worldwide.,59,345
1646,No,0,This is a Cyber Monday deal you won't want to miss.,This is a Cyber Monday deal you won&#39;t want to miss.,11,51
1647,No,0,This is a media enriched email.,This is a media enriched email.,6,31
1649,No,0,"This is a post-only message, please do not reply.","This is a post-only message, please do not reply.",9,49
1651,No,0,This is freeware.,This is freeware.,3,17
1652,No,0,This is really starting to get wierd.,This is really starting to get wierd.,7,37
1653,No,0,This is the most prepared we will have ever been for the weekend.,This is the most prepared we will have ever been for the weekend.,13,65
1654,No,0,This is the perfect time to start taking paid surveys and I look forward to welcoming you as our newest member!,This is the perfect time to start taking paid surveys and I look forward to welcoming you as our newest member!,21,111
1655,No,0,This is very early in development but we have high expectations in this area.,This is very early in development but we have high expectations in this area.,14,77
1656,No,0,"This is your opportunity to meet wonderful people, build fulfilling relationships and make a difference in the lives of aging adults and their families.","This is your opportunity to meet wonderful people, build fulfilling relationships and make a difference in the lives of aging adults and their families.",24,152
1657,No,0,This is your shot to look good while your soaking in the sun enjoying an ice cold summer drink.,This is your shot to look good while your soaking in the sun enjoying an ice cold summer drink.,19,95
1658,No,0,This isn't the right guy but he can get you to someone - Mike Garred x35488.,This isn't the right guy but he can get you to someone - Mike Garred x35488.,16,76
1659,No,0,This issue will be addressed under the section of the Linnton Manufactured Gas Plant.,This issue will be addressed under the section of the Linnton Manufactured Gas Plant.,14,85
1660,No,0,This just did it all for me.,This just did it all for me.,7,28
1662,No,0,This message is provided for informational purposes and should not be construed as a solicitation or offer to buy or sell any securities or related financial instruments.,This message is provided for informational purposes and should not be construed as a solicitation or offer to buy or sell any securities or related financial instruments.,27,170
1664,No,0,"This month, we launched a new Premium feature to search inside documents attached to notes, added PDF annotation and new tools in Skitch for fast and friendly feedback, and redesigned Evernote Food for Android to help you remember all the food you love.","This month, we launched a new Premium feature to search inside documents attached to notes, added PDF annotation and new tools in Skitch for fast and friendly feedback, and redesigned Evernote Food for Android to help you remember all the food you love.",43,253
1665,No,0,"This project, Entelligence, has been endorsed by Greg Whalley and Jeff Shankman and is currently under development for delivery later this quarter.","This project, Entelligence, has been endorsed by Greg Whalley and Jeff Shankman and is currently under development for delivery later this quarter.",22,147
1666,No,0,This should allow us to have another discussion.,This should allow us to have another discussion.,8,48
1668,No,0,"This support was fully effective with the help of World Bank after a summit meeting in London, on the financial analysis on financial stability issues fluctuating their economy with the international global standard.","This support was fully effective with the help of World Bank after a summit meeting in London, on the financial analysis on financial stability issues fluctuating their economy with the international global standard.",33,216
1669,No,0,This tension has given people lots of heartburn.,This tension has given people lots of heartburn.,8,48
1670,No,0,This value should not be given to Sharp unless he bears the cost of the facilities.,This value should not be given to Sharp unless he bears the cost of the facilities.,16,83
1671,No,0,This was the second e:mail that I had sent to Kim regarding Brent with no reply back.,This was the second e:mail that I had sent to Kim regarding Brent with no reply back.,17,85
1673,No,0,"This week on Qwiki, creators carve cat faces onto Halloween pumpkins, we discover the beauty of Hawaii's Lanai Island, and Banksy makes his mark in New York City.","This week on Qwiki, creators carve cat faces onto Halloween pumpkins, we discover the beauty of Hawaii's Lanai Island, and Banksy makes his mark in New York City.",28,162
1677,No,0,This will let you access your JeeoSuite by entering a friendly url into your web-browser.,This will let you access your JeeoSuite by entering a friendly url into your web-browser.,15,89
1679,No,0,"This would be included in the section under Commercial Support, added as an additional bullet point beneath the one that addresses Business Analysis and Reporting (I believe that these bullet points are on Page $NUM of the draft memo).","This would be included in the section under Commercial Support, added as an additional bullet point beneath the one that addresses Business Analysis and Reporting (I believe that these bullet points are on Page 3 of the draft memo).",39,235
1680,No,0,"This year, we're putting the spotlight on you for the chance to perform in front of thousands of screaming fans and open for music star, Chase Rice, while he is on tour promoting his new album,","This year, we're putting the spotlight on you for the chance to perform in front of thousands of screaming fans and open for music star, Chase Rice, while he is on tour promoting his new album,",36,193
1681,No,0,"Though you hopefully did not mean to, my feeling were very hurt by your last one and I just cannot deal with that again right now.","Though you hopefully did not mean to, my feeling were very hurt by your last one and I just cannot deal with that again right now.",26,130
1682,No,0,"Though you'll be subject to interest and possible penalty charges for late payment of your taxes, you'll avoid being hit with a late-filing penalty, which runs a steep five percent a month (up to a maximum $NUM percent.)","Though you'll be subject to interest and possible penalty charges for late payment of your taxes, you'll avoid being hit with a late-filing penalty, which runs a steep five percent a month (up to a maximum 25 percent.)",38,220
1683,No,0,"Through that hard work, I believe that I have your confidence in my ability to deliver results.","Through that hard work, I believe that I have your confidence in my ability to deliver results.",17,95
1684,No,0,"Through the following brief survey, I'd like to find out what you love about Fanhattan, and what we need to do more of to earn your love.","Through the following brief survey, I'd like to find out what you love about Fanhattan, and what we need to do more of to earn your love.",27,137
1686,No,0,Tim: I think this is Rob's new email address.,Tim: I think this is Rob's new email address.,9,45
1688,No,0,Time to get back into studying.,Time to get back into studying.,6,31
1690,No,0,Title: Meeting,Title: Meeting,2,14
1692,No,0,"To execute the transition, California should ho ld a competitive solicitation in which competing service providers would bid f or the right to serve segments, or =$NUM&tranches,=$NUM of utility load.","To execute the transition, California should ho ld a competitive solicitation in which competing service providers would bid f or the right to serve segments, or =01&tranches,=018 of utility load.",30,199
1694,No,0,"To this end, I have recently studied possible options for reaching the targeted savings.","To this end, I have recently studied possible options for reaching the targeted savings.",14,88
1697,No,0,Today I wanted to give you access to my Home Study Course.,Today I wanted to give you access to my Home Study Course.,12,58
1699,No,0,Today we are proud to introduce Business Management Apps that bring you a new way to manage more of your business from a single location.,Today we are proud to introduce Business Management Apps that bring you a new way to manage more of your business from a single location.,25,137
1702,No,0,"Today, you have a chance to earn a pack Mr. Clean's Magic Eraser.","Today, you have a chance to earn a pack Mr. Clean's Magic Eraser.",13,65
1703,No,0,Together they will execute the visions of the company into reality.,Together they will execute the visions of the company into reality.,11,67
1704,No,0,Tokatee Falls.,Tokatee Falls.,2,14
1706,No,0,"Tomorrow: stand with #Manning, #Assange, #WikiLeaks on Cablegate anniversary.","Tomorrow: stand with #Manning, #Assange, #WikiLeaks on Cablegate anniversary.",9,77
1707,No,0,Tonight is yoga night.,Tonight is yoga night.,4,22
1708,No,0,Too bad about the write-off but I did enjoy the LJM story in the WSJ.,Too bad about the write-off but I did enjoy the LJM story in the WSJ.,15,69
1709,No,0,Top $NUM PG&E creditors Bank of New York ($$NUM billion) California Power Exchange ($$NUM billion) Bankers Trust Co. ($$NUM billion) California Independent System Operator ($$NUM billion) Bank of America ($$NUM million) U.S. Bank ($$NUM million) Calpine Gilroy Cogeneration ($$NUM million) Calpine Greenleaf ($$NUM million) Crocket Cogeneration ($$NUM million) Calpine King City ($$NUM million) E-mail David Lazarus at $EMAIL.,Top 10 PG&E creditors Bank of New York ($2.2 billion) California Power Exchange ($1.9 billion) Bankers Trust Co. ($1.3 billion) California Independent System Operator ($1.1 billion) Bank of America ($938 million) U.S. Bank ($310 million) Calpine Gilroy Cogeneration ($57 million) Calpine Greenleaf ($49 million) Crocket Cogeneration ($48 million) Calpine King City ($45 million) E-mail David Lazarus at dlazarus@sfchronicle.com.,58,426
1711,No,0,"Touch up your make-up, put a ribbon in your hair > and be > > fresh looking.","Touch up your make-up, put a ribbon in your hair > and be > > fresh looking.",17,76
1712,No,0,Tough getting going this morning.,Tough getting going this morning.,5,33
1713,No,0,Toyota is planning to sell $NUM Highlanders in calendar year $NUM.,"Toyota is planning to sell 70,000 Highlanders in calendar year 2001.",11,66
1716,No,0,"Trey is going to get Playstation $NUM once they become available, so you may want to find a game for the new machine.","Trey is going to get Playstation 2 once they become available, so you may want to find a game for the new machine.",23,117
1717,No,0,"Trey, Unfortunately, I do not know of any position at Enron that would be available.","Trey, Unfortunately, I do not know of any position at Enron that would be available.",15,84
1718,No,0,"Tried to call, but I think your voicemail is messed up out there today.","Tried to call, but I think your voicemail is messed up out there today.",14,71
1719,No,0,"Tried to leave you a voice mail message, but no one in the office knew how to transfer my call into voice mail.","Tried to leave you a voice mail message, but no one in the office knew how to transfer my call into voice mail.",23,111
1721,No,0,Twitter helps you stay connected with what's happening right now and with the people and organizations you care about.,Twitter helps you stay connected with what's happening right now and with the people and organizations you care about.,19,118
1723,No,0,"Two action items: a) Print out for John - Commercial Income & Summary worksheets for his comment and review & b) Start putting completed commercial packages together for distribution/further comment by the business units in the next couple of weeks - include detailed income statement, headcount, balance sheet (including expected increases,decreases, capital charge and depreciation), leave pages open for goals & objectives and target customer list.","Two action items: a) Print out for John - Commercial Income & Summary worksheets for his comment and review & b) Start putting completed commercial packages together for distribution/further comment by the business units in the next couple of weeks - include detailed income statement, headcount, balance sheet (including expected increases,decreases, capital charge and depreciation), leave pages open for goals & objectives and target customer list.",66,451
1727,No,0,"Under the NM statute, we may get $NUM years worth of recovery ( or more, I guess, if they did something to toll the SOL).","Under the NM statute, we may get 6 years worth of recovery ( or more, I guess, if they did something to toll the SOL).",25,121
1729,No,0,Unfortunately we have a lot of late nights waiting on systems - like we are right now.,Unfortunately we have a lot of late nights waiting on systems - like we are right now.,17,86
1730,No,0,"Unfortunately, I need to reschedule.","Unfortunately, I need to reschedule.",5,36
1731,No,0,"Unfortunately, Sally is not available on Thursday either - she will be at the Enron Management conference in San Antonio Thursday & Friday.","Unfortunately, Sally is not available on Thursday either - she will be at the Enron Management conference in San Antonio Thursday & Friday.",23,139
1732,No,0,"Unfortunately, do to Mr. Lay's schedule he will not be able to participate.","Unfortunately, do to Mr. Lay's schedule he will not be able to participate.",13,75
1735,No,0,Up to $NUM% Off Furniture at Target! Offer Ends $NUM/$NUM.,Up to 30% Off Furniture at Target! Offer Ends 7/12.,10,58
1736,No,0,Update your email preferences to make sure you receive the messages you want to receive.,Update your email preferences to make sure you receive the messages you want to receive.,15,88
1737,No,0,"Updated: Thursday, January $NUM, $NUM $NUM:$NUM AM?ET ?Email this article to a friend!","Updated: Thursday, January 25, 2001 08:36 AM?ET ?Email this article to a friend!",13,86
1738,No,0,Upin looks to Ariba and i2 Technologies as examples of companies that are actually delivering.,Upin looks to Ariba and i2 Technologies as examples of companies that are actually delivering.,15,94
1739,No,0,"Urturn, $NUM Rivington Street, Shoreditch, London EC2A 3DT","Urturn, 1-3 Rivington Street, Shoreditch, London EC2A 3DT",8,58
1740,No,0,Via a US Controller - will plan and manage the US Budget for expenses and payroll.,Via a US Controller - will plan and manage the US Budget for expenses and payroll.,16,82
1741,No,0,"Via.Me is a limited time promotion, get it while it is free and earn $NUM AppRedeem points towards Gift Codes and Cash from Amazon, Starbucks, Xbox, PayPal and many others!","Via.Me is a limited time promotion, get it while it is free and earn 700 AppRedeem points towards Gift Codes and Cash from Amazon, Starbucks, Xbox, PayPal and many others!",30,172
1742,No,0,"Viggy, did we get the info from our briefing on the matrix to the no-shows like Steve Harris and John Dushinske (and Bob if he was a no show?)","Viggy, did we get the info from our briefing on the matrix to the no-shows like Steve Harris and John Dushinske (and Bob if he was a no show?)",29,142
1743,No,0,"Vote as many times as you want until Sept. $NUM and help make someone's dream come true - the winner will open for Montgomery Gentry in Richmond, Va on Thursday, September 19th!","Vote as many times as you want until Sept. 11 and help make someone's dream come true - the winner will open for Montgomery Gentry in Richmond, Va on Thursday, September 19th!",32,177
1744,No,0,WEEK OF $NUM/$NUM,WEEK OF 10/16,3,17
1745,No,0,Wallace has carefully prepared her material.,Wallace has carefully prepared her material.,6,44
1746,No,0,"Wanted to get the date on your calendar, however.","Wanted to get the date on your calendar, however.",9,49
1747,No,0,"We (kids and me) will not eat until we get home, but it will be ready when you get home.","We (kids and me) will not eat until we get home, but it will be ready when you get home.",20,88
1752,No,0,"We are getting considerable traction with the idea of using a ""benchmark"" to judge utility purchases, similar in concept to what's in place on the gas side.","We are getting considerable traction with the idea of using a ""benchmark"" to judge utility purchases, similar in concept to what's in place on the gas side.",27,156
1753,No,0,"We are getting considerable traction with the idea of using a benchmark to judge utility purchases, similar in concept to what's in place on the gas side.","We are getting considerable traction with the idea of using a benchmark to judge utility purchases, similar in concept to what's in place on the gas side.",27,154
1754,No,0,We are going to JasonTidwell's wededding in Galveston Saturday - it starts at $NUM p.m.,We are going to JasonTidwell's wededding in Galveston Saturday - it starts at 6 p.m.,15,87
1755,No,0,We are hoping that your schedule will be open between the days of Tues.,We are hoping that your schedule will be open between the days of Tues.,14,71
1756,No,0,We are looking forward to you presenting at the conference.,We are looking forward to you presenting at the conference.,10,59
1757,No,0,We are not prepared to pay the suppliers for July.,We are not prepared to pay the suppliers for July.,10,50
1758,No,0,We are now flying out after the meeting on Friday on the company plane.,We are now flying out after the meeting on Friday on the company plane.,14,71
1759,No,0,We are out on Thursday afternoon.,We are out on Thursday afternoon.,6,33
1760,No,0,We are running out of time to finalize the budgeting process.,We are running out of time to finalize the budgeting process.,11,61
1761,No,0,We are sending you by messenger today a subpoena that we received last night asking that you produce documents and appear to give testimony before the SEC.,We are sending you by messenger today a subpoena that we received last night asking that you produce documents and appear to give testimony before the SEC.,27,155
1765,No,0,We are waiting to see if I'm going to be in town on Thursday to make plans.,We are waiting to see if I'm going to be in town on Thursday to make plans.,17,75
1766,No,0,"We are working on a term sheet, and I will be in NYC later this week to continue negotations with the customer.","We are working on a term sheet, and I will be in NYC later this week to continue negotations with the customer.",22,111
1767,No,0,We are working on the PPA tomorrow.,We are working on the PPA tomorrow.,7,35
1768,No,0,We at Options are committed to providing you with tools and information you can use to help make informed decisions about indoor air quality (IAQ) and your business.,We at Options are committed to providing you with tools and information you can use to help make informed decisions about indoor air quality (IAQ) and your business.,28,165
1769,No,0,"We can help you find the best rates on your health insurance, no matter your age.","We can help you find the best rates on your health insurance, no matter your age.",16,81
1770,No,0,We can help you make $$NUM from home this month...,We can help you make $2500 from home this month...,10,50
1771,No,0,We can help.,We can help.,3,12
1774,No,0,We did not get out early last night.,We did not get out early last night.,8,36
1776,No,0,We discussed this with Mike last night.,We discussed this with Mike last night.,7,39
1777,No,0,"We do have a monthly fee of $$NUM that we are receiving from Bridgeline that, while small, you could include in our revenue line to date.","We do have a monthly fee of $16,000 that we are receiving from Bridgeline that, while small, you could include in our revenue line to date.",26,137
1778,No,0,"We do have a project entity to use, and Accounting (and Global Finace) have been involved on the MTM and off balance sheet issues.","We do have a project entity to use, and Accounting (and Global Finace) have been involved on the MTM and off balance sheet issues.",24,130
1780,No,0,We find out next week what we are having...can't wait.,We find out next week what we are having...can't wait.,10,54
1782,No,0,We have a few seats available and would like to offer you $$NUM off the regular seminar price.,We have a few seats available and would like to offer you $150 off the regular seminar price.,18,94
1783,No,0,We have a noon appointment with John Foster THIS Wednesday.,We have a noon appointment with John Foster THIS Wednesday.,10,59
1786,No,0,We have discussed this before but I think this is important to send out and $NUM officially address.,We have discussed this before but I think this is important to send out and 20 officially address.,18,100
1787,No,0,We have given my time and the resources from the group.,We have given my time and the resources from the group.,11,55
1789,No,0,"We have it in as $NUM, as you do in this e-mail.","We have it in as 2,500, as you do in this e-mail.",12,48
1792,No,0,We have the new guys up and running and hope to really make some things happen from here on out.,We have the new guys up and running and hope to really make some things happen from here on out.,20,96
1794,No,0,We heard from many of you regarding the financial hardship this shut down may cause Schultz area producers while a gas delivery alternative was being constructed.,We heard from many of you regarding the financial hardship this shut down may cause Schultz area producers while a gas delivery alternative was being constructed.,26,162
1796,No,0,We hope you enjoy our new Application!,We hope you enjoy our new Application!,7,38
1797,No,0,We know life can get hectic and that's where we can help.,We know life can get hectic and that's where we can help.,12,57
1798,No,0,"We leave the choice to you, because we are available either night...","We leave the choice to you, because we are available either night...",12,68
1799,No,0,"We like to think of GitHub as the best way to build and ship software, and it's great to have you on board!","We like to think of GitHub as the best way to build and ship software, and it's great to have you on board!",23,107
1800,No,0,"We look forward to finding out which apps you know and love, and welcome you on a journey of app discovery.","We look forward to finding out which apps you know and love, and welcome you on a journey of app discovery.",21,107
1801,No,0,We make no representation or warranty as to the absence of viruses in this e-mail or any attachments.,We make no representation or warranty as to the absence of viruses in this e-mail or any attachments.,18,101
1803,No,0,We ought to talk to Lou to make sure we have the latest info as I haven't talked to him since Thursday.,We ought to talk to Lou to make sure we have the latest info as I haven't talked to him since Thursday.,22,103
1805,No,0,We remain committed to serving producers throughout the Appalachian Basin and hope this operating decision addresses the concerns voiced by you.,We remain committed to serving producers throughout the Appalachian Basin and hope this operating decision addresses the concerns voiced by you.,21,144
1807,No,0,We request that you review and submit your membership documents electronically in order to expedite your proposal approval process and to avoid any creditor delays.,We request that you review and submit your membership documents electronically in order to expedite your proposal approval process and to avoid any creditor delays.,25,164
1808,No,0,We seemed to have brought it back here this week as we are really having spring weather.,We seemed to have brought it back here this week as we are really having spring weather.,17,88
1810,No,0,"We should definitely set up a time to grab dinner, coffee, anything - i would really love that.","We should definitely set up a time to grab dinner, coffee, anything - i would really love that.",18,95
1811,No,0,We should not have to give another full blown session in the future.,We should not have to give another full blown session in the future.,13,68
1814,No,0,We understand you'd like to change your password.,We understand you'd like to change your password.,8,49
1815,No,0,"We want to have an internal conference call at $NUM (instato discuss the enovate intercompany loans, and address any issues raised by the Enron commercial/financial team.","We want to have an internal conference call at 330 (instato discuss the enovate intercompany loans, and address any issues raised by the Enron commercial/financial team.",26,170
1816,No,0,We want to help you get the most from the exciting world of eReading.,We want to help you get the most from the exciting world of eReading.,14,69
1818,No,0,We want to personally thank you for agreeing to join the Energy Committee of the C.T. Bauer College of Business Dean's Advisory Board (Current Committee Members Attached).,We want to personally thank you for agreeing to join the Energy Committee of the C.T. Bauer College of Business Dean's Advisory Board (Current Committee Members Attached).,27,171
1819,No,0,We went into the FERC proceeding believing that the Chief ALJ was not likely to give us a good decision.,We went into the FERC proceeding believing that the Chief ALJ was not likely to give us a good decision.,20,104
1820,No,0,"We were also only able to get in our $NUM% of nominations with NWPL's help, as they extended the nomination deadline for us.","We were also only able to get in our 80% of nominations with NWPL's help, as they extended the nomination deadline for us.",23,124
1821,No,0,We were just up to our ears in a project that had to go out on the Wednesday following Labor Day.,We were just up to our ears in a project that had to go out on the Wednesday following Labor Day.,21,97
1822,No,0,"We will be sure to get this informaiton to you by Friday of this week, so that you can provide Mark with a copy when he is in the London office on Monday.","We will be sure to get this informaiton to you by Friday of this week, so that you can provide Mark with a copy when he is in the London office on Monday.",33,154
1824,No,0,We will make sure that the deals are on the correct counterparty (North or South),We will make sure that the deals are on the correct counterparty (North or South),15,81
1825,No,0,We will pay all of those people's expenses and of course the business leaders will be on board with the hiring and the weather guys will $NUM be expected to be a valuable team player and resource to their group.,We will pay all of those people's expenses and of course the business leaders will be on board with the hiring and the weather guys will 20 be expected to be a valuable team player and resource to their group.,40,211
1829,No,0,"We would like to offer you $NUM FREE days of Anywhere Access Pack ,our most popular feature!","We would like to offer you 7 FREE days of Anywhere Access Pack ,our most popular feature!",17,92
1830,No,0,"We would propose lifting the cap through amendment s to SB27X, which is designed to facilitate development of distributed generation.","We would propose lifting the cap through amendment s to SB27X, which is designed to facilitate development of distributed generation.",20,133
1831,No,0,We'd like to introduce you to our Home Job Search Engine.,We'd like to introduce you to our Home Job Search Engine.,11,57
1832,No,0,We'd like to share with you a few things that are brand spankin' new:,We'd like to share with you a few things that are brand spankin' new:,14,69
1833,No,0,We'll be prepared to help in away way you see fit.),We'll be prepared to help in away way you see fit.),11,51
1835,No,0,We'll just get through this day and start over tomorrow.,We'll just get through this day and start over tomorrow.,10,56
1838,No,0,We've tried to tell everyone but I bet you still get phonecalls until we are out of it.,We've tried to tell everyone but I bet you still get phonecalls until we are out of it.,18,87
1840,No,0,Weekend in Rotterdam marta_blogdiviaggi $LINK,Weekend in Rotterdam marta_blogdiviaggi $LINK,5,45
1845,No,0,What do I get if I break the chain?,What do I get if I break the chain?,9,35
1846,No,0,"What do you hear from Ben? Anthony called me last week, just to chat.","What do you hear from Ben? Anthony called me last week, just to chat.",14,69
1847,No,0,What do your January memories look like?,What do your January memories look like?,7,40
1850,No,0,What time is dinner by the way.,What time is dinner by the way.,7,31
1851,No,0,What's a dealerboard.,What's a dealerboard.,3,21
1852,No,0,"When I went back to make my final additions to the list, the systerm was already closed--Paul had approved the first round, which I guess shuts it down.","When I went back to make my final additions to the list, the systerm was already closed--Paul had approved the first round, which I guess shuts it down.",28,152
1853,No,0,"When this is complete, I'd like to send to the larger distribution list.","When this is complete, I'd like to send to the larger distribution list.",13,72
1855,No,0,When we talked about me speaking at the conference in Nov. Enron's management conference had not yet been scheduled.,When we talked about me speaking at the conference in Nov. Enron's management conference had not yet been scheduled.,19,116
1857,No,0,"When you interview for a job, you will answer the same questions almost ever time you discuss the position with the hiring manager.","When you interview for a job, you will answer the same questions almost ever time you discuss the position with the hiring manager.",23,131
1861,No,0,"Whether reading an email that reminds you to schedule a family get-together or finding a favorite video that you want to share, we want to ensure you can move across Gmail, Calendar, Search, YouTube, or whatever your life calls for with ease.","Whether reading an email that reminds you to schedule a family get-together or finding a favorite video that you want to share, we want to ensure you can move across Gmail, Calendar, Search, YouTube, or whatever your life calls for with ease.",42,242
1862,No,0,"Whether you are at a friend's house or an internet cafe, your personal web portal lets you view your files quickly and easily.","Whether you are at a friend's house or an internet cafe, your personal web portal lets you view your files quickly and easily.",23,126
1863,No,0,"Whether you're reading an email that reminds you to schedule a family get-together or finding a favorite video that you want to share, we want to ensure you can move across Gmail, Calendar, Search, YouTube, or whatever your life calls for with ease.","Whether you're reading an email that reminds you to schedule a family get-together or finding a favorite video that you want to share, we want to ensure you can move across Gmail, Calendar, Search, YouTube, or whatever your life calls for with ease.",43,249
1864,No,0,White House officials said they don't discuss such allegations.,White House officials said they don't discuss such allegations.,9,63
1865,No,0,"Why we love this trend: not just reserved for sneakers, laced-up looks are an effortless way to transition your style from summer to fall.","Why we love this trend: not just reserved for sneakers, laced-up looks are an effortless way to transition your style from summer to fall.",24,138
1866,No,0,"Will be a key player in determining the budget and sales planning (P&L) of the company for Sales and Services Monitor and control all sales reports, professional service reports to achieve P&L objectives.","Will be a key player in determining the budget and sales planning (P&L) of the company for Sales and Services Monitor and control all sales reports, professional service reports to achieve P&L objectives.",33,204
1867,No,0,Will email to you within hour.,Will email to you within hour.,6,30
1868,No,0,"With my recent travel, I am days (maybe weeks) behind on e:mail.","With my recent travel, I am days (maybe weeks) behind on e:mail.",12,64
1869,No,0,"With so many people putting their names into the raffle, you might want to hurry if you want your own entry!","With so many people putting their names into the raffle, you might want to hurry if you want your own entry!",21,108
1870,No,0,"With technology-laden, electricity-hungry companies popping up every time you turn around, and blackouts and brownouts occurring more frequently as large power grids are becoming less reliable, the analyst points towards distributed energy services as a possible solution, and maybe the ""next big investment opportunity for the coming decade.""","With technology-laden, electricity-hungry companies popping up every time you turn around, and blackouts and brownouts occurring more frequently as large power grids are becoming less reliable, the analyst points towards distributed energy services as a possible solution, and maybe the ""next big investment opportunity for the coming decade.""",48,343
1871,No,0,"With technology-laden, electricity-hungry companies popping up every time you turn around, and blackouts and brownouts occurring more frequently as large power grids are becoming less reliable, the analyst points towards distributed energy services as a possible solution, and maybe the next big investment opportunity for the coming decade.","With technology-laden, electricity-hungry companies popping up every time you turn around, and blackouts and brownouts occurring more frequently as large power grids are becoming less reliable, the analyst points towards distributed energy services as a possible solution, and maybe the next big investment opportunity for the coming decade.",48,341
1872,No,0,"With the number of impact players available in the NBA draft somewhere between few and none, this year's selections will be based on the potential of the underclassmen and the needs of the teams.","With the number of impact players available in the NBA draft somewhere between few and none, this year's selections will be based on the potential of the underclassmen and the needs of the teams.",34,195
1873,No,0,"With the same powerful drawing, inking painting, coloring and illustration features, Manga Studio $NUM will let you get started creating comics, manga and illustrations even on a budget.","With the same powerful drawing, inking painting, coloring and illustration features, Manga Studio 5 will let you get started creating comics, manga and illustrations even on a budget.",28,186
1874,No,0,"With the winter chill nipping at your toes, now is the perfect time to stay indoors and add the finishing touches to those special Momento projects you've been creating.","With the winter chill nipping at your toes, now is the perfect time to stay indoors and add the finishing touches to those special Momento projects you've been creating.",29,169
1876,No,0,Within the next $NUM business days (M-F) you will receive another email that will include your Order Number(s).,Within the next 3 business days (M-F) you will receive another email that will include your Order Number(s).,18,111
1877,No,0,"Women's Sanctuary Jacket , originally $$NUM, is now $$NUM, the lowest price we can find by $$NUM.","Women's Sanctuary Jacket , originally $130, is now $71.99, the lowest price we can find by $6.",17,97
1878,No,0,"Working for Parakweet on products such as BookVibe strikes me as the perfect opportunity to utilize my passion for writing and reading, while connecting others to a broader world of literature.","Working for Parakweet on products such as BookVibe strikes me as the perfect opportunity to utilize my passion for writing and reading, while connecting others to a broader world of literature.",31,193
1879,No,0,Worst case scenario - you earn half of what he did and make $10k in your first four weeks.,Worst case scenario - you earn half of what he did and make $10k in your first four weeks.,19,90
1881,No,0,"Yes, I'll get to Mike Day.","Yes, I'll get to Mike Day.",6,26
1882,No,0,"Yes, but I would say that the $$NUM/mo during the winter is related to an HPL discount on Transport given to the marketing desk in order to make the deal more economical.","Yes, but I would say that the $200,000/mo during the winter is related to an HPL discount on Transport given to the marketing desk in order to make the deal more economical.",32,170
1883,No,0,"Yes, lets continue to have the pre-meetings formerly known as Mike's every Mon. at $NUM:$NUM (pls put on my calendar Emily).","Yes, lets continue to have the pre-meetings formerly known as Mike's every Mon. at 8:30 (pls put on my calendar Emily).",21,124
1888,No,0,You can now tag your friends in your status or post.,You can now tag your friends in your status or post.,11,52
1889,No,0,"You can select ""always send nom"" in MOPS to get this to come over in POPS.","You can select ""always send nom"" in MOPS to get this to come over in POPS.",16,74
1890,No,0,You can select always send nom in MOPS to get this to come over in POPS.,You can select always send nom in MOPS to get this to come over in POPS.,16,72
1892,No,0,You can start using it $NUM minutes from now!,You can start using it 15 minutes from now!,9,45
1893,No,0,You can unsubscribe yourself from the panel by clicking on 'unsubscribe' in the footer Start Survey »Time : $NUM Minutes Points : 100Balance : $NUM SurveyAnalytics | $NUM Fremont Ave N #$NUM | | Seattle | WA | $NUM | United States Unsubscribe Powered By SurveyAnalytics,You can unsubscribe yourself from the panel by clicking on 'unsubscribe' in the footer Start Survey&nbsp;&raquo;Time : 3 Minutes Points : 100Balance : 80&nbsp; SurveyAnalytics&nbsp;|&nbsp;3518 Fremont Ave N #598&nbsp;|&nbsp;&nbsp;|&nbsp;Seattle&nbsp;|&nbsp;WA&nbsp;|&nbsp;98103&nbsp;|&nbsp;United States Unsubscribe Powered By SurveyAnalytics,46,269
1895,No,0,You did a fantastic job under the circumstances and given the time constraints.,You did a fantastic job under the circumstances and given the time constraints.,13,79
1896,No,0,You did a great job of pulling it together.,You did a great job of pulling it together.,9,43
1897,No,0,You hated that e-mail didn't you?,You hated that e-mail didn't you?,6,33
1898,No,0,You have $NUM friend with a birthday in the next week.,You have 1 friend with a birthday in the next week.,11,54
1899,No,0,"You have to be able to discuss issues which may be complicated, contentious or sensitive.","You have to be able to discuss issues which may be complicated, contentious or sensitive.",15,89
1901,No,0,"You make the request for an installment agreement when you file your completed tax return using Form $NUM, ""Installment Agreement Request.""","You make the request for an installment agreement when you file your completed tax return using Form 9465, ""Installment Agreement Request.""",21,139
1902,No,0,"You make the request for an installment agreement when you file your completed tax return using Form $NUM, Installment Agreement Request.","You make the request for an installment agreement when you file your completed tax return using Form 9465, Installment Agreement Request.",21,137
1904,No,0,"You may not have the attendance you prefer, but I don't oppose moving the Gas Accord talks forward.","You may not have the attendance you prefer, but I don't oppose moving the Gas Accord talks forward.",18,99
1905,No,0,You might at least put a contact name and number on these things if you are going to continue to send these out before the system is fixed.,You might at least put a contact name and number on these things if you are going to continue to send these out before the system is fixed.,28,139
1906,No,0,You now have the opportunity to enjoy the benefits that more than $NUM customers are currently experiencing through this special offer.,"You now have the opportunity to enjoy the benefits that more than 3,500 customers are currently experiencing through this special offer.",21,135
1907,No,0,"You seemed in pretty good spirits on Tuesday, though I guess that could have partially been due to the big celebration over getting your first ticket.","You seemed in pretty good spirits on Tuesday, though I guess that could have partially been due to the big celebration over getting your first ticket.",26,150
1909,No,0,You want to take a quick note - but it's too much to type.,You want to take a quick note - but it's too much to type.,14,58
1910,No,0,You will like him and he will be a very valuable resource to add to the team - even if it is for a couple of weeks.,You will like him and he will be a very valuable resource to add to the team - even if it is for a couple of weeks.,27,115
1911,No,0,You will probably get an invitation to the wedding.,You will probably get an invitation to the wedding.,9,51
1912,No,0,You will receive additional ship confirmation e-mails if not all items in your order show they have shipped.,You will receive additional ship confirmation e-mails if not all items in your order show they have shipped.,18,108
1913,No,0,"You'll note in the language developed by the coalition that the proposal strikes a reasonable balance between the Dept of Finance's concerns about recouping DWR's costs of buying power, and the need to give consumers and businesses maximum flexible in managing their energy costs.","You'll note in the language developed by the coalition that the proposal strikes a reasonable balance between the Dept of Finance's concerns about recouping DWR's costs of buying power, and the need to give consumers and businesses maximum flexible in managing their energy costs.",44,280
1916,No,0,"Your daily catch-up for Sun, $NUM Dec $NUM","Your daily catch-up for Sun, 1 Dec 2013",8,42
1917,No,0,Your free account lets you manage $NUM free transactions* in a $NUM day window.,Your free account lets you manage 5 free transactions* in a 30 day window.,14,79
1918,No,0,Your free account lets you send out $NUM free documents for signature.,Your free account lets you send out 5 free documents for signature.,12,70
1919,No,0,Your home information is important in case the Company needs to forward critical materials to you or contact you regarding important Company information.,Your home information is important in case the Company needs to forward critical materials to you or contact you regarding important Company information.,23,153
1922,No,0,Zapier can help you eliminate all those pesky tasks your web services don't support.,Zapier can help you eliminate all those pesky tasks your web services don't support.,14,84
1923,No,0,and you want to be able to create a profit,and you want to be able to create a profit,10,42
1924,No,0,eBay Inc. sent this e-mail to you at $EMAIL because your Notification Preferences indicate that you want to receive general email promotions.,eBay Inc. sent this e-mail to you at hannahfay321@gmail.com because your Notification Preferences indicate that you want to receive general email promotions.,22,141
1925,No,0,"iPhone:•Your top skill endorsements are now on your mobile profile, so you can showcase your professional best!","iPhone:•Your top skill endorsements are now on your mobile profile, so you can showcase your professional best!",17,111
1926,No,0,"jude, you submitted a Auto insurance quote, but we can help you save on much more than Auto insurance.","jude, you submitted a Auto insurance quote, but we can help you save on much more than Auto insurance.",19,102
1927,No,0,null can now play!,null can now play!,4,18
1928,No,0,"o Crate or Carrier-- If you want to travel with your pet, invest in a plastic carrier, they’re safer for different modes of travel, such as transporting your pet via air.","o Crate or Carrier-- If you want to travel with your pet, invest in a plastic carrier, they’re safer for different modes of travel, such as transporting your pet via air.",31,170
1930,No,0,you can unsub if you want these emails to discontinue $LINK,you can unsub if you want these emails to discontinue $LINK,11,59
1931,No,0,($NUM) Select the text to which you want to add bullets or numbering.,⑴ Select the text to which you want to add bullets or numbering.,13,69
1932,No,0,"• Portland, ME: January $NUM, $NUM","• Portland, ME: January 31, 2013",6,34
1933,Yes,1,"-If you want others to help manage your channel, you can add up to $NUM people without sharing your password.","-If you want others to help manage your channel, you can add up to 50 people without sharing your password.",20,109
1935,Yes,1,"Also want to talk about your voicemail last night--i.e., I may need to travel with KL, which is fine by me if that's necessary.","Also want to talk about your voicemail last night--i.e., I may need to travel with KL, which is fine by me if that's necessary.",24,127
1936,Yes,1,"Also, to be sure that you always receive any emails with important loan information, please add $EMAIL","Also, to be sure that you always receive any emails with important loan information, please add info@info.offerstuff.com",17,102
1937,Yes,1,"And if there's anything else I can do re: your meeting on Monday, don't hesitate.","And if there's anything else I can do re: your meeting on Monday, don't hesitate.",15,81
1938,Yes,1,And there's no need to pay for individual tracks - you can listen all you want.,And there's no need to pay for individual tracks - you can listen all you want.,16,79
1939,Yes,1,Apply for a job at AVON today.,Apply for a job at AVON today.,7,30
1940,Yes,1,Apply for a job at Joe's Crab Shack today.,Apply for a job at Joe's Crab Shack today.,9,42
1941,Yes,1,Are there other presentations that would useful to look at in preparation for the talk?,Are there other presentations that would useful to look at in preparation for the talk?,15,87
1942,Yes,1,"As it is a strange and unfamiliar ground for some of us, I thought it appropriate to invite you, on behalf of my brothers, Mohamed and Abdullah, and myself, for a small closed cocktail reception Xenel is holding on Thursday, 31st January at Waldorf Towers between $NUM pm and $NUM pm to meet with you to exchange views early on the session.","As it is a strange and unfamiliar ground for some of us, I thought it appropriate to invite you, on behalf of my brothers, Mohamed and Abdullah, and myself, for a small closed cocktail reception Xenel is holding on Thursday, 31st January at Waldorf Towers between 7.00 pm and 9.45 pm to meet with you to exchange views early on the session.",62,340
1943,Yes,1,"Attached, please find my resume, and please let me know if I can provide any further materials.","Attached, please find my resume, and please let me know if I can provide any further materials.",17,95
1945,Yes,1,"But Rory (who by the way is responsible for this mess!) now has decided that he'd like to do a Xmas make up on the 29th, which is smack dab in the middle of when we'll be up at the dome (tween xmas and new year's--hopefully you and eldon will join us so we can kick yer butts in spades).","But Rory (who by the way is responsible for this mess!) now has decided that he'd like to do a Xmas make up on the 29th, which is smack dab in the middle of when we'll be up at the dome (tween xmas and new year's--hopefully you and eldon will join us so we can kick yer butts in spades).",60,287
1947,Yes,1,Check out MSIA on the Nasdaq OTC board.,Check out MSIA on the Nasdaq OTC board.,8,39
1948,Yes,1,"Check out the most popular, trending, and liked prezis this week:","Check out the most popular, trending, and liked prezis this week:",11,65
1949,Yes,1,"Chris, when did BP Amoco get involved?","Chris, when did BP Amoco get involved?",7,38
1950,Yes,1,"Dick, you are doing the right things - if you run into timing issues in the future do not hesitate to give me a call directly.","Dick, you are doing the right things - if you run into timing issues in the future do not hesitate to give me a call directly.",26,126
1952,Yes,1,Do not discuss this with anyone at CES or EES please.,Do not discuss this with anyone at CES or EES please.,11,53
1954,Yes,1,Don't hesitate to call and discuss further the hard lessons that I sent you.,Don't hesitate to call and discuss further the hard lessons that I sent you.,14,76
1955,Yes,1,Don't make any changes for now.,Don't make any changes for now.,6,31
1957,Yes,1,Download it today from the App Store and prepare to receive great Qwiqq coupon offers from your favorite merchants!,Download it today from the App Store and prepare to receive great Qwiqq coupon offers from your favorite merchants!,19,115
1958,Yes,1,Dupree Diamond @DupreeDiamond2 @ben_wiggin i just need something so i can get messages $NUM:$NUM AM - $NUM Jun $NUM,Dupree Diamond @DupreeDiamond2 @ben_wiggin i just need something so i can get messages 01:33 AM - 26 Jun 14,19,115
1959,Yes,1,Finish process now to receive the deposit immediately.,Finish process now to receive the deposit immediately.,8,54
1961,Yes,1,"For customer service, questions or feedback, please $LINK contact us .","For customer service, questions or feedback, please $LINK contact us .",11,70
1962,Yes,1,"For specific dates, hotels and other information, call $NUM or visit $LINK","For specific dates, hotels and other information, call 412-279-9298 or visit http://www.pgsenergy.com/schedule.html",12,74
1963,Yes,1,"For support requests, please contact us by going to our support page > $LINK","For support requests, please contact us by going to our support page > $LINK",14,76
1965,Yes,1,"Given that Sue is going to be back on Tuesday, you may want to coordinate drafting duties with her.","Given that Sue is going to be back on Tuesday, you may want to coordinate drafting duties with her.",19,99
1966,Yes,1,Here's some stuff for us to discuss.,Here's some stuff for us to discuss.,7,36
1967,Yes,1,"Hi, Take a minute and check out gDocuments in the App Store, I think you will like it.","Hi, Take a minute and check out gDocuments in the App Store, I think you will like it.",18,86
1968,Yes,1,"Hi, Take a minute and check out iFiles in the App Store, I think you will like it.","Hi, Take a minute and check out iFiles in the App Store, I think you will like it.",18,82
1969,Yes,1,Hi: please add $$NUM of tolls for each day that I went to Sac this week.,Hi: please add $4 of tolls for each day that I went to Sac this week.,16,72
1970,Yes,1,Holly called and she has a table to fill at an awards banquet (some women's professional group or something) and wants to know if you want to join us.,Holly called and she has a table to fill at an awards banquet (some women's professional group or something) and wants to know if you want to join us.,29,150
1971,Yes,1,"How's Tues, may $NUM, or wed may $NUM, work for dinner?","How's Tues, may 1, or wed may 2, work for dinner?",11,55
1972,Yes,1,"I am available to help in any way I can, so please don't hesitate to call if you have questions: $NUM/$NUM.","I am available to help in any way I can, so please don't hesitate to call if you have questions: 978/281-0744.",21,107
1973,Yes,1,I do have a one quick question.... My sources indicate that Enron has agreed to place a Megawatt-Daily Cinergy Hourly product on EOL within $NUM weeks.,I do have a one quick question.... My sources indicate that Enron has agreed to place a Megawatt-Daily Cinergy Hourly product on EOL within 2 weeks.,26,151
1974,Yes,1,I know that you are extremely busy at this time but maybe next week I could come to Houston and we could find some time to meet.,I know that you are extremely busy at this time but maybe next week I could come to Houston and we could find some time to meet.,27,128
1977,Yes,1,I think it may be appropriate for both of you to join us.,I think it may be appropriate for both of you to join us.,13,57
1978,Yes,1,"I would like $NUM tickets for the Houston open, If available please sent to 31st floor, location 3117d.","I would like 4 tickets for the Houston open, If available please sent to 31st floor, location 3117d.",18,103
1980,Yes,1,I'll take you/him up on the offer to get together while he's here.,I'll take you/him up on the offer to get together while he's here.,13,66
1981,Yes,1,I'm here today (wasn't yesterday) and will be happy to discuss it with you.,I'm here today (wasn't yesterday) and will be happy to discuss it with you.,14,75
1982,Yes,1,"If at any time you no longer wish to receive your weekly forecast, you can simply click here or send a letter to me at $NUM Cherry St. PMB $NUM, Milford, CT $NUM, and I will stop emailing them to you.","If at any time you no longer wish to receive your weekly forecast, you can simply click here or send a letter to me at 167 Cherry St. PMB 292, Milford, CT 06460-3400, and I will stop emailing them to you.",41,200
1983,Yes,1,"If not clickable, please copy and paste the address to your browser:","If not clickable, please copy and paste the address to your browser:",12,68
1985,Yes,1,"If you are having trouble viewing the above web address, visit $LINK and create an account to view the events you have received.","If you are having trouble viewing the above web address, visit http://www.sendomatic.com/servlets/l?u=mike.carson@enron.com and create an account to view the events you have received.",23,128
1986,Yes,1,"If you click the link below, we will take you to a page that has further directions for changing or recovering your password.","If you click the link below, we will take you to a page that has further directions for changing or recovering your password.",23,125
1987,Yes,1,"If you could please let us know where that stands, or if you have any feedback and/or questions it would be greatly appreciated.","If you could please let us know where that stands, or if you have any feedback and/or questions it would be greatly appreciated.",23,128
1988,Yes,1,"If you have any comments or questions you would like to discuss, please do not hesitate to call me at ($NUM) $NUM, Mike at ($NUM) $NUM or Bob Shults at ($NUM) $NUM.","If you have any comments or questions you would like to discuss, please do not hesitate to call me at (713) 853-3399, Mike at (713) 345-4079 or Bob Shults at (713) 853-0397.",32,164
1989,Yes,1,"If you have any questions at all, or would like to discuss your presentation in more detail, please do not hesitate to give me a call or drop me an email.","If you have any questions at all, or would like to discuss your presentation in more detail, please do not hesitate to give me a call or drop me an email.",31,154
1990,Yes,1,If you have any questions or comments do not hesitate to give me a call.,If you have any questions or comments do not hesitate to give me a call.,15,72
1992,Yes,1,"If you have any questions regarding your job offer from Enron while you are on vacation, please give me a call.","If you have any questions regarding your job offer from Enron while you are on vacation, please give me a call.",21,111
1993,Yes,1,"If you have any questions, comments or suggestions please feel free to get in touch with me any time by replying to this email and if you haven't had a chance to see the new site, go to $LINK","If you have any questions, comments or suggestions please feel free to get in touch with me any time by replying to this email and if you haven't had a chance to see the new site, go to $LINK",39,191
1994,Yes,1,"If you have any questions, don't hestitate to get in touch.","If you have any questions, don't hestitate to get in touch.",11,59
1995,Yes,1,"If you have any questions, e-mail us $NUM hours a day, $NUM days a week at $EMAIL or call us, weekdays $NUM AM - midnight and weekends $NUM AM - $NUM PM Eastern Standard Time at $NUMU2DATEK.","If you have any questions, e-mail us 24 hours a day, 7 days a week at support@datek.com or call us, weekdays 8 AM - midnight and weekends 9 AM - 7 PM Eastern Standard Time at 1-800-U2DATEK.",37,190
1996,Yes,1,"If you have questions about visa processing and renewals, please refer to the visa tool on RCLCrewTravel.","If you have questions about visa processing and renewals, please refer to the visa tool on RCLCrewTravel.",17,105
1997,Yes,1,"If you have received this message in error, please notify the sender immediately by e-mail and delete all copies of the message.","If you have received this message in error, please notify the sender immediately by e-mail and delete all copies of the message.",22,128
1999,Yes,1,"If you would be interested in pursuing any joint projects, please don't hesitate to let me know.","If you would be interested in pursuing any joint projects, please don't hesitate to let me know.",17,96
2000,Yes,1,If you would like to help us beta test our Exchange support visit $LINK add your contact info and we'll turn Exchange support on for you to thank you for your help.,If you would like to help us beta test our Exchange support visit $LINK add your contact info and we'll turn Exchange support on for you to thank you for your help.,32,164
2001,Yes,1,"If you'd like to review your policy or make any additional updates, simply log into your policy anytime using your email address and password at:","If you'd like to review your policy or make any additional updates, simply log into your policy anytime using your email address and password at:",25,145
2002,Yes,1,"If you'd like to stop getting announcement emails, click below:","If you'd like to stop getting announcement emails, click below:",10,63
2003,Yes,1,"If you'r open tomorrow (Sunday), I'll call you then.","If you'r open tomorrow (Sunday), I'll call you then.",9,52
2004,Yes,1,"If you're still in the market for a new company, we'd love for you to join our family.","If you're still in the market for a new company, we'd love for you to join our family.",18,86
2005,Yes,1,"If you're still tanning, and still up for lunch, I'm game.","If you're still tanning, and still up for lunch, I'm game.",11,58
2006,Yes,1,"If you're unsure which loan type or program is right for you or what the next step is, click to call now.","If you're unsure which loan type or program is right for you or what the next step is, click to call now.",22,105
2007,Yes,1,"If you, Dean Powers, or your staffs would like to discuss the ideas in the letter or our thoughts about possible additions to the Enron board please do not hesitate to contact me or my colleague Bill Patterson.","If you, Dean Powers, or your staffs would like to discuss the ideas in the letter or our thoughts about possible additions to the Enron board please do not hesitate to contact me or my colleague Bill Patterson.",38,210
2008,Yes,1,"If your AppJoy crashes right after you open it, YOU MUST RESTART YOUR iPhone/iPod Touch or iPad, THEN OPEN APPJOY AGAIN.","If your AppJoy crashes right after you open it, YOU MUST RESTART YOUR iPhone/iPod Touch or iPad, THEN OPEN APPJOY AGAIN.",21,120
2009,Yes,1,"If your email does not support this web version, please subscribe to the free text version by writing $EMAIL","If your email does not support this web version, please subscribe to the free text version by writing subscribe@enerfax.com",19,108
2010,Yes,1,"If you’d like more time to discover Spotify Premium, click the button to enjoy another $NUM days on your device for free.","If you’d like more time to discover Spotify Premium, click the button to enjoy another 30 days on your device for free.",22,121
2011,Yes,1,"If you’re not interested, click here: No, I do not want to receive emails about understanding my credit report.","If you’re not interested, click here: No, I do not want to receive emails about understanding my credit report.",19,111
2012,Yes,1,Is Friday better for you guys?,Is Friday better for you guys?,6,30
2013,Yes,1,It may be worthwhile for us to have a quick phone call to discuss.,It may be worthwhile for us to have a quick phone call to discuss.,14,66
2014,Yes,1,It would be great to meet you when you come to Houston.,It would be great to meet you when you come to Houston.,12,55
2015,Yes,1,It's time for our regular Friday evening email chat!,It's time for our regular Friday evening email chat!,9,52
2022,Yes,1,"Learn more at our next webinar: Extracting Insights from Corporate Social Data Sources, on Thursday June $NUM.","Learn more at our next webinar: Extracting Insights from Corporate Social Data Sources, on Thursday June 20.",17,110
2023,Yes,1,Looks like $NUM today is good for all three of us re: option issues.,Looks like 230 today is good for all three of us re: option issues.,14,68
2024,Yes,1,"Lou, please give me a call if you have any questions about this lady.","Lou, please give me a call if you have any questions about this lady.",14,69
2025,Yes,1,"Make sure you don't miss out on any Pizza Hut specials, please add ' mailto:$EMAIL","Make sure you don't miss out on any Pizza Hut specials, please add ' mailto:pizzahut@pizzahutoffers.com",15,82
2026,Yes,1,May I get a copy of all the invoices we sent CES for January please.,May I get a copy of all the invoices we sent CES for January please.,15,68
2028,Yes,1,Need some friends who would like to chat!!!,Need some friends who would like to chat!!!,8,43
2029,Yes,1,Please add Carey Metz to our bidweek index survey spreadsheet.,Please add Carey Metz to our bidweek index survey spreadsheet.,10,62
2030,Yes,1,Please add $EMAIL to your safe sender list to ensure that you will receive our emails.,Please add Cottonelle@enews-cottonelle.com to your safe sender list to ensure that you will receive our emails.,16,86
2031,Yes,1,Please add Tricia Spence to this email.,Please add Tricia Spence to this email.,7,39
2033,Yes,1,Please be informed that I will not be attending tomorrow's activities @ 2pm.,Please be informed that I will not be attending tomorrow's activities @ 2pm.,13,76
2035,Yes,1,Please contact us directly $NUM/$NUM via $EMAIL.,Please contact us directly 24/7 via helpme@moshimonsters.com.,7,48
2036,Yes,1,Please contact us if you need to discuss the resolution.,Please contact us if you need to discuss the resolution.,10,56
2037,Yes,1,Please contact us with any feature suggestions you may have.,Please contact us with any feature suggestions you may have.,10,60
2038,Yes,1,"Please do not hesitate to contact m e if you would like to discuss these materials further, or if there is anythi ng else that I can do to assist you.","Please do not hesitate to contact m e if you would like to discuss these materials further, or if there is anythi ng else that I can do to assist you.",31,150
2039,Yes,1,"Please do not reply to this e-mail for any other reason, as we're unable to respond from this address.","Please do not reply to this e-mail for any other reason, as we're unable to respond from this address.",19,102
2040,Yes,1,"Please do not respond to this message for customer service issues, as the address used to send this message does not accept mail.","Please do not respond to this message for customer service issues, as the address used to send this message does not accept mail.",23,129
2041,Yes,1,"Please don't hesitate to call me if you come in for a meeting, it would be great to see you again.","Please don't hesitate to call me if you come in for a meeting, it would be great to see you again.",21,98
2043,Yes,1,Please don't hesitate to give the conference call number to Mike or others that are interested in a coordinated/joint response.,Please don't hesitate to give the conference call number to Mike or others that are interested in a coordinated/joint response.,20,127
2044,Yes,1,Please feel free to call me at ($NUM) $NUM if you have any questions.,Please feel free to call me at (713) 853-6544 if you have any questions.,14,69
2045,Yes,1,Please feel free to install the pc and monitors on Thursday or Friday.,Please feel free to install the pc and monitors on Thursday or Friday.,13,70
2048,Yes,1,Please let me know if you have $NUM minutes for a quick call or simply reply to this email with your feedback.,Please let me know if you have 10-15 minutes for a quick call or simply reply to this email with your feedback.,22,110
2049,Yes,1,Please let me know what time works best for you and thank you very much for your time.,Please let me know what time works best for you and thank you very much for your time.,18,86
2050,Yes,1,Please note that the application you have installed is the full version.,Please note that the application you have installed is the full version.,12,72
2053,Yes,1,Pre-order your iPhone 5c today and get free delivery.*,Pre-order your iPhone 5c today and get free delivery.*,9,54
2054,Yes,1,Remember that Karen reads all my mail so don't send anything too personal.,Remember that Karen reads all my mail so don't send anything too personal.,13,74
2055,Yes,1,"Rick , good result in California so far - what is the status of our plan for New England ICAP issues?","Rick , good result in California so far - what is the status of our plan for New England ICAP issues?",21,101
2056,Yes,1,Send us an email and we would be happy to call your loved one and let them know a little bird told us so!,Send us an email and we would be happy to call your loved one and let them know a little bird told us so!,24,105
2057,Yes,1,Shop now and get free standard ground shipping on any purchase of $$NUM or more!,Shop now and get free standard ground shipping on any purchase of $35 or more!,15,80
2059,Yes,1,"Shop the latest styles during our biggest sale and save $NUM/$NUM off your second item of equal or lesser value, through Monday, November 11th.*","Shop the latest styles during our biggest sale and save 1/2 off your second item of equal or lesser value, through Monday, November 11th.*",24,144
2060,Yes,1,"Shop the latest styles during our biggest sale and save $NUM/$NUM off your second item of equal or lesser value, through Wednesday, September 25th.","Shop the latest styles during our biggest sale and save 1/2 off your second item of equal or lesser value, through Wednesday, September 25th.",24,147
2063,Yes,1,Simply use the link below to compare health plans now:,Simply use the link below to compare health plans now:,10,54
2064,Yes,1,"Since I get everything that you forward, you may remove me from you distribution list.","Since I get everything that you forward, you may remove me from you distribution list.",15,86
2066,Yes,1,"Some email can not read our web mail, please write $EMAIL to subscribe to the identical email in a text format.","Some email can not read our web mail, please write enerfaxgold-subscribe@egroups.com to subscribe to the identical email in a text format.",21,111
2067,Yes,1,Spend smarter this June after you authorize a MasterCard with a limit of up to $$NUM.,"Spend smarter this June after you authorize a MasterCard with a limit of up to $3,000.",16,85
2068,Yes,1,Talk to Susan about joining the group.,Talk to Susan about joining the group.,7,38
2070,Yes,1,"The deadline for completion of Houston's bid to become home to USA Baseball is the end of September, so we would like to meet with you at your convenience by September $NUM, if at all possible.","The deadline for completion of Houston's bid to become home to USA Baseball is the end of September, so we would like to meet with you at your convenience by September 25, if at all possible.",36,193
2071,Yes,1,"The rates on the attached spreadsheet would provide full cost recovery only after the project is fully subscribed, right?","The rates on the attached spreadsheet would provide full cost recovery only after the project is fully subscribed, right?",19,121
2072,Yes,1,They are going to remove this page soon so get it from here now before they take it away forever!,They are going to remove this page soon so get it from here now before they take it away forever!,20,97
2073,Yes,1,Think about items like that and lets discuss.,Think about items like that and lets discuss.,8,45
2074,Yes,1,"Thursday, usual time?","Thursday, usual time?",3,21
2078,Yes,1,"To reset your password, please visit the url below:","To reset your password, please visit the url below:",9,51
2079,Yes,1,"To see how we treat your information, please review our privacy policy.","To see how we treat your information, please review our privacy policy.",12,71
2080,Yes,1,"To see this email, please view the HTML version.","To see this email, please view the HTML version.",9,48
2081,Yes,1,"To visit your member page and earn rewards by completing surveys, please use the link below at any time:","To visit your member page and earn rewards by completing surveys, please use the link below at any time:",19,104
2082,Yes,1,"Twanda, would you please check my calendar and book me yes if I am available?","Twanda, would you please check my calendar and book me yes if I am available?",15,77
2084,Yes,1,Upgrade to premium for only $$NUM and start a new romance today.,Upgrade to premium for only $1.55 and start a new romance today.,12,64
2085,Yes,1,Ur daddy left the ph n the truck cal me asap,Ur daddy left the ph n the truck cal me asap,11,44
2086,Yes,1,Use Localmind to connect to people on the ground and find _what's really happening_ anywhere you want to go.,Use Localmind to connect to people on the ground and find _what's really happening_ anywhere you want to go.,19,108
2087,Yes,1,Use this link to to join MOS Coaching Club today:,Use this link to to join MOS Coaching Club today:,10,49
2089,Yes,1,Visit Dating for Hippies today and take advantage of our Flag Day deal.,Visit Dating for Hippies today and take advantage of our Flag Day deal.,13,71
2090,Yes,1,We do not have recorded in the financial statements the $8M Cdn in done deals - you may want to look into that.,We do not have recorded in the financial statements the $8M Cdn in done deals - you may want to look into that.,23,111
2091,Yes,1,We want the data to be as good as possible.,We want the data to be as good as possible.,10,43
2092,Yes,1,"We've made about a zillion improvements to the app and we have some really exciting new features and benefits to share with you, so could you please click the link below to re-confirm that it's still OK to keep in touch?","We've made about a zillion improvements to the app and we have some really exciting new features and benefits to share with you, so could you please click the link below to re-confirm that it's still OK to keep in touch?",41,220
2093,Yes,1,"What about lunch tomorrow (we're all in the city), or at $NUM PM (before the ball game)?","What about lunch tomorrow (we're all in the city), or at 5 PM (before the ball game)?",17,88
2094,Yes,1,When are we going to start practicing for the A&M/UT FF Tourney - we need to get a team together and start practicing.,When are we going to start practicing for the A&M/UT FF Tourney - we need to get a team together and start practicing.,23,118
2095,Yes,1,When you get a minute tomorrow page me (I'm mobile this week) and we can talk.,When you get a minute tomorrow page me (I'm mobile this week) and we can talk.,16,78
2096,Yes,1,"With Sue coming back on Tuesday, and in the spirt of our gropes, it might be useful to discuss as a group prior to charging ahead.","With Sue coming back on Tuesday, and in the spirt of our gropes, it might be useful to discuss as a group prior to charging ahead.",26,130
2098,Yes,1,"Your feedback is very important to us so if you would like to contact us with a question or comment, please click here:","Your feedback is very important to us so if you would like to contact us with a question or comment, please click here:",23,119
2099,Yes,1,"viadeo Invitation Hello,I would like to invite you to join my network of contacts.Kind regards,Tonyrull TonyrullYangon, hdj Confirm that you know Tonyrull Message from Tonyrull Tonyrull If you no longer want to receive invitations to join Viadeo: Unsubscribe","viadeo   Invitation   Hello,I would like to invite you to join my network of contacts.Kind regards,Tonyrull TonyrullYangon, hdj Confirm that you know Tonyrull  Message from Tonyrull Tonyrull   If you no longer want to receive invitations to join Viadeo: Unsubscribe",38,258
2100,Yes,1,"Should you not be able to call me, then I will send you a short memorandum about the situation on Monday.","Should you not be able to call me, then I will send you a short memorandum about the situation on Monday.",21,105
2101,Yes,1,"If you want to contact him, I'd wait $NUM minutes and give him a call on his cell phone.","If you want to contact him, I'd wait 5-10 minutes and give him a call on his cell phone.",19,88
2102,Yes,1,Let's sum up what you should remember about this offer:,Let's sum up what you should remember about this offer:,10,55
2103,Yes,1,Please contact Cathy Phillips (X-$NUM) and let her know if you are interested in attending.,Please contact Cathy Phillips (X-36898) and let her know if you are interested in attending.,15,91
2104,Yes,1,"Also, I need to know the nature of the confidential information you are discussing so we can protect the information being discussed.","Also, I need to know the nature of the confidential information you are discussing so we can protect the information being discussed.",22,133
2105,Yes,1,"Also, please let Lisa Bills know where we will be meeting, as she is planning on coming late to the meeting.","Also, please let Lisa Bills know where we will be meeting, as she is planning on coming late to the meeting.",21,108
2106,Yes,1,And we would love for Mr. Lay to stay for dinner - is this doable?,And we would love for Mr. Lay to stay for dinner - is this doable?,15,66
2107,Yes,1,And why would you explode jars of paint?,And why would you explode jars of paint?,8,40
2108,Yes,1,"And, if you want to learn more about how we show you interesting, relevant ads, or how cookies and similar technologies help us do so, please visit our Ads and Cookies pages.","And, if you want to learn more about how we show you interesting, relevant ads, or how cookies and similar technologies help us do so, please visit our Ads and Cookies pages.",32,174
2109,Yes,1,Are you available that date?,Are you available that date?,5,28
2111,Yes,1,Be assured that any information we discuss will be completely confidential.,Be assured that any information we discuss will be completely confidential.,11,75
2113,Yes,1,"Bruce: I am tied up for lunch, but let's get together during the day on Monday or Tuesday.","Bruce: I am tied up for lunch, but let's get together during the day on Monday or Tuesday.",18,90
2114,Yes,1,"But if you have any time constraints or want to make sure you have plenty of time for integration, the beta will be available for you.","But if you have any time constraints or want to make sure you have plenty of time for integration, the beta will be available for you.",26,134
2115,Yes,1,Call whenever you'd like to discuss the call (that Palmer forgot to tell you about).,Call whenever you'd like to discuss the call (that Palmer forgot to tell you about).,15,84
2116,Yes,1,"Can we invite him (the son, not the professor) to a Super Saturday?","Can we invite him (the son, not the professor) to a Super Saturday?",13,67
2117,Yes,1,Danny and Phil: Please follow-up with Vince if you have an interest in meeting with Peter.,Danny and Phil: Please follow-up with Vince if you have an interest in meeting with Peter.,16,90
2120,Yes,1,Did you respond to the Haas address?,Did you respond to the Haas address?,7,36
2121,Yes,1,Did you see on the news last night that they arrested $NUM people for participating in that pyramid scheme you were telling me about?,Did you see on the news last night that they arrested 44 people for participating in that pyramid scheme you were telling me about?,24,133
2122,Yes,1,Do you have any idea how long it will be before I get a replacement?,Do you have any idea how long it will be before I get a replacement?,15,68
2123,Yes,1,Do you know if this has been addressed?,Do you know if this has been addressed?,8,39
2124,Yes,1,Do you know if we are meeting on Monday?,Do you know if we are meeting on Monday?,9,40
2125,Yes,1,Don't forget to chat with VNG about Nabisco.,Don't forget to chat with VNG about Nabisco.,8,44
2126,Yes,1,"Even if you are still unsure about returning, please call us now to select YES as your returning status.","Even if you are still unsure about returning, please call us now to select YES as your returning status.",19,104
2128,Yes,1,Hey Jeff - I'm still wondering if my last email made it through.,Hey Jeff - I'm still wondering if my last email made it through.,13,64
2129,Yes,1,"I am sure that you are all ""talked out"" about it, but if you need an empathetic ear, give me a buzz.","I am sure that you are all ""talked out"" about it, but if you need an empathetic ear, give me a buzz.",22,100
2131,Yes,1,I don't want to approve any further investments until we have had such a discussion.,I don't want to approve any further investments until we have had such a discussion.,15,84
2132,Yes,1,"I saw that you had recently started looking into moving over to Egnyte, I would love to discuss some of the details of your current situation so that I can help get you up and going as quickly as possible with the features here at Egnyte that will best meet your current needs!","I saw that you had recently started looking into moving over to Egnyte, I would love to discuss some of the details of your current situation so that I can help get you up and going as quickly as possible with the features here at Egnyte that will best meet your current needs!",53,277
2133,Yes,1,I wanted to follow up on our conversatian regarding the in house counsel that you may know.,I wanted to follow up on our conversatian regarding the in house counsel that you may know.,17,91
2134,Yes,1,"I was wondering if I could get some information on the Costilla deal, specifically the repurchase option.","I was wondering if I could get some information on the Costilla deal, specifically the repurchase option.",17,105
2135,Yes,1,I will be getting the schedule after work on Friday and will call and let you know when and where our games will be.,I will be getting the schedule after work on Friday and will call and let you know when and where our games will be.,24,116
2136,Yes,1,I will call you tomorrow after I talk with Sheri - should be by $NUM:$NUM am.,I will call you tomorrow after I talk with Sheri - should be by 11:00 am.,16,77
2137,Yes,1,"If I don't make chanages, I will call you Friday afternoon after landing and let you know that.","If I don't make chanages, I will call you Friday afternoon after landing and let you know that.",18,95
2138,Yes,1,"If not by e-mail, is it something that can be faxed?","If not by e-mail, is it something that can be faxed?",11,52
2139,Yes,1,"If not, I'd love to hear what we are doing wrong and how we could improve our Google Apps integrations to be more valuable to you.","If not, I'd love to hear what we are doing wrong and how we could improve our Google Apps integrations to be more valuable to you.",26,130
2140,Yes,1,"If you did, please let me know how to improve my application to make you want to use it again, I value my users and I'm always happy to receive feedback.","If you did, please let me know how to improve my application to make you want to use it again, I value my users and I'm always happy to receive feedback.",31,153
2141,Yes,1,"If you don’t want to agree to arbitration, you can easily opt out via an online form, within $NUMdays of these Terms becoming effective.","If you don’t want to agree to arbitration, you can easily opt out via an online form, within 30-days of these Terms becoming effective.",24,136
2143,Yes,1,"If you experience any problems that you cannot resolve, please visit our support site at $LINK","If you experience any problems that you cannot resolve, please visit our support site at $LINK",16,94
2144,Yes,1,"If you fit the above description and meet the requirements, please apply to this ad stating your location.","If you fit the above description and meet the requirements, please apply to this ad stating your location.",18,106
2146,Yes,1,"If you have any big ticket items you can plan for this school year, like a laptop, a scientific calculator, or new uniforms, you may want to add the items to your Wish List to ensure you’re on the right track with your savings to account for these special purchases.","If you have any big ticket items you can plan for this school year, like a laptop, a scientific calculator, or new uniforms, you may want to add the items to your Wish List to ensure you’re on the right track with your savings to account for these special purchases.",50,266
2147,Yes,1,"If you have any issues upgrading or difficulties with the new features, we're happy to help.","If you have any issues upgrading or difficulties with the new features, we're happy to help.",16,92
2148,Yes,1,"If you have any other problems, please reopen this ticket.","If you have any other problems, please reopen this ticket.",10,58
2150,Yes,1,"If you have any question regarding PCHLotto, please visit the PCHlotto .com:","If you have any question regarding PCHLotto, please visit the PCHlotto .com:",12,76
2151,Yes,1,"If you have any thoughts on how to improve our service, please email us at: $EMAIL.","If you have any thoughts on how to improve our service, please email us at: support@proven.com.",16,83
2152,Yes,1,"If you prefer to purchase online, please Buy Now >> $LINK","If you prefer to purchase online, please Buy Now >> $LINK",11,57
2153,Yes,1,Let me know how it goes!,Let me know how it goes!,6,24
2154,Yes,1,Let me know if that can be arranged.,Let me know if that can be arranged.,8,36
2156,Yes,1,No- I'm meeting w/ Bradford at $NUM to discuss.,No- I'm meeting w/ Bradford at 11 to discuss.,9,47
2157,Yes,1,Please call $NUM to speak with a support representative.,Please call 1-877-428-5608 to speak with a support representative.,9,56
2158,Yes,1,Please give us a call at ($NUM) $NUM or reply to this email.,Please give us a call at (855) 962-3621 or reply to this email.,13,60
2159,Yes,1,Please go here to complete your information and see if you qualify for financial aid.,Please go here to complete your information and see if you qualify for financial aid.,15,85
2160,Yes,1,Please provide me with an invite for Google+ App for iPhone4.,Please provide me with an invite for Google+ App for iPhone4.,11,61
2161,Yes,1,Please quote your order reference number if you wish to contact us about this order.,Please quote your order reference number if you wish to contact us about this order.,15,84
2162,Yes,1,Please schedule this candidate for an interview.,Please schedule this candidate for an interview.,7,48
2164,Yes,1,Scott will tell John Singer we need to get out of this capacity.,Scott will tell John Singer we need to get out of this capacity.,13,64
2165,Yes,1,"That said, that may not be important for you and you won't mind sending me dollars.","That said, that may not be important for you and you won't mind sending me dollars.",16,83
2166,Yes,1,"Therefore, please prepare a list of site specific issues for that document as well.","Therefore, please prepare a list of site specific issues for that document as well.",14,83
2167,Yes,1,"This week, we take a look at the analysis you can do as a marketer to understand what content you should be developing, how you should share it, and what works on Twitter for your specific message.","This week, we take a look at the analysis you can do as a marketer to understand what content you should be developing, how you should share it, and what works on Twitter for your specific message.",37,197
2168,Yes,1,"We are meeting with Mark on Wednesday to try and figure out the approval process for Australia, so maybe after Wednesday I'll start responding for them.","We are meeting with Mark on Wednesday to try and figure out the approval process for Australia, so maybe after Wednesday I'll start responding for them.",26,152
2169,Yes,1,We can connect you with a professional that will help you understand your options and determine what program works best for you.,We can connect you with a professional that will help you understand your options and determine what program works best for you.,22,128
2170,Yes,1,We can go out of town - i would love to get away - have you heard about the hilton in Austin?,We can go out of town - i would love to get away - have you heard about the hilton in Austin?,22,93
2171,Yes,1,We shoudl discuss putting together an automated sheet each day for cash trading.,We shoudl discuss putting together an automated sheet each day for cash trading.,13,80
2172,Yes,1,"We will be marketing this conference to over $NUM targeted individuals, including a direct mail of at least $NUM and in addition an online and press campaign.","We will be marketing this conference to over 40,000 targeted individuals, including a direct mail of at least 25,000 and in addition an online and press campaign.",27,158
2175,Yes,1,What is the address of the HR website where I can see my old pay stubs?,What is the address of the HR website where I can see my old pay stubs?,16,71
2176,Yes,1,Who can I start sending all these pricing questions to?,Who can I start sending all these pricing questions to?,10,55
2177,Yes,1,Would be ideal if we can get this data on Thursday.,Would be ideal if we can get this data on Thursday.,11,51
2178,Yes,1,Would you like to meet them for a short courtesy meeting ($NUM - $NUM minutes)?,Would you like to meet them for a short courtesy meeting (5 - 10 minutes)?,15,79
2179,Yes,1,You can get started today with Graham's free gift.,You can get started today with Graham's free gift.,9,50
2180,Yes,1,Any data you can provide will be helpful.,Any data you can provide will be helpful.,8,41
2181,Yes,1,Are you still available Weds or Thurs a.m.,Are you still available Weds or Thurs a.m.,8,42
2182,Yes,1,"Ben, are you available at 9am on Monday re ABB?","Ben, are you available at 9am on Monday re ABB?",10,47
2183,Yes,1,Do we have a list of attendants/agenda?,Do we have a list of attendants/agenda?,7,39
2184,Yes,1,Do you think that you're boss is inclinded to put a call in to the governor regarding the importance of choice and/or sign and send letters to the leadership?,Do you think that you're boss is inclinded to put a call in to the governor regarding the importance of choice and/or sign and send letters to the leadership?,29,158
2185,Yes,1,Do you want tickets to Astros game on Friday night?,Do you want tickets to Astros game on Friday night?,10,51
2186,Yes,1,"Eldon, are you and Bob planning to go up this week?","Eldon, are you and Bob planning to go up this week?",11,51
2187,Yes,1,"Falcon -- review diligence reports, client discussions.","Falcon -- review diligence reports, client discussions.",7,55
2189,Yes,1,"I just wanted to follow-up with you to see what additional steps, if any, that TEKsystems may need to take in order to continue moving forward in the contract execution process.","I just wanted to follow-up with you to see what additional steps, if any, that TEKsystems may need to take in order to continue moving forward in the contract execution process.",31,177
2190,Yes,1,I sent you a message regarding a dinner on Tuesday.,I sent you a message regarding a dinner on Tuesday.,10,51
2191,Yes,1,I want to leave you with a question:,I want to leave you with a question:,8,36
2192,Yes,1,I want to make some for the super bowl party this Sunday.,I want to make some for the super bowl party this Sunday.,12,57
2194,Yes,1,I'd like to recommend to you an app that I use to organize my tasks on the iPhone: Priority Matrix.,I'd like to recommend to you an app that I use to organize my tasks on the iPhone: Priority Matrix.,20,99
2195,Yes,1,"If I'm incorrect, we'll need to get things squared away, like today.","If I'm incorrect, we'll need to get things squared away, like today.",12,68
2196,Yes,1,"If energy is not delivered because of a Y2K problem, is that a force majeure event or otherwise excused?","If energy is not delivered because of a Y2K problem, is that a force majeure event or otherwise excused?",19,104
2197,Yes,1,"If that's all Dennis brings to the table (not counting his big bag of $$$$), does a deal with him really make sense?","If that's all Dennis brings to the table (not counting his big bag of $$$$), does a deal with him really make sense?",23,116
2198,Yes,1,"If you choose to let them stay paused, we'll send you an email at the beginning of the month reminding you to activate your Zaps again.","If you choose to let them stay paused, we'll send you an email at the beginning of the month reminding you to activate your Zaps again.",26,135
2199,Yes,1,"If you'd like help getting started building your site or if there's anything unclear about Jimdo, I'm happy to help.","If you'd like help getting started building your site or if there's anything unclear about Jimdo, I'm happy to help.",20,116
2200,Yes,1,Our meetings will be much more effective you attend.,Our meetings will be much more effective you attend.,9,52
2201,Yes,1,Per your voice mail I would like to defer $NUM% of my ECT Phantom Stock into the Stable Asset fund.,Per your voice mail I would like to defer 100% of my ECT Phantom Stock into the Stable Asset fund.,20,99
2203,Yes,1,"Saturday, March $NUM works for me.","Saturday, March 25 works for me.",6,34
2204,Yes,1,So where are you kayaking this weekend?,So where are you kayaking this weekend?,7,39
2206,Yes,1,We can help with any financial need.,We can help with any financial need.,7,36
2207,Yes,1,"We need to turn in the final inventory list, get things resolved with Mary (be it good or bad) then we can buy Don out.","We need to turn in the final inventory list, get things resolved with Mary (be it good or bad) then we can buy Don out.",25,119
2209,Yes,1,Were I have to meet u.,Were I have to meet u.,6,22
2210,Yes,1,We’d greatly appreciate any ideas on how we can improve.,We’d greatly appreciate any ideas on how we can improve.,10,56
2211,Yes,1,"When I'm in need of some ""managing expertise"" in the future, I will give you a call.","When I'm in need of some ""managing expertise"" in the future, I will give you a call.",17,84
2212,Yes,1,Where did y'all meet?,Where did y'all meet?,4,21
2213,Yes,1,Where did you get yours?,Where did you get yours?,5,24
2215,Yes,1,Please contact Sherri Sera ($NUM/$NUM) or Suzanne Danz ($NUM/$NUM) for the weekly dial-in number and passcode.,Please contact Sherri Sera (713/853-5984) or Suzanne Danz (713/853-6440) for the weekly dial-in number and passcode.,16,110
2216,Yes,1,"Also, if you'd like to make suggestions of how to make the app better or tell me what you'd like to see in future versions, please be in touch.","Also, if you'd like to make suggestions of how to make the app better or tell me what you'd like to see in future versions, please be in touch.",29,143
2218,Yes,1,And let me know what you think of it.,And let me know what you think of it.,9,37
2220,Yes,1,But how often do you get a chance to tell us what you really think?,But how often do you get a chance to tell us what you really think?,15,67
2221,Yes,1,Can you mail me the family tree or send it email?,Can you mail me the family tree or send it email?,11,49
2222,Yes,1,Do you want to deeply explore the memory info about your phone?,Do you want to deeply explore the memory info about your phone?,12,63
2224,Yes,1,Go ahead and get the op control agreement signed by relevant parties and sent to the proper place.,Go ahead and get the op control agreement signed by relevant parties and sent to the proper place.,18,98
2226,Yes,1,"I get on the plane Houston at $NUM:$NUM AM PDT, so you'll have to do it solo.","I get on the plane Houston at 6:30 AM PDT, so you'll have to do it solo.",17,77
2228,Yes,1,I look forward to hearing from you tomorrow.,I look forward to hearing from you tomorrow.,8,44
2229,Yes,1,I need to get a new gas daily product created.,I need to get a new gas daily product created.,10,46
2230,Yes,1,I think you should have this conversation with the senior person and I will work on it at the board level.,I think you should have this conversation with the senior person and I will work on it at the board level.,21,106
2231,Yes,1,"I'd like to hear your thoughts on Fanhattan, given that you were one of the early downloaders of our app over the past several months.","I'd like to hear your thoughts on Fanhattan, given that you were one of the early downloaders of our app over the past several months.",25,134
2232,Yes,1,"If you do, you need to hurry.","If you do, you need to hurry.",7,29
2234,Yes,1,"Mike, send to John Sherriff in Europe.","Mike, send to John Sherriff in Europe.",7,38
2238,Yes,1,Someone please help me!!!,Someone please help me!!!,4,25
2239,Yes,1,"Tammy, are you getting all these reports?","Tammy, are you getting all these reports?",7,41
2241,Yes,1,"We have already scheduled an internal presentation on December $NUM. Please, go ahead and make a reservation.","We have already scheduled an internal presentation on December 7. Please, go ahead and make a reservation.",17,109
2242,Yes,1,We look forward to speaking with you in more detail about the ways we could potentially work together.,We look forward to speaking with you in more detail about the ways we could potentially work together.,18,102
2244,Yes,1,We'd love to get to know you better so that we can enhance our services and products.,We'd love to get to know you better so that we can enhance our services and products.,17,85
2246,Yes,1,What do you want to do about this?,What do you want to do about this?,8,34
2248,Yes,1,When do you think we will be able to get the Sitara number entered in the Link field in Tagg?,When do you think we will be able to get the Sitara number entered in the Link field in Tagg?,20,93
2249,Yes,1,"Would you mind call Jerry Jerry BoBerry and see what he will tell you is the substance of their issues, and share with him our issues.","Would you mind call Jerry Jerry BoBerry and see what he will tell you is the substance of their issues, and share with him our issues.",26,134
2251,Yes,1,Would you vote to help us win the prestigious MobiPrize?,Would you vote to help us win the prestigious MobiPrize?,10,56
2252,Yes,1,"With respect to that rush Guaranty for the referenced counterparty you so kindly got me on Monday, per our conversation, we will need an incumbency certificate for that guaranty as well.","With respect to that rush Guaranty for the referenced counterparty you so kindly got me on Monday, per our conversation, we will need an incumbency certificate for that guaranty as well.",31,186
2253,Yes,1,Let's go out one night and have a few drinks.,Let's go out one night and have a few drinks.,10,45
2254,Yes,1,Let's talk about it at the meeting.,Let's talk about it at the meeting.,7,35
2255,Yes,1,"Scott, when would you like to go over the CNG scoop?","Scott, when would you like to go over the CNG scoop?",11,52
2256,Yes,1,Let's set a meeting date for near future.,Let's set a meeting date for near future.,8,41
2257,Yes,1,My recommendation is to call Mark Palmer first and discuss the book with him.,My recommendation is to call Mark Palmer first and discuss the book with him.,14,77
2258,Yes,1,Do you foresee a problem with me leaving at 4pm that day?,Do you foresee a problem with me leaving at 4pm that day?,12,57
2259,Yes,1,"Please plan to dial into our conference call at $NUM:$NUM AM Pacific time on Tuesday, January 8th.","Please plan to dial into our conference call at 8:00 AM Pacific time on Tuesday, January 8th.",17,98
2261,Yes,1,"If you'd like to speak your mind, reply directly to this email or get in touch at $EMAIL and I can set you up with private beta access to our rule catalog.","If you'd like to speak your mind, reply directly to this email or get in touch at aubrey@attachments.me and I can set you up with private beta access to our rule catalog.",32,155
2262,Yes,1,Wanna come eat with me?,Wanna come eat with me?,5,23
2263,Yes,1,You can catch me at the office on wed or next week at home.,You can catch me at the office on wed or next week at home.,14,59
2264,Yes,1,"If you would like to speak with a sales representative, click the link below.","If you would like to speak with a sales representative, click the link below.",14,77
2270,Yes,1,Please share with the Birthday Boy.,Please share with the Birthday Boy.,6,35
2272,Yes,1,"Also, please set up a meeting for you and me with Phillippe Bibi to discuss getting help from IT to implement our plan.","Also, please set up a meeting for you and me with Phillippe Bibi to discuss getting help from IT to implement our plan.",23,119
2273,Yes,1,Please whitelist our email address $EMAIL,Please whitelist our email address offers@paidoffers4all.com,6,41
2274,Yes,1,Please mark on your calendars to attend given current discussions about the gas organization.,Please mark on your calendars to attend given current discussions about the gas organization.,14,93
2276,Yes,1,Thursday sounds great and just let me know about Friday.,Thursday sounds great and just let me know about Friday.,10,56
2280,Yes,1,To remind me to discuss this with you when you get in:,To remind me to discuss this with you when you get in:,12,54
2281,Yes,1,## Please do not write below this line ##,## Please do not write below this line ##,9,41
2282,Yes,1,"- If this was not you, please log into Facebook from your computer and follow the instructions provided to help you control your account information.","- If this was not you, please log into Facebook from your computer and follow the instructions provided to help you control your account information.",25,149
2283,Yes,1,A meeting is being scheduled so we can discuss these matters further.,A meeting is being scheduled so we can discuss these matters further.,12,69
2286,Yes,1,"Also, I'd love to talk to you this weekend if possible about Prentice's bday festivities.","Also, I'd love to talk to you this weekend if possible about Prentice's bday festivities.",15,89
2287,Yes,1,"Also, do you know if Skipper is planning to attend.","Also, do you know if Skipper is planning to attend.",10,51
2288,Yes,1,"Also, please check the volumes.","Also, please check the volumes.",5,31
2289,Yes,1,"Also, please come join us Thursday, March $NUM for a webinar hosted by John Boyer—the creator of Skedi.","Also, please come join us Thursday, March 22 for a webinar hosted by John Boyer—the creator of Skedi.",18,103
2290,Yes,1,"Also, please forward to me what I owe you for the plane flight and golf and our share of dinners, drinks, guacamole, etc.","Also, please forward to me what I owe you for the plane flight and golf and our share of dinners, drinks, guacamole, etc.",23,121
2291,Yes,1,"Also, please have the new transport index positions at Socal that we are booking tomorrow included in the new KRS column in the physindex tab.","Also, please have the new transport index positions at Socal that we are booking tomorrow included in the new KRS column in the physindex tab.",25,142
2292,Yes,1,"Also, please tell Jeff A. that I'm still doing reconnaissance on smart types to join your group.","Also, please tell Jeff A. that I'm still doing reconnaissance on smart types to join your group.",17,96
2294,Yes,1,An e-mail or voicemail on major developments as they occur would be helpful.,An e-mail or voicemail on major developments as they occur would be helpful.,13,76
2295,Yes,1,"And if things work out, please consider a meeting with me to ta lk about a job.","And if things work out, please consider a meeting with me to ta lk about a job.",17,79
2297,Yes,1,"And if you want to talk more about dinner, please call me.","And if you want to talk more about dinner, please call me.",12,58
2299,Yes,1,"And to be an even bigger pain.....since my schedule's a disaster with school coming to a close, could you stick the check in the mail?","And to be an even bigger pain.....since my schedule's a disaster with school coming to a close, could you stick the check in the mail?",25,134
2300,Yes,1,And will you call me?,And will you call me?,5,21
2301,Yes,1,"Andrea, would it be possible to update our list to show the current progress on the ""$NUM days"" items?","Andrea, would it be possible to update our list to show the current progress on the ""30 days"" items?",19,102
2302,Yes,1,Any help you can give Kevin would be much appreciated.,Any help you can give Kevin would be much appreciated.,10,54
2303,Yes,1,Any help you can give me in setting up training w/ someone that will be able to answer our questions is greatly appreciated.,Any help you can give me in setting up training w/ someone that will be able to answer our questions is greatly appreciated.,23,124
2305,Yes,1,Are folks available for a call tomorrow at $NUM AM to begin preparing for the meeting with Sempra next week?,Are folks available for a call tomorrow at 9 AM to begin preparing for the meeting with Sempra next week?,20,108
2306,Yes,1,Are you available for a conference call with David Hunt and me tomorrow?,Are you available for a conference call with David Hunt and me tomorrow?,13,72
2308,Yes,1,Ask Joseph to reserve the large conference room.,Ask Joseph to reserve the large conference room.,8,48
2309,Yes,1,"At your leisure and prior to the November OCD meeting, prepare a memo to file of the resaons and justification based upon the report results and data why Eunice is not the bad guy in this and why Texaco is.","At your leisure and prior to the November OCD meeting, prepare a memo to file of the resaons and justification based upon the report results and data why Eunice is not the bad guy in this and why Texaco is.",40,206
2310,Yes,1,Backups are for your eyes only - you choose if you want to share them.,Backups are for your eyes only - you choose if you want to share them.,15,70
2315,Yes,1,"Brett, can you give me the particulars on the four MEH turbines (ie) scheduled delivery, price, fuel options, heat rate, output,etc - including transferablility to NA.","Brett, can you give me the particulars on the four MEH turbines (ie) scheduled delivery, price, fuel options, heat rate, output,etc - including transferablility to NA.",26,167
2319,Yes,1,"Call me on my cell, or page me after you meeting this afternoon and let's discuss.","Call me on my cell, or page me after you meeting this afternoon and let's discuss.",16,82
2320,Yes,1,Call me so that we can discuss.,Call me so that we can discuss.,7,31
2321,Yes,1,Can I get the daily Data going back to Apr $NUM?,Can I get the daily Data going back to Apr 98?,11,48
2322,Yes,1,Can I get you more resources to cover the market more aggresively?,Can I get you more resources to cover the market more aggresively?,12,66
2323,Yes,1,Can I please extend the $NUM million var and the contracts in the power book until the Board meeting on October 11th.,Can I please extend the 45 million var and the contracts in the power book until the Board meeting on October 11th.,22,117
2324,Yes,1,Can anyone tell me what it means?,Can anyone tell me what it means?,7,33
2326,Yes,1,Can set up a conference call with me and Remi Cologne in Brazil this week.,Can set up a conference call with me and Remi Cologne in Brazil this week.,15,74
2327,Yes,1,Can we discuss this - I can be reached at the numbers below?,Can we discuss this - I can be reached at the numbers below?,13,60
2328,Yes,1,Can we invite them to the dinner on the 18th and to the meetings on Friday?,Can we invite them to the dinner on the 18th and to the meetings on Friday?,16,75
2330,Yes,1,Can we move that meeting up to $NUM:$NUM am?,Can we move that meeting up to 11:00 am?,9,44
2331,Yes,1,Can we schedule a conference call with the HR folks at Celgar?,Can we schedule a conference call with the HR folks at Celgar?,12,62
2332,Yes,1,Can we try to set up a quick call to discuss?,Can we try to set up a quick call to discuss?,11,45
2333,Yes,1,Can you afford NOT to have health coverage?,Can you afford NOT to have health coverage?,8,43
2334,Yes,1,Can you afford to go without health insurance until the next Obamacare open enrollment period in November?,Can you afford to go without health insurance until the next Obamacare open enrollment period in November?,17,106
2335,Yes,1,Can you come and see me when you get in.,Can you come and see me when you get in.,10,40
2336,Yes,1,Can you e:mail a copy to Tom Hopwood?,Can you e:mail a copy to Tom Hopwood?,8,37
2337,Yes,1,Can you forward me exact address of conference site so I can include on Sally's itinerary.,Can you forward me exact address of conference site so I can include on Sally's itinerary.,16,90
2338,Yes,1,Can you get in touch w/Eldon?,Can you get in touch w/Eldon?,6,29
2340,Yes,1,Can you give me a call sometime Tuesday afternoon.,Can you give me a call sometime Tuesday afternoon.,9,50
2342,Yes,1,Can you give me any info that may be made available?,Can you give me any info that may be made available?,11,52
2343,Yes,1,Can you have the same constraint language included on the PG&E Topock location for creating the phys forward (fixed price) product?,Can you have the same constraint language included on the PG&E Topock location for creating the phys forward (fixed price) product?,21,131
2344,Yes,1,Can you join us?,Can you join us?,4,16
2345,Yes,1,Can you join?,Can you join?,3,13
2346,Yes,1,Can you make a call to discuss the PG&E strategy on Wednesday?,Can you make a call to discuss the PG&E strategy on Wednesday?,12,62
2348,Yes,1,Can you please send me your current home address so we can send you an organizer?,Can you please send me your current home address so we can send you an organizer?,16,81
2349,Yes,1,"Can you send me a copy of Pan Energy's spreadsheet for Sept, also?","Can you send me a copy of Pan Energy's spreadsheet for Sept, also?",13,66
2350,Yes,1,Can you talk early Monday AM w/me & Tribolet re: core/noncore analysis for Hertzberg?,Can you talk early Monday AM w/me & Tribolet re: core/noncore analysis for Hertzberg?,14,85
2351,Yes,1,"Can you, please, join us tomorrow to discuss it.","Can you, please, join us tomorrow to discuss it.",9,48
2354,Yes,1,Come back and let us know you're ok!,Come back and let us know you're ok!,8,36
2355,Yes,1,Could I ask you to try it out and send me some feedback?,Could I ask you to try it out and send me some feedback?,13,56
2356,Yes,1,Could I get an outline of their $NUM day course to review in order to make this decision?,Could I get an outline of their 2 day course to review in order to make this decision?,18,89
2357,Yes,1,Could we do our call at noon or $NUM pm California time?,Could we do our call at noon or 2 pm California time?,12,56
2360,Yes,1,Could you come see me when you get a minute.,Could you come see me when you get a minute.,10,44
2361,Yes,1,Could you e-mail me your mailing address so I can send off a cheque.,Could you e-mail me your mailing address so I can send off a cheque.,14,68
2362,Yes,1,Could you give me a call (x6910) and help me out.,Could you give me a call (x6910) and help me out.,11,49
2363,Yes,1,Could you please provide me and Twanda with the particulars so that we can paper it up?,Could you please provide me and Twanda with the particulars so that we can paper it up?,17,87
2364,Yes,1,Could you refresh my memory on what I owe you for the coastal and the acacia and I'll quickly send you a check right now! Thanks again for the lobster and fun last weekend.,Could you refresh my memory on what I owe you for the coastal and the acacia and I'll quickly send you a check right now! Thanks again for the lobster and fun last weekend.,34,172
2365,Yes,1,"Could you, please, advise me what is the best hotel where we could stay overnight, close to your location?","Could you, please, advise me what is the best hotel where we could stay overnight, close to your location?",19,106
2366,Yes,1,"Couple of points, I would hope you would share with your group on Monday:","Couple of points, I would hope you would share with your group on Monday:",14,73
2367,Yes,1,"David, Can you resend $NUM/$NUM/$NUM MPR?","David, Can you resend 1/26/00 MPR?",6,41
2368,Yes,1,"David, once you get the demand lets discuss before deployment.","David, once you get the demand lets discuss before deployment.",10,62
2369,Yes,1,Did you ever send CES copies of the demand charges for Jan $NUM.,Did you ever send CES copies of the demand charges for Jan 2000.,13,64
2370,Yes,1,Did you get the changes that we discussed yesterday included before the response to the RFP went to CMS?,Did you get the changes that we discussed yesterday included before the response to the RFP went to CMS?,19,104
2372,Yes,1,Did you get the tickets?,Did you get the tickets?,5,24
2374,Yes,1,Do you get to see each other much?,Do you get to see each other much?,8,34
2375,Yes,1,Do you mind if I meet with Carl and Severin and Rich next time I'm over at Haas to discuss this a bit with them?,Do you mind if I meet with Carl and Severin and Rich next time I'm over at Haas to discuss this a bit with them?,25,112
2376,Yes,1,Do you need me to get you anything over here and ship it to London?,Do you need me to get you anything over here and ship it to London?,15,67
2377,Yes,1,Do you run a business where you need to send partially-completed documents out to workers in the field?,Do you run a business where you need to send partially-completed documents out to workers in the field?,18,103
2378,Yes,1,Do you still want to receive our daily job alerts?,Do you still want to receive our daily job alerts?,10,50
2379,Yes,1,Do you want me to put them on the list for the Legal/Credit meeting as a reminder?,Do you want me to put them on the list for the Legal/Credit meeting as a reminder?,17,82
2380,Yes,1,Do you want to get together for a drink one night this week?,Do you want to get together for a drink one night this week?,13,60
2381,Yes,1,Do you want to meet by the garage?,Do you want to meet by the garage?,8,34
2382,Yes,1,Don can you try and find a time next week with Lew for me to have dinner - get Beverly to schedule the plane to get me in and out that day.,Don can you try and find a time next week with Lew for me to have dinner - get Beverly to schedule the plane to get me in and out that day.,32,139
2383,Yes,1,"EPMI is available to discuss this proposal at your convenience and we will be available on Tuesday, February $NUM, $NUM to discuss the amounts payable described above.","EPMI is available to discuss this proposal at your convenience and we will be available on Tuesday, February 20, 2001 to discuss the amounts payable described above.",27,167
2384,Yes,1,Expect a call from Paul tonight.,Expect a call from Paul tonight.,6,32
2388,Yes,1,"For additional information related to this program, please visit the $LINK","For additional information related to this program, please visit the $LINK",11,74
2390,Yes,1,"For more information on our Privacy Policy, please visit the","For more information on our Privacy Policy, please visit the",10,60
2391,Yes,1,"For more information, please email us at $EMAIL","For more information, please email us at gmsengine@mail2media.net <mailto:gmsengine@mail2media.net>",8,47
2393,Yes,1,"George: If you get a minute, could you call to de-brief on the meeting we had the Gruma?","George: If you get a minute, could you call to de-brief on the meeting we had the Gruma?",18,88
2395,Yes,1,Give a call and we can discuss further.,Give a call and we can discuss further.,8,39
2396,Yes,1,Give a call when you get a chance to discuss.,Give a call when you get a chance to discuss.,10,45
2398,Yes,1,Give me a call Tuesday afternoon to discuss (gone to Kelowna golfing for the weekend).,Give me a call Tuesday afternoon to discuss (gone to Kelowna golfing for the weekend).,15,86
2400,Yes,1,Give me a ring if you have a few minutes and I'll give you the update on what's going on up here (dial $NUM in case you've forgotten how to dial us from world headquarters).,Give me a ring if you have a few minutes and I'll give you the update on what's going on up here (dial 87-7449 in case you've forgotten how to dial us from world headquarters).,35,173
2402,Yes,1,"Glad to talk to you on Friday and be happy to talk more if you have any other questions, or desire any follow up.","Glad to talk to you on Friday and be happy to talk more if you have any other questions, or desire any follow up.",24,113
2403,Yes,1,"Guys, can you come explain some of this to me including where we stand on the GE issues.","Guys, can you come explain some of this to me including where we stand on the GE issues.",18,88
2404,Yes,1,"Guys, can you forward your parts.","Guys, can you forward your parts.",6,33
2405,Yes,1,"Guys, can you give me an update on what this deal is about - e-mail would be fine?","Guys, can you give me an update on what this deal is about - e-mail would be fine?",18,82
2406,Yes,1,"Guys, can you put together the folllowing Portfolio/Charter Review for Principal Investing and Energy Capital Resources: a) detail existing portfolio - winners/losers; additions/deletions and overall performance; b) detail market conditions in your markets and any strategy changes following; c) anticipated major transactions in $NUM; and d) review charter and detail any proposed changes.","Guys, can you put together the folllowing Portfolio/Charter Review for Principal Investing and Energy Capital Resources: a) detail existing portfolio - winners/losers; additions/deletions and overall performance; b) detail market conditions in your markets and any strategy changes following; c) anticipated major transactions in 2001; and d) review charter and detail any proposed changes.",53,390
2407,Yes,1,"Guys, lets get together to get final resolution to these issues including the peaker fee asap.","Guys, lets get together to get final resolution to these issues including the peaker fee asap.",16,94
2409,Yes,1,"Hey Z, would you show Beavy how to request the CNG Fuel waivers for July?","Hey Z, would you show Beavy how to request the CNG Fuel waivers for July?",15,73
2411,Yes,1,"Hey what do you think of this one, I even thought we could give what ever ones you won't use for the church's programs on Sunday.","Hey what do you think of this one, I even thought we could give what ever ones you won't use for the church's programs on Sunday.",26,129
2412,Yes,1,Hey what time were you meeting us up at Jock's and Jill's tomorrow?,Hey what time were you meeting us up at Jock's and Jill's tomorrow?,13,67
2415,Yes,1,"Hi Kenneth, We are within a year anniversary attempt to arrange a meeting with you and our CEO Jack Nester in order to present Telecompression, and how we can cut Enron Corp. by hundreds of millions off Long Distance phone bill.","Hi Kenneth, We are within a year anniversary attempt to arrange a meeting with you and our CEO Jack Nester in order to present Telecompression, and how we can cut Enron Corp. by hundreds of millions off Long Distance phone bill.",41,228
2416,Yes,1,Hi Laura: Is it possible to get a copy of the report?,Hi Laura: Is it possible to get a copy of the report?,12,53
2418,Yes,1,"How much is the insurance and taxes all together, please itemize!","How much is the insurance and taxes all together, please itemize!",11,65
2419,Yes,1,"How's $NUM AM PDT, $NUM AM EDT? Could you summarize for me precisely what she'd like to discuss?","How's 8 AM PDT, 11 AM EDT? Could you summarize for me precisely what she'd like to discuss?",18,96
2423,Yes,1,I can be reached at $NUM if you want to further discuss scheduling of a meeting.,I can be reached at 713-783-1223 if you want to further discuss scheduling of a meeting.,16,80
2424,Yes,1,"I can debrief you on the hearing then or if you want to hear it now, give me a call.","I can debrief you on the hearing then or if you want to hear it now, give me a call.",20,84
2425,Yes,1,"I had hoped to briefly discuss this with you in person, as I would want you to understand two points: ($NUM) This role will not prevent me from continuing a very strong focus on the needs of ENA.","I had hoped to briefly discuss this with you in person, as I would want you to understand two points: (1) This role will not prevent me from continuing a very strong focus on the needs of ENA.",38,195
2428,Yes,1,I hope to get this resolved today so we can wrap it up early next week.,I hope to get this resolved today so we can wrap it up early next week.,16,71
2429,Yes,1,"I hope we can do more than meet, if possible, let me buy you dinner!","I hope we can do more than meet, if possible, let me buy you dinner!",15,68
2431,Yes,1,I hope you can join us.,I hope you can join us.,6,23
2432,Yes,1,"I know it's your first day back and you are probably swamped, but when you get a chance, please give me a call.","I know it's your first day back and you are probably swamped, but when you get a chance, please give me a call.",23,111
2433,Yes,1,"I know that she spoke with you about me, and I wanted to see if you might be interested in getting together sometime.","I know that she spoke with you about me, and I wanted to see if you might be interested in getting together sometime.",23,117
2434,Yes,1,I know that you are busy but this is just a reminder to forward me the calendar that we spoke of earlier.,I know that you are busy but this is just a reminder to forward me the calendar that we spoke of earlier.,22,105
2437,Yes,1,I shall be glad to meet you and help you with the project.,I shall be glad to meet you and help you with the project.,13,58
2438,Yes,1,I shall be glad to meet you for lunch next week.,I shall be glad to meet you for lunch next week.,11,48
2440,Yes,1,I shall call you tomorrow to discuss the details.,I shall call you tomorrow to discuss the details.,9,49
2441,Yes,1,I shall give you a call tomorrow to set up a meeting.,I shall give you a call tomorrow to set up a meeting.,12,53
2442,Yes,1,I think we may play golf on Friday.,I think we may play golf on Friday.,8,35
2444,Yes,1,I was wondering if it would be possible for you to write a letter of recommendation for me?,I was wondering if it would be possible for you to write a letter of recommendation for me?,18,91
2447,Yes,1,I will be in the Global Finance PRC all day tomorrow so can you present Guille in the ESA Directors/ GM PRC?,I will be in the Global Finance PRC all day tomorrow so can you present Guille in the ESA Directors/ GM PRC?,22,108
2448,Yes,1,I will call you before the end of the week to discuss this recommended approach.,I will call you before the end of the week to discuss this recommended approach.,15,80
2451,Yes,1,I will wait to hear from you Monday morning re: 1st meeting.,I will wait to hear from you Monday morning re: 1st meeting.,12,60
2452,Yes,1,I would appreciate if you could please let me know where you stand with the agreement to release both me and Enron from the obligations contained in my employment contract.,I would appreciate if you could please let me know where you stand with the agreement to release both me and Enron from the obligations contained in my employment contract.,30,172
2453,Yes,1,"I would appreciate it if you could spend a few minutes and provide me with some details about your application and what OCR requirements you have, so I can help determine if the MSDK is the correct product for you.","I would appreciate it if you could spend a few minutes and provide me with some details about your application and what OCR requirements you have, so I can help determine if the MSDK is the correct product for you.",40,214
2454,Yes,1,I would appreciate it if you would give Sam a call.,I would appreciate it if you would give Sam a call.,11,51
2455,Yes,1,"I would appreciate the opportunity to discuss it with you to get your input, etc.","I would appreciate the opportunity to discuss it with you to get your input, etc.",15,81
2457,Yes,1,I would like the opportunity to be together with everyone -- maybe we could send them on a nice dinner just the two of them and the rest of us could have fun one night!,I would like the opportunity to be together with everyone -- maybe we could send them on a nice dinner just the two of them and the rest of us could have fun one night!,35,168
2459,Yes,1,I would like to discuss it with you tomorrow if you are available in person or by phone.,I would like to discuss it with you tomorrow if you are available in person or by phone.,18,88
2461,Yes,1,I would like to discuss with you an offer to lend a large amount of capital to your firm.,I would like to discuss with you an offer to lend a large amount of capital to your firm.,19,89
2463,Yes,1,"I would love to hear from you, reply to this email and let me know what obstacles you are experiencing in your online ventures.","I would love to hear from you, reply to this email and let me know what obstacles you are experiencing in your online ventures.",24,127
2464,Yes,1,I would really appreciate it if you could spare a minute of your valuable time and take our short survey.,I would really appreciate it if you could spare a minute of your valuable time and take our short survey.,20,105
2465,Yes,1,I'd like to discuss with you two as soon as possible.,I'd like to discuss with you two as soon as possible.,11,53
2466,Yes,1,I'd like to see you tonite before I leave if you're available.,I'd like to see you tonite before I leave if you're available.,12,62
2468,Yes,1,"I'll be out the rest of the week, but maybe when I get back we can chat again on the phone, and maybe pull Edmund in, because before Edmund got sick, we were pretty much in agreement on how he was supposed to respond about Americas countries and how I should respond about European countries.","I'll be out the rest of the week, but maybe when I get back we can chat again on the phone, and maybe pull Edmund in, because before Edmund got sick, we were pretty much in agreement on how he was supposed to respond about Americas countries and how I should respond about European countries.",55,292
2469,Yes,1,"I'll call you tomorrow, if you're around.","I'll call you tomorrow, if you're around.",7,41
2470,Yes,1,I'll see if we can set up a meeting on Thursday the 2nd.,I'll see if we can set up a meeting on Thursday the 2nd.,13,56
2471,Yes,1,I'll work on the transfer price agreement today or this weekend so we will have something to discuss.,I'll work on the transfer price agreement today or this weekend so we will have something to discuss.,18,101
2473,Yes,1,If Cameron has to work are you available?,If Cameron has to work are you available?,8,41
2474,Yes,1,"If any of you are interested in going to the Mass, let me know and we can make plans together.","If any of you are interested in going to the Mass, let me know and we can make plans together.",20,94
2476,Yes,1,"If it works for you, I'd be happy to come to your office on either day to meet and catch up.","If it works for you, I'd be happy to come to your office on either day to meet and catch up.",21,92
2478,Yes,1,"If not, do you want to meet this weekend for a wee bit to discuss? i'm in town.","If not, do you want to meet this weekend for a wee bit to discuss? i'm in town.",18,79
2479,Yes,1,"If not, please forward it on to the right person and let me know who that is.","If not, please forward it on to the right person and let me know who that is.",17,77
2480,Yes,1,"If nothing happens when you click this link, please copy the link above and paste it into your web browser.","If nothing happens when you click this link, please copy the link above and paste it into your web browser.",20,107
2481,Yes,1,"If questions arise around an EOL deal, please make sure that your audience (traders, myself, etc.) knows that your are discussing an EOL trade.","If questions arise around an EOL deal, please make sure that your audience (traders, myself, etc.) knows that your are discussing an EOL trade.",24,143
2482,Yes,1,"If so, Linda, would it be possible to have overnighted to me ""official versions"" of the letters?","If so, Linda, would it be possible to have overnighted to me ""official versions"" of the letters?",17,96
2483,Yes,1,"If so, do you want me to meet you there?","If so, do you want me to meet you there?",10,40
2484,Yes,1,"If that date doesn't work, would you please include my assistant, Twanda Sweet, on the distribution, given that I will be out at the law conference for the rest of the day and tomorrow?","If that date doesn't work, would you please include my assistant, Twanda Sweet, on the distribution, given that I will be out at the law conference for the rest of the day and tomorrow?",34,185
2486,Yes,1,"If the link does not open, please paste it directly into your browser and press Enter.","If the link does not open, please paste it directly into your browser and press Enter.",16,86
2487,Yes,1,"If there's other stuff you need, or if you'd like to discuss, don't hesitate.","If there's other stuff you need, or if you'd like to discuss, don't hesitate.",14,77
2488,Yes,1,"If they are OK, pls post it and email the final back to me.","If they are OK, pls post it and email the final back to me.",14,59
2490,Yes,1,"If this is not feasible, please let me know.","If this is not feasible, please let me know.",9,44
2491,Yes,1,"If we don't talk between now and Thursday, we'll talk then.","If we don't talk between now and Thursday, we'll talk then.",11,59
2492,Yes,1,If you are free one evening we can have dinner together.,If you are free one evening we can have dinner together.,11,56
2494,Yes,1,"If you are, when do you talk to Skilling, and would you want to schedule something around that, or sooner?","If you are, when do you talk to Skilling, and would you want to schedule something around that, or sooner?",20,106
2495,Yes,1,"If you can get away during the week to ski, that would be awesome.","If you can get away during the week to ski, that would be awesome.",14,66
2497,Yes,1,"If you consider you have the inquired skills and would like to be approved for this job or would like to discuss it, please reply to this email and indicate your interest.","If you consider you have the inquired skills and would like to be approved for this job or would like to discuss it, please reply to this email and indicate your interest.",32,171
2498,Yes,1,"If you don't want to read any further, just head over to $LINK","If you don't want to read any further, just head over to $LINK",13,62
2499,Yes,1,"If you get a free minute, can you give me a call to discuss.","If you get a free minute, can you give me a call to discuss.",14,60
2500,Yes,1,If you happen to be in Houston on November 5th we would enjoy having you join us for the walk.,If you happen to be in Houston on November 5th we would enjoy having you join us for the walk.,20,94
2502,Yes,1,"If you have a different view, lets discuss at your earliest convenience.","If you have a different view, lets discuss at your earliest convenience.",12,72
2503,Yes,1,"If you have any trouble, just reply to this email and we'll help you out.","If you have any trouble, just reply to this email and we'll help you out.",15,73
2504,Yes,1,If you have multiple children in multiple classrooms be sure to create a Ring for each class.,If you have multiple children in multiple classrooms be sure to create a Ring for each class.,17,93
2505,Yes,1,"If you have problems viewing quotes online or you would like to speak directly to a licensed agent, call the number below:","If you have problems viewing quotes online or you would like to speak directly to a licensed agent, call the number below:",22,122
2506,Yes,1,"If you need our assistance during your usage, email us and we will be happy to help you.","If you need our assistance during your usage, email us and we will be happy to help you.",18,88
2509,Yes,1,"If you use GMail, can you do me a quick favor?","If you use GMail, can you do me a quick favor?",11,46
2511,Yes,1,"If you want to attend, let me know, and we will get tickets.","If you want to attend, let me know, and we will get tickets.",13,60
2512,Yes,1,If you want to discuss further let me know.,If you want to discuss further let me know.,9,43
2513,Yes,1,"If you want to give me a call when you have a minute, I'll conference in Mark from Aron, and we'll just confirm all this.","If you want to give me a call when you have a minute, I'll conference in Mark from Aron, and we'll just confirm all this.",25,121
2515,Yes,1,"If you were unable to confirm your personal information and do not have access to your account, please call us at ($NUM) $NUM and select option $NUM in order to verify your identity.","If you were unable to confirm your personal information and do not have access to your account, please call us at (855) 331-9531 and select option 2 in order to verify your identity.",33,182
2516,Yes,1,"If you would like to discuss this further, please give me a call.","If you would like to discuss this further, please give me a call.",13,65
2518,Yes,1,"If you would like to speak directly to a licensed agent, call this number and we can help:","If you would like to speak directly to a licensed agent, call this number and we can help:",18,90
2519,Yes,1,"If you'd like to attend, should we call you from the conference room?","If you'd like to attend, should we call you from the conference room?",13,69
2522,Yes,1,"If you'd like to have a conversation that doesn't include the whole gang on the conference call about the Brattle Group stuff, give me a call and we can have a calmer, more detailed discussion without all the noise.","If you'd like to have a conversation that doesn't include the whole gang on the conference call about the Brattle Group stuff, give me a call and we can have a calmer, more detailed discussion without all the noise.",39,215
2523,Yes,1,"If you'd prefer to call us to discuss your options, you can reach us at $NUM.","If you'd prefer to call us to discuss your options, you can reach us at 888.486.4722.",16,77
2525,Yes,1,"If your do not see our email in $NUM seconds, please go to $LINK","If your do not see our email in 15 seconds, please go to http://www.enerfax.com",14,64
2526,Yes,1,"If your kids will be able to attend, let me know.","If your kids will be able to attend, let me know.",11,49
2527,Yes,1,"If your schedule were to free up suddenly, just give me a call and I can see if I could change mine to have lunch sooner.","If your schedule were to free up suddenly, just give me a call and I can see if I could change mine to have lunch sooner.",26,121
2528,Yes,1,"In the meantime, can I order a case of coast zin and one of cab for pick up and payment this weekend, too?","In the meantime, can I order a case of coast zin and one of cab for pick up and payment this weekend, too?",23,106
2530,Yes,1,"Instead, please send messages to our customer service team at $EMAIL","Instead, please send messages to our customer service team at customerservice@creativeedge.com",11,68
2531,Yes,1,Is it possible to get a login ID and password to get into the CERA site?,Is it possible to get a login ID and password to get into the CERA site?,16,72
2533,Yes,1,Is there any chance that Lisa could get a phone in your meeting room so that I could participate by conference call?,Is there any chance that Lisa could get a phone in your meeting room so that I could participate by conference call?,22,116
2534,Yes,1,Is there anything in addition to the information we included in the letter to Lynch (or that is already be publicly available) that FERC might use in its investigation and that we ought to target for public release?,Is there anything in addition to the information we included in the letter to Lynch (or that is already be publicly available) that FERC might use in its investigation and that we ought to target for public release?,38,215
2535,Yes,1,It would be great if we could entertain you for lunch as part of the visit.,It would be great if we could entertain you for lunch as part of the visit.,16,75
2536,Yes,1,It would be great if we could talk this week.,It would be great if we could talk this week.,10,45
2538,Yes,1,"Janelle, I was hoping that maybe we could find a half hour to discuss your thoughts on your current role.","Janelle, I was hoping that maybe we could find a half hour to discuss your thoughts on your current role.",20,105
2539,Yes,1,"Jeff, I would like to discuss this with you and your plans in gas.","Jeff, I would like to discuss this with you and your plans in gas.",14,66
2541,Yes,1,John I would like to sit with you a couple days this week if you'll let me.,John I would like to sit with you a couple days this week if you'll let me.,17,75
2542,Yes,1,"John, can you arrange this call?","John, can you arrange this call?",6,32
2544,Yes,1,Just please have a relationship w/ me.,Just please have a relationship w/ me.,7,38
2545,Yes,1,"Kay, can you set up a dinner with Randall.","Kay, can you set up a dinner with Randall.",9,42
2546,Yes,1,"Kevin, I would like more detail on these issues of which I was not aware - lets discuss next week.","Kevin, I would like more detail on these issues of which I was not aware - lets discuss next week.",20,98
2547,Yes,1,"Laura, I know you are busy but I need your plan submission asap so that we can discuss and finalize.","Laura, I know you are busy but I need your plan submission asap so that we can discuss and finalize.",20,100
2548,Yes,1,Leave me a voicemail and let me know how the meeting goes.,Leave me a voicemail and let me know how the meeting goes.,12,58
2549,Yes,1,Let me know about that weekend.,Let me know about that weekend.,6,31
2550,Yes,1,Let me know how you 'd like to proceed and please give my sincere apologies (and best) to Laura.,Let me know how you 'd like to proceed and please give my sincere apologies (and best) to Laura.,19,96
2555,Yes,1,Let me know if you get my attachments.,Let me know if you get my attachments.,8,38
2556,Yes,1,"Let me know if you want a copy of the note describing that process, which was sent by Cindy Olson a few weeks ago.","Let me know if you want a copy of the note describing that process, which was sent by Cindy Olson a few weeks ago.",24,114
2557,Yes,1,Let me know if you want to make changes.,Let me know if you want to make changes.,9,40
2558,Yes,1,Let me know what the outcome of the meeting is.,Let me know what the outcome of the meeting is.,10,47
2563,Yes,1,Let me know when you want to talk dates.,Let me know when you want to talk dates.,9,40
2565,Yes,1,Let me know you got these.,Let me know you got these.,6,26
2566,Yes,1,Let me know your impressions after the meeting.,Let me know your impressions after the meeting.,8,47
2567,Yes,1,"Let me know, and then we can firm up discussions topics and agendas.","Let me know, and then we can firm up discussions topics and agendas.",13,68
2568,Yes,1,Let us know if we can better support your email provider's spam features!,Let us know if we can better support your email provider's spam features!,13,73
2571,Yes,1,Let's discuss a bit.,Let's discuss a bit.,4,20
2572,Yes,1,"Let's discuss first thing, before the day gets nuts.","Let's discuss first thing, before the day gets nuts.",9,52
2573,Yes,1,Let's discuss if there are any problems.,Let's discuss if there are any problems.,7,40
2575,Yes,1,Let's discuss this sometime this am.,Let's discuss this sometime this am.,6,36
2576,Yes,1,Let's discuss this with Ann Elizabeth next week.,Let's discuss this with Ann Elizabeth next week.,8,48
2577,Yes,1,Let's get together for lunch some time.,Let's get together for lunch some time.,7,39
2580,Yes,1,Let's meet on Wednesday or Thursday this week.,Let's meet on Wednesday or Thursday this week.,8,46
2581,Yes,1,Let's meet with Jeff Shankman to discuss the agenda.,Let's meet with Jeff Shankman to discuss the agenda.,9,52
2583,Yes,1,"Let's schedule a meeting for Mark Taylor, you and me with the consultant who we already had conversations with.","Let's schedule a meeting for Mark Taylor, you and me with the consultant who we already had conversations with.",19,111
2584,Yes,1,Let's talk and maybe I can get the Bryson meeting rearranged.,Let's talk and maybe I can get the Bryson meeting rearranged.,11,61
2585,Yes,1,Let's talk first thing in the AM to discuss.,Let's talk first thing in the AM to discuss.,9,44
2586,Yes,1,Let's try to get together today or tomorrow.,Let's try to get together today or tomorrow.,8,44
2587,Yes,1,Make sense for me to attend the meeting?,Make sense for me to attend the meeting?,8,40
2590,Yes,1,"Maureen, can you print out for Steve, too?","Maureen, can you print out for Steve, too?",8,42
2591,Yes,1,Maybe on Ben's layover we can have a discussion about where we go from here from a schedule standpoint.,Maybe on Ben's layover we can have a discussion about where we go from here from a schedule standpoint.,19,103
2592,Yes,1,Maybe we can discuss in the am.,Maybe we can discuss in the am.,7,31
2593,Yes,1,Maybe we can have a discussion then?,Maybe we can have a discussion then?,7,36
2594,Yes,1,"Mike, lets discuss just after Wayne and I get together to discuss the technical book or in conjunction.","Mike, lets discuss just after Wayne and I get together to discuss the technical book or in conjunction.",18,103
2595,Yes,1,"Mike, please give me a call at $NUM and we can set up a time that is good for you to observe.","Mike, please give me a call at 3-0977 and we can set up a time that is good for you to observe.",22,93
2596,Yes,1,"Mr Kean has had me underwater since last Thursday night, but I'll resurface tomorrow, at which time we can catch up on a number of things, including bills.","Mr Kean has had me underwater since last Thursday night, but I'll resurface tomorrow, at which time we can catch up on a number of things, including bills.",28,155
2598,Yes,1,My phone # is below so if you need to call me please do so.,My phone # is below so if you need to call me please do so.,15,59
2599,Yes,1,Norm would you mind visiting with Ms. Bernacik and explaining to her the difference between the excavation area where the underground tanks were removed and the landfarm area?,Norm would you mind visiting with Ms. Bernacik and explaining to her the difference between the excavation area where the underground tanks were removed and the landfarm area?,28,175
2600,Yes,1,"Now don't shoot me, but I was wondering if it might be possible to have the meetings on Thursday mornings.","Now don't shoot me, but I was wondering if it might be possible to have the meetings on Thursday mornings.",20,106
2602,Yes,1,"On the power plant, I've got a couple of guys you need to talk to.","On the power plant, I've got a couple of guys you need to talk to.",15,66
2604,Yes,1,Or I could discuss these issues after $NUM:$NUM p.m. Let me know when you would like to talk and if you continue to have issues in this regard.,Or I could discuss these issues after 8:00 p.m. Let me know when you would like to talk and if you continue to have issues in this regard.,28,143
2605,Yes,1,Or do you write in English American now?,Or do you write in English American now?,8,40
2606,Yes,1,Or we could have lunch or a beer after work on Thursday or Friday when I'm back from Portland.,Or we could have lunch or a beer after work on Thursday or Friday when I'm back from Portland.,19,94
2607,Yes,1,Or we could meet at a non-I-House place during the break and catch up if you like.,Or we could meet at a non-I-House place during the break and catch up if you like.,17,82
2608,Yes,1,"Otherwise, I shall be glad to join you.","Otherwise, I shall be glad to join you.",8,39
2609,Yes,1,Our meeting start at 7pm but we really don't get started praying until 8pm so if you want to touch and agree with us around that time that would be great.,Our meeting start at 7pm but we really don't get started praying until 8pm so if you want to touch and agree with us around that time that would be great.,31,154
2610,Yes,1,P.S - If you want to get your whole team or department set up with Openera - let me know and I'll get you early access to our Teams edition.,P.S - If you want to get your whole team or department set up with Openera - let me know and I'll get you early access to our Teams edition.,30,140
2611,Yes,1,P.S. Please do this ASAP as customer is scheduled to leave at 4pm today.,P.S. Please do this ASAP as customer is scheduled to leave at 4pm today.,14,72
2613,Yes,1,"Peter: Please send these updates to Lance Schuler, Travis McCullough and me going forward.","Peter: Please send these updates to Lance Schuler, Travis McCullough and me going forward.",14,90
2614,Yes,1,Please ACTIVATE YOUR Free ACCOUNT $LINK right away and tell us where to send your check!,Please ACTIVATE YOUR Free ACCOUNT $LINK right away and tell us where to send your check!,16,88
2615,Yes,1,Please Complete Your Registration Here:,Please Complete Your Registration Here:,5,39
2616,Yes,1,Please accept our apologies and this extended = deal.,Please accept our apologies and this extended = deal.,9,53
2617,Yes,1,Please accept our apologies for the inconvenience.,Please accept our apologies for the inconvenience.,7,50
2618,Yes,1,Please activate this link for saving your appjog data.,Please activate this link for saving your appjog data.,9,54
2621,Yes,1,"Please book me SF/NYC round trip,leaving Tues $NUM at $NUM:$NUM am, returning on sunday taking the $NUM:$NUM pm from NYC.","Please book me SF/NYC round trip,leaving Tues 8.2.01 at 9:15 am, returning on sunday taking the 4:15 pm from NYC.",20,121
2622,Yes,1,Please call & I can give you Sally's available time if she needs to attend.,Please call & I can give you Sally's available time if she needs to attend.,15,75
2624,Yes,1,Please call me so that we may discuss.,Please call me so that we may discuss.,8,38
2626,Yes,1,Please call me to discuss.,Please call me to discuss.,5,26
2627,Yes,1,Please call to discuss any of this at any time.,Please call to discuss any of this at any time.,10,47
2628,Yes,1,Please call to discuss at your convenience.,Please call to discuss at your convenience.,7,43
2629,Yes,1,Please check Your Site right away.,Please check Your Site right away.,6,34
2631,Yes,1,Please check on those marked below,Please check on those marked below,6,34
2632,Yes,1,Please check the dates for that OpRisk seminar in New York and put those on my calendar tentatively.,Please check the dates for that OpRisk seminar in New York and put those on my calendar tentatively.,18,100
2633,Yes,1,Please check the gd swap cheyenne positions for March.,Please check the gd swap cheyenne positions for March.,9,54
2634,Yes,1,Please complete the attached file as discussed over the phone.,Please complete the attached file as discussed over the phone.,10,62
2635,Yes,1,Please confirm your Bdrive account by clicking this link:,Please confirm your Bdrive account by clicking this link:,9,57
2637,Yes,1,Please confirm your Twitter account by clicking this link:,Please confirm your Twitter account by clicking this link:,9,58
2638,Yes,1,"Please confirm your email address by clicking the link below, it only takes a second.","Please confirm your email address by clicking the link below, it only takes a second.",15,85
2640,Yes,1,Please confirm your plans to attend the meeting and the dinner to David Winn at $EMAIL .,Please confirm your plans to attend the meeting and the dinner to David Winn at dwinn@swlegal.org <mailto:dwinn@swlegal.org> .,17,88
2641,Yes,1,Please confirm your request and activate your account below:,Please confirm your request and activate your account below:,9,60
2642,Yes,1,Please consider supporting the Smartr team by checking out our new app.,Please consider supporting the Smartr team by checking out our new app.,12,71
2644,Yes,1,Please consult your financial institution regarding when the credit will be posted to your account.,Please consult your financial institution regarding when the credit will be posted to your account.,15,99
2646,Yes,1,Please delete all the files from your hard drive and > manually forward this virus to everyone on your mailing list.,Please delete all the files from your hard drive and > manually forward this virus to everyone on your mailing list.,21,116
2647,Yes,1,Please delete me from your e-mail list.,Please delete me from your e-mail list.,7,39
2648,Yes,1,"Please describe in detail, the downstream capacity available to transport this gas.","Please describe in detail, the downstream capacity available to transport this gas.",12,83
2652,Yes,1,Please do not contact unless you are $NUM years old.,Please do not contact unless you are 21 years old.,10,52
2653,Yes,1,Please do not delete the account and device information below as it will aid us with your support needs.,Please do not delete the account and device information below as it will aid us with your support needs.,19,104
2655,Yes,1,Please do not submit a duplicate registration as it will delay the approval process.,Please do not submit a duplicate registration as it will delay the approval process.,14,84
2656,Yes,1,Please do not waste anymore time because right now you have the chance to download your copy for free but that is ending soon.,Please do not waste anymore time because right now you have the chance to download your copy for free but that is ending soon.,24,126
2658,Yes,1,Please don't hestitate to call me if you want to discuss anything in more $NUM detail.,Please don't hestitate to call me if you want to discuss anything in more 20 detail.,16,86
2659,Yes,1,Please download updates for your iPhone and iPad today.,Please download updates for your iPhone and iPad today.,9,55
2662,Yes,1,Please email me at $EMAIL to find out how.,Please email me at natasha.stevenson@davidco.com to find out how.,9,42
2663,Yes,1,Please email $EMAIL to find out how.,Please email publics@davidco.com to find out how.,7,36
2665,Yes,1,Please email us for details: $EMAIL,Please email us for details: Diego@jobin-usa.com,6,35
2666,Yes,1,Please enable both prior to beginning the survey.,Please enable both prior to beginning the survey.,8,49
2669,Yes,1,"Please fax the Friday ""package"" and the final Q2 numbers.","Please fax the Friday ""package"" and the final Q2 numbers.",10,57
2671,Yes,1,Please fill him in on your discussions to date.,Please fill him in on your discussions to date.,9,47
2672,Yes,1,Please fill in the few blank fields including your first and last name and your funds will be deposited shortly.,Please fill in the few blank fields including your first and last name and your funds will be deposited shortly.,20,112
2673,Yes,1,Please fill in the fields:,Please fill in the fields:,5,26
2674,Yes,1,Please fill out this survey between May $NUM and May $NUM and rate NJ TRANSIT on the mode of transportation you travel most frequently.,Please fill out this survey between May 6 and May 24 and rate NJ TRANSIT on the mode of transportation you travel most frequently.,24,135
2677,Yes,1,Please find my resume attached.,Please find my resume attached.,5,31
2679,Yes,1,Please find the attached file which was generated by ExcelContacts.,Please find the attached file which was generated by ExcelContacts.,10,67
2680,Yes,1,Please find the attached file which was generated by ExcelMail.,Please find the attached file which was generated by ExcelMail.,10,63
2681,Yes,1,Please find the corresponding buttons and items in your language.,Please find the corresponding buttons and items in your language.,10,65
2683,Yes,1,"Please follow up with these guys and try to schedule for this afternoon, around $NUM:$NUM.","Please follow up with these guys and try to schedule for this afternoon, around 5:45.",15,90
2685,Yes,1,"Please forward this information to any one you know who might benefit from a better understanding of energy derivatives, weather risk, gas-to-electricity arbitrage or electric power trading.","Please forward this information to any one you know who might benefit from a better understanding of energy derivatives, weather risk, gas-to-electricity arbitrage or electric power trading.",27,190
2686,Yes,1,"Please forward this to any other Enron participants to review prior to our conference call with John Fielder, November $NUM, $NUM, $NUM:$NUM a.m.","Please forward this to any other Enron participants to review prior to our conference call with John Fielder, November 1, 2001, 11:00 a.m.",23,145
2688,Yes,1,Please forward to Bev.,Please forward to Bev.,4,22
2689,Yes,1,Please forward to Jeff.,Please forward to Jeff.,4,23
2690,Yes,1,Please forward to me so I can review the opinion and get final approval for the deal.,Please forward to me so I can review the opinion and get final approval for the deal.,17,85
2691,Yes,1,Please forward your e-mail to the rest of the ogc to facilitate discussion.,Please forward your e-mail to the rest of the ogc to facilitate discussion.,13,75
2692,Yes,1,Please forward: Room Change,Please forward: Room Change,4,27
2694,Yes,1,Please get this for Mark.,Please get this for Mark.,5,25
2695,Yes,1,Please get with Jennifer Sabine and go over these issues with her.,Please get with Jennifer Sabine and go over these issues with her.,12,66
2696,Yes,1,Please get with the East Desk on this.,Please get with the East Desk on this.,8,38
2697,Yes,1,Please give Michelle Cash a call or Karen Jones in Portland.,Please give Michelle Cash a call or Karen Jones in Portland.,11,60
2698,Yes,1,Please give me a call ASAP on marketing affiliate issue on TW Enron Online deal.,Please give me a call ASAP on marketing affiliate issue on TW Enron Online deal.,15,80
2699,Yes,1,Please give me a call and we will discuss the issues surrounding this new structure and the best way to communicate it to those involved to make this the most effective.,Please give me a call and we will discuss the issues surrounding this new structure and the best way to communicate it to those involved to make this the most effective.,31,169
2700,Yes,1,Please give me a call if you would like to discuss this.,Please give me a call if you would like to discuss this.,12,56
2702,Yes,1,Please give me a call when you get a chance to discuss the schedule I sent earlier.,Please give me a call when you get a chance to discuss the schedule I sent earlier.,17,83
2703,Yes,1,Please give me a ring at your convenience.,Please give me a ring at your convenience.,8,42
2705,Yes,1,Please give me your comments on this so we plan our strategy.,Please give me your comments on this so we plan our strategy.,12,61
2707,Yes,1,Please give my EOL id the ability to trade Canadian Gas products.,Please give my EOL id the ability to trade Canadian Gas products.,12,65
2708,Yes,1,Please give your thoughts on this.,Please give your thoughts on this.,6,34
2709,Yes,1,Please go to the following page to complete the verification process:,Please go to the following page to complete the verification process:,11,69
2711,Yes,1,Please help us out by taking the survey:,Please help us out by taking the survey:,8,40
2712,Yes,1,Please include Bill Bradford if possible.,Please include Bill Bradford if possible.,6,41
2716,Yes,1,Please keep in mind that I have not had a chance to discuss this proposal $NUM internally.,Please keep in mind that I have not had a chance to discuss this proposal 20 internally.,17,90
2717,Yes,1,Please keep this e-mail for your records.,Please keep this e-mail for your records.,7,41
2718,Yes,1,Please keep this email for your records.,Please keep this email for your records.,7,40
2719,Yes,1,"Please let Brent know that I will be on vacation on Monday, November 20th.","Please let Brent know that I will be on vacation on Monday, November 20th.",14,74
2720,Yes,1,Please let me know how to get into it as I've got about a hundred reviews to do and I'll be on the road constantly for a couple weeks.,Please let me know how to get into it as I've got about a hundred reviews to do and I'll be on the road constantly for a couple weeks.,29,134
2721,Yes,1,Please let me know if tomorrow am works for you.,Please let me know if tomorrow am works for you.,10,48
2722,Yes,1,"Please let me know if you are available to meet on Monday, Jan. 22nd at $NUM:$NUM p.m. or Wednesday, Jan. 24th at $NUM:$NUM a.m.","Please let me know if you are available to meet on Monday, Jan. 22nd at 4:30 p.m. or Wednesday, Jan. 24th at 11:15 a.m.",24,128
2723,Yes,1,Please let me know if you are available today to discuss this transaction with Sr. Jacoby and me.,Please let me know if you are available today to discuss this transaction with Sr. Jacoby and me.,18,97
2724,Yes,1,Please let me know if you will be available to attend.,Please let me know if you will be available to attend.,11,54
2727,Yes,1,"Please let me know if you'd like to do Opus, and I'll get on it pronto.","Please let me know if you'd like to do Opus, and I'll get on it pronto.",16,71
2728,Yes,1,"Please let me know of some days/time-slots that are open to you in the next couple of weeks, and we will try and firm up the visit.","Please let me know of some days/time-slots that are open to you in the next couple of weeks, and we will try and firm up the visit.",27,131
2730,Yes,1,Please let me know when we can get these contracts assigned.,Please let me know when we can get these contracts assigned.,11,60
2731,Yes,1,Please let me know when you can send the maps.,Please let me know when you can send the maps.,10,46
2734,Yes,1,Please log in to $LINK,Please log in to $LINK,5,22
2735,Yes,1,"Please login, complete the payment information and your full service will be activated!","Please login, complete the payment information and your full service will be activated!",13,87
2736,Yes,1,Please look over all your information..,Please look over all your information..,6,39
2740,Yes,1,Please make the return on Sunday earlier.,Please make the return on Sunday earlier.,7,41
2741,Yes,1,"Please make your electronic pledge no later than Friday, August $NUM.","Please make your electronic pledge no later than Friday, August 17.",11,69
2743,Yes,1,Please open it with a modern email client.,Please open it with a modern email client.,8,42
2744,Yes,1,"Please prepare drafts of the slides suggested in the attached ""agenda slide"".","Please prepare drafts of the slides suggested in the attached ""agenda slide"".",12,77
2745,Yes,1,Please print the email and the attachments.,Please print the email and the attachments.,7,43
2747,Yes,1,Please provide me with information about this deal asap.,Please provide me with information about this deal asap.,9,56
2749,Yes,1,Please purchase one of our mobile apps.Buy our mobile apps here:,Please purchase one of our mobile apps.Buy our mobile apps here:,11,64
2750,Yes,1,Please put Mike on my calendar for Thursday lunch next week.,Please put Mike on my calendar for Thursday lunch next week.,11,60
2751,Yes,1,Please reach out to me directly and tell me what you think.,Please reach out to me directly and tell me what you think.,12,59
2752,Yes,1,Please read on for more detailed agenda and information related specifically to each event.,Please read on for more detailed agenda and information related specifically to each event.,14,91
2753,Yes,1,"Please read the attached letter, which is the one that we sent to Dunn last week.","Please read the attached letter, which is the one that we sent to Dunn last week.",16,81
2755,Yes,1,Please refer to the letter for the credit amount.,Please refer to the letter for the credit amount.,9,49
2756,Yes,1,Please refer to the letter for the final amount credited to your Wells Fargo account XXXXXXXXX2159.,Please refer to the letter for the final amount credited to your Wells Fargo account XXXXXXXXX2159.,16,99
2757,Yes,1,Please reply this back to Kay Chapman and myself.,Please reply this back to Kay Chapman and myself.,9,49
2759,Yes,1,Please respond to our survey.,Please respond to our survey.,5,29
2761,Yes,1,Please retain the login and password you created.,Please retain the login and password you created.,8,49
2762,Yes,1,Please return to the site and log in using the following information.,Please return to the site and log in using the following information.,12,69
2764,Yes,1,Please run a report from the transport model so that I may see the changes to the delivery points.,Please run a report from the transport model so that I may see the changes to the delivery points.,19,98
2766,Yes,1,Please save this information for future reference:,Please save this information for future reference:,7,50
2767,Yes,1,Please schedule $NUM minutes with Janette.,Please schedule 30 minutes with Janette.,6,42
2771,Yes,1,Please send an e-mail to $EMAIL if this email has reached you by mistake.,Please send an e-mail to support@monkeyquest.com if this email has reached you by mistake.,14,73
2772,Yes,1,Please send it to me again so I can follow up.,Please send it to me again so I can follow up.,11,46
2773,Yes,1,Please send me a brief description of what ICor does.,Please send me a brief description of what ICor does.,10,53
2775,Yes,1,Please send me an email letting me know if you will attend in person or via conference call.,Please send me an email letting me know if you will attend in person or via conference call.,18,92
2777,Yes,1,Please send me the NN and TW operating reports from the minutes of the last meeting.,Please send me the NN and TW operating reports from the minutes of the last meeting.,16,84
2778,Yes,1,Please send me the Oglethorpe activity in excel for Dec $NUM.,Please send me the Oglethorpe activity in excel for Dec 2000.,11,61
2779,Yes,1,Please send me the Ogy invoice for March.,Please send me the Ogy invoice for March.,8,41
2780,Yes,1,Please send me your resume or call me.,Please send me your resume or call me.,8,38
2782,Yes,1,Please send the CNG stuff to,Please send the CNG stuff to,6,28
2784,Yes,1,"Please set the meeting up with Alan, Dan and me.","Please set the meeting up with Alan, Dan and me.",10,48
2785,Yes,1,Please set up a $NUM minute meeting with Cathy $NUM and we can go through it and i;ll give you a copy of all info.,Please set up a 30 minute meeting with Cathy 36898 and we can go through it and i;ll give you a copy of all info.,25,114
2786,Yes,1,Please take a few minutes and tell use how your experience has been so far.,Please take a few minutes and tell use how your experience has been so far.,15,75
2787,Yes,1,Please take a few minutes to complete a short survey about the website.,Please take a few minutes to complete a short survey about the website.,13,71
2790,Yes,1,Please take a minute to update POP and it be back to normal.,Please take a minute to update POP and it be back to normal.,13,60
2791,Yes,1,Please take a moment to answer one simple question by clicking either link below:,Please take a moment to answer one simple question by clicking either link below:,14,81
2792,Yes,1,Please take a moment to complete this survey about your experience.,Please take a moment to complete this survey about your experience.,11,67
2793,Yes,1,Please take a moment to complete your profile and execute your first sync to start enjoying the powerful features of Bookmark.,Please take a moment to complete your profile and execute your first sync to start enjoying the powerful features of Bookmark.,21,126
2795,Yes,1,Please take a moment to read BlackBerry's Privacy Policy found,Please take a moment to read BlackBerry's Privacy Policy found,10,62
2796,Yes,1,Please take a moment to review the following steps to ensure timely processing and awarding of financial aid.,Please take a moment to review the following steps to ensure timely processing and awarding of financial aid.,18,109
2797,Yes,1,Please take a moment to verify your email.,Please take a moment to verify your email.,8,42
2800,Yes,1,Please tap here to restore this backup to SmartTime Plus.,Please tap here to restore this backup to SmartTime Plus.,10,57
2801,Yes,1,Please tell us a little about yourself by indicating your travel interests.,Please tell us a little about yourself by indicating your travel interests.,12,75
2802,Yes,1,Please tell your friends and family to sign up for their FREE account at $LINK,Please tell your friends and family to sign up for their FREE account at $LINK,15,78
2803,Yes,1,Please try it: $LINK,Please try it: $LINK,4,20
2804,Yes,1,Please update your $NUM budget to incorporate this new iniative.,Please update your 2001 budget to incorporate this new iniative.,10,64
2805,Yes,1,Please use the following url to access your mailed notes:,Please use the following url to access your mailed notes:,10,57
2806,Yes,1,Please use this activation code to verify your email address on the CellSpin website and activate your account.,Please use this activation code to verify your email address on the CellSpin website and activate your account.,18,111
2808,Yes,1,Please use this method only if web access is not available.,Please use this method only if web access is not available.,11,59
2809,Yes,1,"Please use your internet browser to access the URL address $LINK and read the file called ""INSIDEtracc Access Goes Web!"" (Click on Archive of previous News Articles at the bottom of the PipeRanger home page.)","Please use your internet browser to access the URL address http://www.pge.com/pipeline and read the file called ""INSIDEtracc Access Goes Web!"" (Click on Archive of previous News Articles at the bottom of the PipeRanger home page.)",35,208
2810,Yes,1,Please validate your email address by going here:,Please validate your email address by going here:,8,49
2811,Yes,1,Please verify your email address by copying and pasting the following link into your browser: $LINK,Please verify your email address by copying and pasting the following link into your browser: $LINK,16,99
2812,Yes,1,Please view it here - $LINK,Please view it here - $LINK,6,27
2813,Yes,1,Please view this newsletter at: $LINK,Please view this newsletter at: $LINK,6,37
2814,Yes,1,Please visit $LINK to use our applications.,Please visit $LINK to use our applications.,7,43
2816,Yes,1,Please visit the Settlement website for detailed information on how to submit a valid Exclusion Form or objection.,Please visit the Settlement website for detailed information on how to submit a valid Exclusion Form or objection.,18,114
2817,Yes,1,Please visit the webpage below in order to read this message in your webbrowser:,Please visit the webpage below in order to read this message in your webbrowser:,14,80
2819,Yes,1,Please welcome our new partner Sneakpeeq.com,Please welcome our new partner Sneakpeeq.com,6,44
2820,Yes,1,"Please, call me at $NUM $NUM $NUM on Thursday or Friday.","Please, call me at 713 853 3848 on Thursday or Friday.",11,56
2822,Yes,1,"Please, give me a call Tuesday morning and I shall carve out an hour from my schedule to discuss the paper.","Please, give me a call Tuesday morning and I shall carve out an hour from my schedule to discuss the paper.",21,107
2825,Yes,1,Pls talk to Bill lets get something set up here.,Pls talk to Bill lets get something set up here.,10,48
2826,Yes,1,Presume we'll talk tomorrow re: Cal solution?,Presume we'll talk tomorrow re: Cal solution?,7,45
2828,Yes,1,"Rick, if your schedule permits, could you participate in the first five-ten minutes of the daily EES call ($NUM AM CST) to give those folks a brief snapshot of what happened?","Rick, if your schedule permits, could you participate in the first five-ten minutes of the daily EES call (10 AM CST) to give those folks a brief snapshot of what happened?",31,174
2829,Yes,1,"Rob, I need your re-submission of the plan document including goals and objective asap so that we can have a final discussion and finalize.","Rob, I need your re-submission of the plan document including goals and objective asap so that we can have a final discussion and finalize.",24,139
2830,Yes,1,"Rob, lets discuss.","Rob, lets discuss.",3,18
2831,Yes,1,"Roger, if EPA has approved other alternate methods for determining sulfur in fuel gas, can you approve of these for our sulfur methods?","Roger, if EPA has approved other alternate methods for determining sulfur in fuel gas, can you approve of these for our sulfur methods?",23,135
2832,Yes,1,"Scott, you need to make your own call on that one - I think you could add value in either.","Scott, you need to make your own call on that one - I think you could add value in either.",20,90
2833,Yes,1,See who wants to meet you.,See who wants to meet you.,6,26
2834,Yes,1,"Select what type of card you would like, you could get a new card even if you have less than perfect credit.","Select what type of card you would like, you could get a new card even if you have less than perfect credit.",22,108
2836,Yes,1,Shall we try to get the Enron groups together to discuss the approach we want to take with GE in our next phone call?,Shall we try to get the Enron groups together to discuss the approach we want to take with GE in our next phone call?,24,117
2837,Yes,1,Should we compare notes (via email) on questions $NUM&$NUM by tomorrow (Sunday) before lunch?,Should we compare notes (via email) on questions 3&4 by tomorrow (Sunday) before lunch?,14,93
2839,Yes,1,Since we are both big rich types you want to go to dinner tonight?,Since we are both big rich types you want to go to dinner tonight?,14,66
2840,Yes,1,So we need to meet or I need more info from you to get a good idea of exactly what you want.,So we need to meet or I need more info from you to get a good idea of exactly what you want.,22,92
2841,Yes,1,Steve: Let me know if you'd like to discuss.,Steve: Let me know if you'd like to discuss.,9,44
2842,Yes,1,Take a look at the file and then we can discuss how to combine this with current pipeline capacity and future expansions.,Take a look at the file and then we can discuss how to combine this with current pipeline capacity and future expansions.,22,121
2844,Yes,1,The attached résumé was created using the ResuM8 app by Career Marketing Specialists Inc. - please visit ResuM8.net,The attached résumé was created using the ResuM8 app by Career Marketing Specialists Inc. - please visit ResuM8.net,18,115
2846,Yes,1,"Then, maybe we can get together and discuss other changes we need to make.","Then, maybe we can get together and discuss other changes we need to make.",14,74
2847,Yes,1,To be sure there is no abuse with your email please confirm your registration by clicking following Link:,To be sure there is no abuse with your email please confirm your registration by clicking following Link:,18,105
2852,Yes,1,Toni: please make the offer to Josh Chapa asap.,Toni: please make the offer to Josh Chapa asap.,9,47
2853,Yes,1,Tony--pls cover for us.,Tony--pls cover for us.,4,23
2854,Yes,1,"Twadna, would you please print and then file Ecogas (not due diligence file) for me.","Twadna, would you please print and then file Ecogas (not due diligence file) for me.",15,84
2856,Yes,1,"Twanda, would you please print this for me?","Twanda, would you please print this for me?",8,43
2857,Yes,1,"Twanda, would you please save these to my form directory and print them out for me?","Twanda, would you please save these to my form directory and print them out for me?",16,83
2858,Yes,1,"Twanda, would you please set up this meeting for me?","Twanda, would you please set up this meeting for me?",10,52
2859,Yes,1,"Unless that is going to create problems, would you mind letting them know that I'm coming.","Unless that is going to create problems, would you mind letting them know that I'm coming.",16,90
2861,Yes,1,We are going to meet with the specialist next week.,We are going to meet with the specialist next week.,10,51
2862,Yes,1,We are supposed to meet every Friday at $NUM:$NUM a.m.,We are supposed to meet every Friday at 8:00 a.m.,10,54
2863,Yes,1,We are walking distance from Enron! Please give us a call at $NUM.,We are walking distance from Enron! Please give us a call at 713-222-7667.,13,66
2865,Yes,1,We can discuss further on Tuesday.,We can discuss further on Tuesday.,6,34
2866,Yes,1,We can discuss further when I'm in Houston tomorrow and Friday.,We can discuss further when I'm in Houston tomorrow and Friday.,11,63
2867,Yes,1,"We can discuss these comments, if you want, or just incorporate them.","We can discuss these comments, if you want, or just incorporate them.",12,69
2868,Yes,1,"We can discuss what you see as the most efficient path forward, and any additions, etc, you think are necessary.","We can discuss what you see as the most efficient path forward, and any additions, etc, you think are necessary.",20,112
2869,Yes,1,We can discuss when I'm in later this week.,We can discuss when I'm in later this week.,9,43
2870,Yes,1,We can meet at my meager apartment if you like.,We can meet at my meager apartment if you like.,10,47
2871,Yes,1,"We can meet at my office if you'd like, or at a cafe.","We can meet at my office if you'd like, or at a cafe.",13,53
2873,Yes,1,We can talk more tonite about our somewhat loose but thus far effective means for getting these things done every week.,We can talk more tonite about our somewhat loose but thus far effective means for getting these things done every week.,21,119
2878,Yes,1,"We don't want to ruin the surprise, so proceed to the link below and find out what can soon be yours.","We don't want to ruin the surprise, so proceed to the link below and find out what can soon be yours.",21,101
2880,Yes,1,"We have invited the team to dinner Thursday, $NUM:$NUM p.m. Would you loike to join us?","We have invited the team to dinner Thursday, 7:00 p.m. Would you loike to join us?",16,87
2881,Yes,1,We love getting the opportunity to meet with you guys and,We love getting the opportunity to meet with you guys and,11,57
2882,Yes,1,We love hearing from you so please provide your feedback and comments.,We love hearing from you so please provide your feedback and comments.,12,70
2884,Yes,1,We need to send a check to the agency to cover ourselves prior to the April $NUM deadline.,We need to send a check to the agency to cover ourselves prior to the April 30 deadline.,18,90
2885,Yes,1,We shall be very glad to meet you.,We shall be very glad to meet you.,8,34
2887,Yes,1,We shall try to arrange a video conference with Houston when Howard is back.,We shall try to arrange a video conference with Houston when Howard is back.,14,76
2888,Yes,1,"We should discuss further, though; very interesting idea.","We should discuss further, though; very interesting idea.",8,57
2891,Yes,1,"We try to meet every Monday night to pray over special prayer request that we have received along with praying for the needs our families, friends, church, government and even our enemies.","We try to meet every Monday night to pray over special prayer request that we have received along with praying for the needs our families, friends, church, government and even our enemies.",32,188
2892,Yes,1,We will discuss in $NUM.,We will discuss in 2001.,5,24
2893,Yes,1,We will discuss this next week when he comes to town.,We will discuss this next week when he comes to town.,11,53
2895,Yes,1,"We will have to pay and get out to our hole, so give yourself some time if you want to hit a few before we tee off.","We will have to pay and get out to our hole, so give yourself some time if you want to hit a few before we tee off.",27,115
2897,Yes,1,"We will need a follow up call anyway, once we know what to do to meet the accting objectives.","We will need a follow up call anyway, once we know what to do to meet the accting objectives.",19,93
2898,Yes,1,We will need to discuss how to adjust physical risk to match the flow constraints on EPNG.,We will need to discuss how to adjust physical risk to match the flow constraints on EPNG.,17,90
2902,Yes,1,We'll discuss again when I am over next week.,We'll discuss again when I am over next week.,9,45
2908,Yes,1,What do you say about that?,What do you say about that?,6,27
2909,Yes,1,What do you want to do about lunch tomorrow?,What do you want to do about lunch tomorrow?,9,44
2910,Yes,1,What is the status of your looking at the LNG contract issues?,What is the status of your looking at the LNG contract issues?,12,62
2911,Yes,1,What is your address??,What is your address??,4,22
2912,Yes,1,What is your hotmail nickname?,What is your hotmail nickname?,5,30
2913,Yes,1,What is your parents address?,What is your parents address?,5,29
2914,Yes,1,What time are you arriving on Friday?,What time are you arriving on Friday?,7,37
2917,Yes,1,When do you want to discuss this (or have us discuss it with the right B & P person)?,When do you want to discuss this (or have us discuss it with the right B & P person)?,19,85
2918,Yes,1,"When done, please forward back to me for distribution.","When done, please forward back to me for distribution.",9,54
2920,Yes,1,When would you like to talk re: Mr. Bray?,When would you like to talk re: Mr. Bray?,9,41
2921,Yes,1,When you download MP3 files you should download them in $NUM kps format.,When you download MP3 files you should download them in 128 kps format.,13,72
2923,Yes,1,"When you get a chance, please page me at $NUM.","When you get a chance, please page me at 888.916.7184.",10,46
2924,Yes,1,When you get a minute I need to discuss the last attachment for the Co Op term sheet (the asset management one).,When you get a minute I need to discuss the last attachment for the Co Op term sheet (the asset management one).,22,112
2926,Yes,1,"When you get back, give a call and we can meet at break or have lunch or a beer after work or something.","When you get back, give a call and we can meet at break or have lunch or a beer after work or something.",23,104
2927,Yes,1,"When you get to the Enron Building, please ask for me or my assistant, Twanda Sweet, and one of us will take you to the conference room.","When you get to the Enron Building, please ask for me or my assistant, Twanda Sweet, and one of us will take you to the conference room.",27,136
2928,Yes,1,Who can join me for this meeting?,Who can join me for this meeting?,7,33
2929,Yes,1,Will it be possible for you to be here to support the accountants until 5pm?,Will it be possible for you to be here to support the accountants until 5pm?,15,76
2930,Yes,1,Will you or someone on your team rewrite as necessary?,Will you or someone on your team rewrite as necessary?,10,54
2931,Yes,1,Would you be willing join us?,Would you be willing join us?,6,29
2932,Yes,1,Would you check on the status of meter request $NUM and let me know where it stands?,Would you check on the status of meter request 02325 and let me know where it stands?,17,84
2934,Yes,1,Would you like to schedule a time to discuss this with me and outside counsel?,Would you like to schedule a time to discuss this with me and outside counsel?,15,78
2935,Yes,1,Would you please include my name on all future e-mails.,Would you please include my name on all future e-mails.,10,55
2936,Yes,1,Would you please juggle the rest of my calendar to accommodate this?,Would you please juggle the rest of my calendar to accommodate this?,12,68
2938,Yes,1,"Yes, it's for finance, though you're welcome to join---we can use all the help that we can get.","Yes, it's for finance, though you're welcome to join---we can use all the help that we can get.",18,95
2940,Yes,1,You have some time to sit and discuss a bit?,You have some time to sit and discuss a bit?,10,44
2943,Yes,1,You need to confirm your registration to become a full member!,You need to confirm your registration to become a full member!,11,62
2944,Yes,1,You need to discuss this with the East Desk.,You need to discuss this with the East Desk.,9,44
2945,Yes,1,You should e mail her sometimes.,You should e mail her sometimes.,6,32
2946,Yes,1,You should feel free to edit away!,You should feel free to edit away!,7,34
2948,Yes,1,You want to try to have lunch?,You want to try to have lunch?,7,30
2949,Yes,1,and give me a call today!,and give me a call today!,6,25
2952,Yes,1,A dinner / lunch on Fri would work for me.,A dinner / lunch on Fri would work for me.,10,42
2953,Yes,1,After your review we can make the necessary changes and modifications.,After your review we can make the necessary changes and modifications.,11,70
2954,Yes,1,"Also , we need to talk about the weekend of $NUM/$NUM .","Also , we need to talk about the weekend of 01/12 .",12,55
2956,Yes,1,And I like to discuss further the points you were making on the call.,And I like to discuss further the points you were making on the call.,14,69
2958,Yes,1,"And, yes, we'll get both you and Phil on Stan's calendar to go over the Operations Alliances topic...I will await their call to schedule.","And, yes, we'll get both you and Phil on Stan's calendar to go over the Operations Alliances topic...I will await their call to schedule.",24,137
2960,Yes,1,Any chance of getting a slight delay (say until next Wednesday or Thursday) to complete them?,Any chance of getting a slight delay (say until next Wednesday or Thursday) to complete them?,16,93
2961,Yes,1,Any chance of getting together with both of you?,Any chance of getting together with both of you?,9,48
2962,Yes,1,"Anytime you want to go to lunch to check on the house status, I'd be glad to go...","Anytime you want to go to lunch to check on the house status, I'd be glad to go...",18,82
2963,Yes,1,Are you available tomorow to discuss further?,Are you available tomorow to discuss further?,7,45
2965,Yes,1,Ashley and I were looking forward to going out to dinner with you guys on Saturday.,Ashley and I were looking forward to going out to dinner with you guys on Saturday.,16,83
2967,Yes,1,"Chris, I need your $NUM accomplishments and Enron resume/deal anthology before Friday.","Chris, I need your 2000 accomplishments and Enron resume/deal anthology before Friday.",12,86
2969,Yes,1,"Dear Ken: When the timing is right, I would like to visit with you (and Linda if appropriate) to discuss my idea of writing a scholarly but lively history of Enron.","Dear Ken: When the timing is right, I would like to visit with you (and Linda if appropriate) to discuss my idea of writing a scholarly but lively history of Enron.",31,164
2970,Yes,1,Do you want to go over to the game in two weeks?,Do you want to go over to the game in two weeks?,12,48
2973,Yes,1,"Guys, I would like to schedule a quarterly meeting to review our technical risk as a part of this reporting procedure.","Guys, I would like to schedule a quarterly meeting to review our technical risk as a part of this reporting procedure.",21,118
2974,Yes,1,"Guys, lets set up a meeting between the three of us on Monday ASAP to discuss.","Guys, lets set up a meeting between the three of us on Monday ASAP to discuss.",16,78
2975,Yes,1,He said... Let's go out and have some fun tonight.,He said... Let's go out and have some fun tonight.,10,50
2978,Yes,1,How about lunch today?,How about lunch today?,4,22
2980,Yes,1,I am in hopes that we can talk further about enrolling Colleen into your school.,I am in hopes that we can talk further about enrolling Colleen into your school.,15,80
2981,Yes,1,"I am interested in talking to you about Jennifer Bagwell, as well as discussing the possibility of moving Susan Scott back to my book.","I am interested in talking to you about Jennifer Bagwell, as well as discussing the possibility of moving Susan Scott back to my book.",24,134
2983,Yes,1,"I have a meeting at 11am and a class from 1pm to 2pm today so if you call or email me within those time frames and I don't respond for a while, that's why.","I have a meeting at 11am and a class from 1pm to 2pm today so if you call or email me within those time frames and I don't respond for a while, that's why.",34,155
2985,Yes,1,I have some ideas regarding the transition and would like to share them with you and/or your communication transition team.,I have some ideas regarding the transition and would like to share them with you and/or your communication transition team.,20,123
2986,Yes,1,"I have suggested to Harry and Carlos, that we jointly interview each applicant.","I have suggested to Harry and Carlos, that we jointly interview each applicant.",13,79
2987,Yes,1,"I know your life is very complicated and I don't want to make it worse, but if you ever have the time and inclination to go to lunch, dinner, movie, whatever, I'd definitely be up for it.","I know your life is very complicated and I don't want to make it worse, but if you ever have the time and inclination to go to lunch, dinner, movie, whatever, I'd definitely be up for it.",37,187
2990,Yes,1,"I really think that we need to get together tomorrow nite to finalize, but I don't feel like pushing it too much.","I really think that we need to get together tomorrow nite to finalize, but I don't feel like pushing it too much.",22,113
2992,Yes,1,I shall be glad to meet for dinner/coffee and chat.,I shall be glad to meet for dinner/coffee and chat.,10,51
2993,Yes,1,I shall be glad to meet with you.,I shall be glad to meet with you.,8,33
2994,Yes,1,I shall call you Friday morning my time.,I shall call you Friday morning my time.,8,40
2996,Yes,1,I shall join you there.,I shall join you there.,5,23
2997,Yes,1,I suggest a conference call with Delta at $NUM to discuss where we are.,I suggest a conference call with Delta at 100 to discuss where we are.,14,71
2998,Yes,1,"I think I might need to talk to you about this tomorrow, because I'm confused.","I think I might need to talk to you about this tomorrow, because I'm confused.",15,78
2999,Yes,1,I will discuss with you when I have more details.,I will discuss with you when I have more details.,10,49
3001,Yes,1,I would be happy to reschedule at your team's convenience.,I would be happy to reschedule at your team's convenience.,10,58
3002,Yes,1,I would be happy to reschedule for next week.,I would be happy to reschedule for next week.,9,45
3004,Yes,1,I would like to speak with you about an open position in our organization.,I would like to speak with you about an open position in our organization.,14,74
3005,Yes,1,I would love to come to your dinner party!,I would love to come to your dinner party!,9,42
3007,Yes,1,I'd better meet you downstairs or wherever we are going.,I'd better meet you downstairs or wherever we are going.,10,56
3008,Yes,1,I'll call you when (and if) I get off this call.,I'll call you when (and if) I get off this call.,11,48
3010,Yes,1,I'll look at it and get back to you first thing Monday.,I'll look at it and get back to you first thing Monday.,12,55
3011,Yes,1,I'll see you tonight at choir rehearsal.,I'll see you tonight at choir rehearsal.,7,40
3013,Yes,1,I'll visit with you tomorrow about what to do.,I'll visit with you tomorrow about what to do.,9,46
3014,Yes,1,I'm also available to discuss the proposal further by phone if you would like to talk before Monday.,I'm also available to discuss the proposal further by phone if you would like to talk before Monday.,18,100
3016,Yes,1,I'm glad to discuss this if I can be of help.,I'm glad to discuss this if I can be of help.,11,45
3017,Yes,1,I'm looking forward to your discussion regarding the reregulation threat at the next meeting.,I'm looking forward to your discussion regarding the reregulation threat at the next meeting.,14,93
3018,Yes,1,"I'm not sure about our schedule, but if we have free time which matches up with you, I would like to spend some time discussing the issues.","I'm not sure about our schedule, but if we have free time which matches up with you, I would like to spend some time discussing the issues.",27,139
3019,Yes,1,"I'm out next week, but will probably give you a call to discuss a bit.","I'm out next week, but will probably give you a call to discuss a bit.",15,70
3020,Yes,1,"I'm sure that you're extremely busy, but I'd be very interested in talking to you at your convenience to discuss the viability of growing grapes on my property.","I'm sure that you're extremely busy, but I'd be very interested in talking to you at your convenience to discuss the viability of growing grapes on my property.",28,160
3024,Yes,1,"If you can't, we will try to get one of the neighbors.","If you can't, we will try to get one of the neighbors.",12,54
3026,Yes,1,In our phone conversation before the meeting you mentioned another contractual arrangement under which we could work with your company employees on a case-study.,In our phone conversation before the meeting you mentioned another contractual arrangement under which we could work with your company employees on a case-study.,24,161
3027,Yes,1,"Ina, will you have the IT group order and install Socal Gasslect and Passport on my desktop and laptop pc?","Ina, will you have the IT group order and install Socal Gasslect and Passport on my desktop and laptop pc?",20,106
3028,Yes,1,It would be great to meet in person and discuss issues.,It would be great to meet in person and discuss issues.,11,55
3029,Yes,1,"Jeff, hopefully we can convince you to come when we re-schedule - seemed like an easy call.","Jeff, hopefully we can convince you to come when we re-schedule - seemed like an easy call.",17,91
3030,Yes,1,Just want to touch base in the event that there's any follow up.,Just want to touch base in the event that there's any follow up.,13,64
3031,Yes,1,Let's aim for Thursday am.,Let's aim for Thursday am.,5,26
3033,Yes,1,Let's keep sending back and forth and get together Wednesday morning to finalize.,Let's keep sending back and forth and get together Wednesday morning to finalize.,13,81
3034,Yes,1,Let's regroup on Monday.,Let's regroup on Monday.,4,24
3035,Yes,1,Let's share some research and see if there is any place that we could get excited about going.,Let's share some research and see if there is any place that we could get excited about going.,18,94
3036,Yes,1,Let's wait for Sandeep: he comes back Wednesday.,Let's wait for Sandeep: he comes back Wednesday.,8,48
3037,Yes,1,Monday lunch ?,Monday lunch ?,3,14
3038,Yes,1,Need to fill you in on the investigation discussions with the Republicans in today's meeting with Lay.,Need to fill you in on the investigation discussions with the Republicans in today's meeting with Lay.,17,102
3041,Yes,1,Perhaps we can also arrange a discussion about the interconnection agreement.,Perhaps we can also arrange a discussion about the interconnection agreement.,11,77
3042,Yes,1,Please get involved here and let these people know this.,Please get involved here and let these people know this.,10,56
3043,Yes,1,Purchase and enjoy instantly on your Android phone or tablet without the hassle of syncing.,Purchase and enjoy instantly on your Android phone or tablet without the hassle of syncing.,15,91
3044,Yes,1,"Rick, I need your view on which of these deals need to go through the board:","Rick, I need your view on which of these deals need to go through the board:",16,76
3046,Yes,1,The news from India continues to be grim and I have several things that I want to discuss with you.,The news from India continues to be grim and I have several things that I want to discuss with you.,20,99
3047,Yes,1,The tentative plan is that we can go to dinner together on $NUM/$NUM.,The tentative plan is that we can go to dinner together on 10/31.,13,69
3048,Yes,1,"We can add change of law as an event which gives us schedule relief, but we might want to broaden the definition of change of law.","We can add change of law as an event which gives us schedule relief, but we might want to broaden the definition of change of law.",26,130
3049,Yes,1,We can arrange a $NUMway call with your current carrier to help with that.,We can arrange a 3-way call with your current carrier to help with that.,14,74
3050,Yes,1,We can continue individual meetings in the afternoon.,We can continue individual meetings in the afternoon.,8,53
3051,Yes,1,We can make the salary retroactive as part of the contract.,We can make the salary retroactive as part of the contract.,11,59
3053,Yes,1,"We need to finish up with the site specific agreement for the equipment, then they can have the whole enchilada.","We need to finish up with the site specific agreement for the equipment, then they can have the whole enchilada.",20,112
3054,Yes,1,We need to produce a report from the Intra-month book that we can use to tie out.,We need to produce a report from the Intra-month book that we can use to tie out.,17,81
3055,Yes,1,We need to reach resolution on some issues.,We need to reach resolution on some issues.,8,43
3056,Yes,1,We shall be very glad to join you to celebrate the holidays.,We shall be very glad to join you to celebrate the holidays.,12,60
3059,Yes,1,We wil l deliver to your office tomorrow specific legislative language and existing $NUM bills that we believe can accommodate our proposals.,We wil l deliver to your office tomorrow specific legislative language and existing 20 bills that we believe can accommodate our proposals.,22,141
3060,Yes,1,We'll be setting up a call in number first thing Monday morning.,We'll be setting up a call in number first thing Monday morning.,12,64
3061,Yes,1,We'll need to update the numbers for the offer we made to S.D. last week.,We'll need to update the numbers for the offer we made to S.D. last week.,15,73
3062,Yes,1,Wednesday works next week.,Wednesday works next week.,4,26
3065,Yes,1,You MUST SIGN UP RIGHT NOW:,You MUST SIGN UP RIGHT NOW:,6,27
3066,Yes,1,You and Eldon want to stay at my apartment on Sunday night?,You and Eldon want to stay at my apartment on Sunday night?,12,59
3067,Yes,1,You coming diving with me and Shea tomorrow?,You coming diving with me and Shea tomorrow?,8,44
3068,Yes,1,You want to join?,You want to join?,4,17
3069,Yes,1,You're welcome to join.,You're welcome to join.,4,23
3070,Yes,1,Go here to register now.,Go here to register now.,5,24
3071,Yes,1,"Open your Internet browser, and click in the box where you usually see the Web page address.","Open your Internet browser, and click in the box where you usually see the Web page address.",17,92
3074,Yes,1,And get on the call with Paul.,And get on the call with Paul.,7,30
3076,Yes,1,Why don't you check with me in April or May to see whether we are hiring summer associates.,Why don't you check with me in April or May to see whether we are hiring summer associates.,18,91
3078,Yes,1,Take Surveys and Get Your Paycheck With This New Survey Jude Spear!,Take Surveys and Get Your Paycheck With This New Survey Jude Spear!,12,67
3081,Yes,1,Select the app you'd like to open the file.,Select the app you'd like to open the file.,9,43
3082,Yes,1,Take your laptop or ipad go somewhere that you like to frequent.,Take your laptop or ipad go somewhere that you like to frequent.,12,64
3083,Yes,1,Could you path those deals and email Mark when you are done.,Could you path those deals and email Mark when you are done.,12,60
3084,Yes,1,Let's discuss further.,Let's discuss further.,3,22
3085,Yes,1,"@ReadingRecs recommend some book, please $NUM:$NUM AM - $NUM Apr $NUM","@ReadingRecs recommend some book, please 09:14 AM - 22 Apr 14",11,69
3087,Yes,1,Begin here to choose samples you would like to receive.,Begin here to choose samples you would like to receive.,10,55
3088,Yes,1,Please plan for you and Laine to be available Monday AM to make sure we are all on the same page once this all settles.,Please plan for you and Laine to be available Monday AM to make sure we are all on the same page once this all settles.,25,119
3091,Yes,1,Use the private messages to discuss with your teams and organise easily your common pearltrees!,Use the private messages to discuss with your teams and organise easily your common pearltrees!,15,95
3092,Yes,1,Please Verify - US : FL : Zephyrhills Nursing Opportunity for: $EMAIL,Please Verify - US : FL : Zephyrhills Nursing Opportunity for: judespear185012@gmail.com,12,69
3094,Yes,1,"If you'd prefer to call us to discuss your options, you can reach us $NUM/$NUM at $NUM.","If you'd prefer to call us to discuss your options, you can reach us 24/7 at 888.486.4722.",17,87
3096,Yes,1,"Would be happy to discuss it further, and you know without me saying that I am honored that you considered me and greatly appreciative.","Would be happy to discuss it further, and you know without me saying that I am honored that you considered me and greatly appreciative.",24,135
3097,Yes,1,Please review and make any final changes.,Please review and make any final changes.,7,41
3098,Yes,1,Please contact Kate's iPhone directly for the password.,Please contact Kate's iPhone directly for the password.,8,55
3099,Yes,1,Please contact $EMAIL to learn more.Document Library – Access your frequently used documents locally on your device from the new Library section.,Please contact docusigninkfeedback@docusign.com to learn more.Document Library – Access your frequently used documents locally on your device from the new Library section.,22,145
3100,Yes,1,Ahhh ...call me soon goon @ben_wiggin $NUM:$NUM AM - $NUM Jun $NUM,Ahhh ...call me soon goon @ben_wiggin 02:01 AM - 26 Jun 14,12,66
3102,Yes,1,Please review and email Michelle your comments to this paragraph.,Please review and email Michelle your comments to this paragraph.,10,65
3104,Yes,1,Grab me on Monday.,Grab me on Monday.,4,18
3105,Yes,1,Wake up! Wake up and email me.,Wake up! Wake up and email me.,7,30
3106,Yes,1,P!nk - Just Give Me a Reason: $LINK,P!nk - Just Give Me a Reason: $LINK,8,35
3107,Yes,1,"Count me in, if still available.","Count me in, if still available.",6,32
3108,Yes,1,Let me talk to you tomorrow over the phone and discuss it.,Let me talk to you tomorrow over the phone and discuss it.,12,58
3109,Yes,1,"I will be back at home by Friday evening, so let me know if there is anything that I can do before the meeting.","I will be back at home by Friday evening, so let me know if there is anything that I can do before the meeting.",24,111
3111,Yes,1,Call me when you get a chance.,Call me when you get a chance.,7,30
3112,Yes,1,Call me when you get home.,Call me when you get home.,6,26
3113,Yes,1,Call me when you get in on sat.,Call me when you get in on sat.,8,31
3114,Yes,1,"FYI. Please call me on Monday to discuss, if possible.","FYI. Please call me on Monday to discuss, if possible.",10,54
3116,Yes,1,Just let me know if you would like to arrange a call or online webinar.,Just let me know if you would like to arrange a call or online webinar.,15,71
3118,Yes,1,Please call me or e:mail any comments or suggestions.,Please call me or e:mail any comments or suggestions.,9,53
3121,Yes,1,"Pursuant to Michelle's request, please review the attached form and provide her with your comments.","Pursuant to Michelle's request, please review the attached form and provide her with your comments.",15,99
3122,Yes,1,So let me know after you get the required info from the schools.,So let me know after you get the required info from the schools.,13,64
3123,Yes,1,"To contact us via e-mail, please write to mailto:$EMAIL $EMAIL .","To contact us via e-mail, please write to mailto:customerservice@virginwines.com customerservice@virginwines.com .",11,64
3124,Yes,1,- Annotate and modify web pages as you please,- Annotate and modify web pages as you please,9,45
3125,Yes,1,"- Call us $NUM/$NUM at $NUM, and your personal account advisor will discuss your options to postpone payments without further hurting your credit, and possibly without requiring you to make a payment.","- Call us 24/7 at 855.700.5121, and your personal account advisor will discuss your options to postpone payments without further hurting your credit, and possibly without requiring you to make a payment.",32,200
3126,Yes,1,- You know you want to... Watch this short video to learn tips from a project management expert about how to work smarter not harder...,- You know you want to... Watch this short video to learn tips from a project management expert about how to work smarter not harder...,25,135
3127,Yes,1,$NUM. Activate your FREE $NUMmonth trial with promo code:,1. Activate your FREE 1-month trial with promo code:,9,57
3128,Yes,1,"$NUM. Now you can choose the service from some kind of drop down that will have a list like FTP, HTTP, TELNET, etc. and if they have Remote Desktop or RDP, then choose that.","3. Now you can choose the service from some kind of drop down that will have a list like FTP, HTTP, TELNET, etc. and if they have Remote Desktop or RDP, then choose that.",34,173
3129,Yes,1,"$NUM. Now you can store, send, share, view and manage your files online.","3. Now you can store, send, share, view and manage your files online.",13,72
3130,Yes,1,"Alison, better send me what you have via fed-x or fax ($NUM) $NUM.","Alison, better send me what you have via fed-x or fax (505) 627-8172.",13,66
3132,Yes,1,"Also, if you ever need to send transport contracts to Houston, its best to send it to Sylvia Campos.","Also, if you ever need to send transport contracts to Houston, its best to send it to Sylvia Campos.",19,100
3133,Yes,1,"Also, looks like we're on for Portland next Tuesday/Wednesday.","Also, looks like we're on for Portland next Tuesday/Wednesday.",9,62
3136,Yes,1,"Also, please send me a copy of the complete response to the RFP, assuming you have that.","Also, please send me a copy of the complete response to the RFP, assuming you have that.",17,88
3137,Yes,1,"Also, there is a status meeting at $NUM:$NUM today -- I don't know if you got message, but I hope you can participate by phone.","Also, there is a status meeting at 10:00 today -- I don't know if you got message, but I hope you can participate by phone.",25,127
3138,Yes,1,"Also, will you please send me the latest version of the Central curve mappings.","Also, will you please send me the latest version of the Central curve mappings.",14,79
3144,Yes,1,Any suggestions on how I can check in and see how progress is going?,Any suggestions on how I can check in and see how progress is going?,14,68
3146,Yes,1,"Anyway, would you be able to come down for lunch on Friday?","Anyway, would you be able to come down for lunch on Friday?",12,59
3148,Yes,1,"Apologies for asking, but something has come up and I wanted to inquire about the chances of taking the E203 final on a day other than Sunday the 10th of December.","Apologies for asking, but something has come up and I wanted to inquire about the chances of taking the E203 final on a day other than Sunday the 10th of December.",31,163
3150,Yes,1,Are there any local law issues with respect to performance or interpretation of the contracts?,Are there any local law issues with respect to performance or interpretation of the contracts?,15,94
3151,Yes,1,"Are you available first thing Monday morning to be briefed on the analysis, my conversations with Hertzberg, what Hertzberg's strategy is, etc.?","Are you available first thing Monday morning to be briefed on the analysis, my conversations with Hertzberg, what Hertzberg's strategy is, etc.?",22,144
3155,Yes,1,"As we spoke I got scheduled for a $NUM:$NUM too, so how about $NUM:$NUM tomorrow?","As we spoke I got scheduled for a 2:30 too, so how about 3:30 tomorrow?",15,81
3156,Yes,1,"As you confirm meetings with Mr. Lay next week, could you drop a line to Maureen, Janel and me?","As you confirm meetings with Mr. Lay next week, could you drop a line to Maureen, Janel and me?",19,95
3157,Yes,1,"At $NUM:$NUM tomorrow, please plan on meeting Lyn Maddox, Tom Boren, Chris Iribe and Tom King at $NUM:$NUM Ruth Chris Steak House ($NUM/$NUM) $NUM Wisconsin Ave., Bethesda.","At 6:30 tomorrow, please plan on meeting Lyn Maddox, Tom Boren, Chris Iribe and Tom King at 6:30 Ruth Chris Steak House (301/652-7877) 7317 Wisconsin Ave., Bethesda.",27,172
3158,Yes,1,Attached please find the final presentation for the board meeting tommorrow.,Attached please find the final presentation for the board meeting tommorrow.,11,76
3159,Yes,1,"Be sure to download Blogstand for your iPhone, iPad and iPod today from $LINK to find great content like this from thousands of bloggers across the web.","Be sure to download Blogstand for your iPhone, iPad and iPod today from $LINK to find great content like this from thousands of bloggers across the web.",27,152
3161,Yes,1,"Before submitting a ticket, please check our knowledge base first as we may already have an article addressing your query.","Before submitting a ticket, please check our knowledge base first as we may already have an article addressing your query.",20,122
3163,Yes,1,"Before using lino, please visit $LINK to verify your Email address.","Before using lino, please visit $LINK to verify your Email address.",11,67
3164,Yes,1,"Believe me, I understand why you want him in your group.","Believe me, I understand why you want him in your group.",11,56
3166,Yes,1,"Big Mack,,,, Just give me call when you are coming down for the DUKE interview ..... Our Department head wants to go out to lunch with you ...... casual lunch type thing.... they were very impressed with your resume!","Big Mack,,,, Just give me call when you are coming down for the DUKE interview ..... Our Department head wants to go out to lunch with you ...... casual lunch type thing.... they were very impressed with your resume!",39,216
3167,Yes,1,"Britt and Barrett, I wanted you to know the timetable in part because, if Stan decides to go forward, we need to send Barrett's suggested letter to Jad verifying continued application of the settlement privilege to Stan and Ted's discussions.","Britt and Barrett, I wanted you to know the timetable in part because, if Stan decides to go forward, we need to send Barrett's suggested letter to Jad verifying continued application of the settlement privilege to Stan and Ted's discussions.",40,242
3168,Yes,1,"But given the nature and length of the meeting, this probably doesn't make sense - please let me know what you think.","But given the nature and length of the meeting, this probably doesn't make sense - please let me know what you think.",22,117
3169,Yes,1,But might be useful to discuss tomorrow when you return.,But might be useful to discuss tomorrow when you return.,10,56
3170,Yes,1,But need to know if it's good as is or needs some tweeking.,But need to know if it's good as is or needs some tweeking.,13,59
3171,Yes,1,"But the other documents are in route to me, i get it, i sign it, you and donny sign it, i send it back, waaaala!!","But the other documents are in route to me, i get it, i sign it, you and donny sign it, i send it back, waaaala!!",25,113
3173,Yes,1,Call me on Saturday $NUM,Call me on Saturday 713-661-6096,5,24
3175,Yes,1,"Can we try Friday at $NUM am, again?","Can we try Friday at 10 am, again?",8,36
3178,Yes,1,"Can you check with her, too?","Can you check with her, too?",6,28
3180,Yes,1,"Can you find a couple ""hauler"" numbers in there and send me the numbers?","Can you find a couple ""hauler"" numbers in there and send me the numbers?",14,72
3181,Yes,1,Can you forward me the presentation that you mentioned when we talked on Friday.,Can you forward me the presentation that you mentioned when we talked on Friday.,14,80
3182,Yes,1,Can you get a list of recent OU grads hired at Enron?,Can you get a list of recent OU grads hired at Enron?,12,53
3183,Yes,1,Can you get back to me with a few ideas in the next week or so - maybe it would help to go pick a few brains in various ENA orgs as part of your process.,Can you get back to me with a few ideas in the next week or so - maybe it would help to go pick a few brains in various ENA orgs as part of your process.,36,153
3184,Yes,1,Can you get with her right away and see what you can come up with?,Can you get with her right away and see what you can come up with?,15,66
3186,Yes,1,Can you grow your small town into a thriving pre-historic village?,Can you grow your small town into a thriving pre-historic village?,11,66
3187,Yes,1,Can you guys make a meeting on March $NUM at 10am to discuss something with above group?,Can you guys make a meeting on March 12 at 10am to discuss something with above group?,17,88
3189,Yes,1,Can you name the TV shows by their wacky neighbor characters?,Can you name the TV shows by their wacky neighbor characters?,11,61
3190,Yes,1,Can you name the movies from the logos of their fictional companies?,Can you name the movies from the logos of their fictional companies?,12,68
3191,Yes,1,Can you pick the US States of these fictional towns?,Can you pick the US States of these fictional towns?,10,52
3192,Yes,1,Can you please detect this as a speech act?,Can you please detect this as a speech act?,9,43
3194,Yes,1,Can you prepare a brief presentation that would serve as a discussion document for such a meeting.,Can you prepare a brief presentation that would serve as a discussion document for such a meeting.,17,98
3197,Yes,1,Can you set up a meetin with you and your desk heads and me for $NUM hour this week to talk about EOL and product offerings.,Can you set up a meetin with you and your desk heads and me for 1 hour this week to talk about EOL and product offerings.,26,124
3199,Yes,1,Can you use the Scrambler Boost to earn a score of $NUM or better?,"Can you use the Scrambler Boost to earn a score of 50,000 or better?",14,66
3200,Yes,1,Can you verify what New Power is getting at A06 please?,Can you verify what New Power is getting at A06 please?,11,55
3203,Yes,1,Check this one out - I caught and released this nice Chinook hen on the Eel River in Southern Humbolt County last Sunday.,Check this one out - I caught and released this nice Chinook hen on the Eel River in Southern Humbolt County last Sunday.,23,121
3204,Yes,1,Check this pearltree for the resources to help you decide.,Check this pearltree for the resources to help you decide.,10,58
3205,Yes,1,Check your email address for Ken,Check your email address for Ken,6,32
3208,Yes,1,"Christi, I was unable to open the file can you please send a hard copy.","Christi, I was unable to open the file can you please send a hard copy.",15,71
3210,Yes,1,Come join me on Popset to create and share beautiful photo sets.,Come join me on Popset to create and share beautiful photo sets.,12,64
3211,Yes,1,Comedy Central would like you to please pause your Labor Day barbecues to watch them roast James Franco - $LINK - A.V. Club,Comedy Central would like you to please pause your Labor Day barbecues to watch them roast James Franco - $LINK - A.V. Club,23,123
3212,Yes,1,Could send me and Stephanie each one?,Could send me and Stephanie each one?,7,37
3214,Yes,1,Could you attempt to get Lucio to respond?,Could you attempt to get Lucio to respond?,8,42
3215,Yes,1,Could you forward that part?,Could you forward that part?,5,28
3216,Yes,1,"Could you forward to the lovely Ms Scott, since every time I type her name in, I get someone from ECT. Can't wait to hear more about Herr Cherr-y.","Could you forward to the lovely Ms Scott, since every time I type her name in, I get someone from ECT. Can't wait to hear more about Herr Cherr-y.",29,146
3217,Yes,1,Could you get Terry authorization to path in Unify please?,Could you get Terry authorization to path in Unify please?,10,58
3218,Yes,1,Could you get with Twanda to do that?,Could you get with Twanda to do that?,8,37
3219,Yes,1,Could you give me the January $NUM Gas Daily's for the following points,Could you give me the January 2001 Gas Daily's for the following points,13,71
3220,Yes,1,Could you make dinner on Wednesday night (the 17th)?,Could you make dinner on Wednesday night (the 17th)?,9,52
3221,Yes,1,Could you please email or fax to me the Commission's decision denying Edison's emergency motion?,Could you please email or fax to me the Commission's decision denying Edison's emergency motion?,15,96
3222,Yes,1,Could you please make sure that everyone in the office has this call-in number.,Could you please make sure that everyone in the office has this call-in number.,14,79
3226,Yes,1,Could you please send me a picture,Could you please send me a picture,7,34
3227,Yes,1,Could you please send the documents to our office in Calgary.,Could you please send the documents to our office in Calgary.,11,61
3228,Yes,1,Could you please set up a conference call and send the information to the list below?,Could you please set up a conference call and send the information to the list below?,16,85
3230,Yes,1,Could you re-send.,Could you re-send.,3,18
3231,Yes,1,Could you resend it?,Could you resend it?,4,20
3233,Yes,1,Could you test this out for me?,Could you test this out for me?,7,31
3234,Yes,1,"Created by KOKCard,please refer $LINK","Created by KOKCard,please refer $LINK",5,37
3236,Yes,1,"Dena, Just confirming with you that I am not going to be at today's meeting.","Dena, Just confirming with you that I am not going to be at today's meeting.",15,76
3237,Yes,1,Diane: if you could handle this please.,Diane: if you could handle this please.,7,39
3238,Yes,1,Did Carolyn call you last night regarding Candis' hotel slumber party?,Did Carolyn call you last night regarding Candis' hotel slumber party?,11,70
3239,Yes,1,Didn't you get the Christmas card with pics?,Didn't you get the Christmas card with pics?,8,44
3241,Yes,1,Do you want to go to Austin tonight?,Do you want to go to Austin tonight?,8,36
3244,Yes,1,Don't forget tonight is the season premier of Frasier.,Don't forget tonight is the season premier of Frasier.,9,54
3246,Yes,1,Drop by soon to give me an update on life at Enron for you.,Drop by soon to give me an update on life at Enron for you.,14,59
3248,Yes,1,"Find resources today, get back in school tomorrow!","Find resources today, get back in school tomorrow!",8,50
3252,Yes,1,"For all other issues, including next steps once you have completed this process, please contact Hardee's directly.","For all other issues, including next steps once you have completed this process, please contact Hardee's directly.",17,114
3253,Yes,1,For assistance with your account please call $NUM to speak to an ACCC representative.,For assistance with your account please call 800-769-3571 to speak to an ACCC representative.,14,85
3257,Yes,1,"For those of you in Houston - there will be a going away party/happy hour on Friday, August 4th at the Midtown Station - starting at $NUM:$NUM p.m.","For those of you in Houston - there will be a going away party/happy hour on Friday, August 4th at the Midtown Station - starting at 5:30 p.m.",28,147
3261,Yes,1,Give my best to Ray and tell him to hurry up and get this messed resolved.,Give my best to Ray and tell him to hurry up and get this messed resolved.,16,74
3263,Yes,1,Go home before 11pm today!,Go home before 11pm today!,5,26
3264,Yes,1,"Going forward, I think we as a management team including yourself should discuss what the strategy should be going forward.","Going forward, I think we as a management team including yourself should discuss what the strategy should be going forward.",20,123
3265,Yes,1,"Going foward, please join the Legal Committee starting this coming Monday and every other week.","Going foward, please join the Legal Committee starting this coming Monday and every other week.",15,95
3266,Yes,1,Good morning can I get rates and pics please,Good morning can I get rates and pics please,9,44
3268,Yes,1,Great--please send to MKM and other interested parties.,Great--please send to MKM and other interested parties.,8,55
3269,Yes,1,"Greetings everyone- With a week and a half to go until our second session, I wanted to check in and ask you to begin thinking in your learning teams about how you want to share the information you have been gathering with the larger group.","Greetings everyone- With a week and a half to go until our second session, I wanted to check in and ask you to begin thinking in your learning teams about how you want to share the information you have been gathering with the larger group.",45,239
3272,Yes,1,"Guys, I will set up a monthly meeting between myself and you guys to discuss deal flow, priorities and strategy - I think you will find that more effective and I can keep the other meeting small.","Guys, I will set up a monthly meeting between myself and you guys to discuss deal flow, priorities and strategy - I think you will find that more effective and I can keep the other meeting small.",37,195
3273,Yes,1,"Guys, please attend if available.","Guys, please attend if available.",5,33
3274,Yes,1,Have a look in your humidor tonight.,Have a look in your humidor tonight.,7,36
3275,Yes,1,"Have there been any more reactions to the presentation that McCullough made at the ""volatility conference"" in Portland last week?","Have there been any more reactions to the presentation that McCullough made at the ""volatility conference"" in Portland last week?",20,129
3276,Yes,1,He asked me to e-mail you so that you could put this on his calendar and said that you would e-mail his wife to check the date as well.,He asked me to e-mail you so that you could put this on his calendar and said that you would e-mail his wife to check the date as well.,29,135
3277,Yes,1,"Hey, I know it's a pain, but I think there would be value in getting together (if folks are available) on Thursday evening from $NUM with (lots of) beer and pizza and grind through the finance case.","Hey, I know it's a pain, but I think there would be value in getting together (if folks are available) on Thursday evening from 7-10 with (lots of) beer and pizza and grind through the finance case.",37,198
3279,Yes,1,Hi Maureen: Could you please make sure that Steve gets these?,Hi Maureen: Could you please make sure that Steve gets these?,11,61
3281,Yes,1,Hi: Could you send me a copy of the Trustee letter?,Hi: Could you send me a copy of the Trustee letter?,11,51
3283,Yes,1,How do you get on the agenda?,How do you get on the agenda?,7,29
3286,Yes,1,I am comfortable with you forwarding these comments to Laine at your discretion.,I am comfortable with you forwarding these comments to Laine at your discretion.,13,80
3289,Yes,1,"I am sorry for the delay, but we were waiting to receive more of the workshop evaluations so that we could provide you a more complete assessment of the workshop by the attendees.","I am sorry for the delay, but we were waiting to receive more of the workshop evaluations so that we could provide you a more complete assessment of the workshop by the attendees.",33,179
3290,Yes,1,"I am sorry that I won't be able to drink a beer with you as a send off, but perhaps we can have one in London later in January as your welcome to London.","I am sorry that I won't be able to drink a beer with you as a send off, but perhaps we can have one in London later in January as your welcome to London.",34,153
3291,Yes,1,"I am sure this is a joke , but I dont get it.. Please explain - ANd I am doing fine - I am tired these days ( that age thing , you know).","I am sure this is a joke , but I dont get it.. Please explain - ANd I am doing fine - I am tired these days ( that age thing , you know).",34,137
3293,Yes,1,I assume that you will have the Argentines to Brazil for the discussion and any one else you think appropriate.,I assume that you will have the Argentines to Brazil for the discussion and any one else you think appropriate.,20,111
3294,Yes,1,"I believe EE&CC is working the issues; however, a phone call from you to emphasize the importance to Enron will add extra encouragement.","I believe EE&CC is working the issues; however, a phone call from you to emphasize the importance to Enron will add extra encouragement.",23,136
3295,Yes,1,I believe we are scheduled to start at 900am Thursday.,I believe we are scheduled to start at 900am Thursday.,10,54
3296,Yes,1,I can certainly understand that you will reconsider the trip to Houston next week.,I can certainly understand that you will reconsider the trip to Houston next week.,14,82
3301,Yes,1,"I have you jacket in my car, so let me know what you want to do about that.","I have you jacket in my car, so let me know what you want to do about that.",18,75
3303,Yes,1,"I just happened to be in Dave's email looking for something for him........I saw your name and thought maybe I'd better see if this was something I needed to put on his calendar.....As a rule, I do not go into Dave's email unless I am told or looking for something that someone has requested me to print and give to him.....so, if you need something to be put on his calendar, please copy me on it or chances are I may or may not find out about it...","I just happened to be in Dave's email looking for something for him........I saw your name and thought maybe I'd better see if this was something I needed to put on his calendar.....As a rule, I do not go into Dave's email unless I am told or looking for something that someone has requested me to print and give to him.....so, if you need something to be put on his calendar, please copy me on it or chances are I may or may not find out about it...",88,450
3304,Yes,1,I just wanted to know whether you still had time for a quick meeting.,I just wanted to know whether you still had time for a quick meeting.,14,69
3306,Yes,1,I look forward to continuing our discussions from $NUM on how we can be better together - I am committed to doing this the right way as I know you are.,I look forward to continuing our discussions from 2000 on how we can be better together - I am committed to doing this the right way as I know you are.,31,151
3307,Yes,1,I need this done this week if possible.,I need this done this week if possible.,8,39
3310,Yes,1,I shall spend more time looking at it over the weekend and if I see a problem I shall call you on Monday.,I shall spend more time looking at it over the weekend and if I see a problem I shall call you on Monday.,23,105
3311,Yes,1,I suggest a brief meeting to discuss strategy before anything is sent to SW.,I suggest a brief meeting to discuss strategy before anything is sent to SW.,14,76
3312,Yes,1,"I suggest doing it in writing, rather than an email that could be manipulated.","I suggest doing it in writing, rather than an email that could be manipulated.",14,78
3313,Yes,1,"I think so--Martha, please get me into this gig.","I think so--Martha, please get me into this gig.",9,48
3315,Yes,1,I think that you should check in with her afterwards to get a briefing since I'll be getting off for another call in the next $NUM minutes.,I think that you should check in with her afterwards to get a briefing since I'll be getting off for another call in the next 5 minutes.,27,139
3316,Yes,1,I think we can chat generally on the phone and give them the ballpark results without actually sending the schedules to him.,I think we can chat generally on the phone and give them the ballpark results without actually sending the schedules to him.,22,124
3318,Yes,1,I think you need to call me.,I think you need to call me.,7,28
3319,Yes,1,I understand you won't be in town for the rehearsal so we look forward to seeing you before the wedding.,I understand you won't be in town for the rehearsal so we look forward to seeing you before the wedding.,20,104
3320,Yes,1,I will contact your office next week to find a convenient time for us to visit on this matter.,I will contact your office next week to find a convenient time for us to visit on this matter.,19,94
3324,Yes,1,I would anticipate that we sit down with Rick and Jeff at the end of January - please have package available for my review by mid January.,I would anticipate that we sit down with Rick and Jeff at the end of January - please have package available for my review by mid January.,27,138
3325,Yes,1,"I would appreciate your review of Section $NUM in particular, given your familiarity with the compensation plans and benefit plans.","I would appreciate your review of Section 4.14 in particular, given your familiarity with the compensation plans and benefit plans.",20,131
3326,Yes,1,I would greatly appreciate your help in resolving this issue as soon as possible.,I would greatly appreciate your help in resolving this issue as soon as possible.,14,81
3328,Yes,1,I would like to have this by Wednesday night in everyone's e-mail Thursday morning.,I would like to have this by Wednesday night in everyone's e-mail Thursday morning.,14,83
3329,Yes,1,I would suggest that we try to set up a follow up meeting in early October once you have completed your work.,I would suggest that we try to set up a follow up meeting in early October once you have completed your work.,22,109
3330,Yes,1,"I would suggest that you find a day over the next couple weeks to meet Rob in Calgary to speak in detail about the role, the market and expectations.","I would suggest that you find a day over the next couple weeks to meet Rob in Calgary to speak in detail about the role, the market and expectations.",29,149
3331,Yes,1,I'd be happy to hear from you.,I'd be happy to hear from you.,7,30
3332,Yes,1,I'd love to get caught up with you and share some new tales of woe from the pipeline group.,I'd love to get caught up with you and share some new tales of woe from the pipeline group.,19,91
3333,Yes,1,I'll call again on Friday.,I'll call again on Friday.,5,26
3334,Yes,1,I'll have my assistant call to set-up the phone call early next week.,I'll have my assistant call to set-up the phone call early next week.,13,69
3335,Yes,1,I'll see what i can do and get back to you.,I'll see what i can do and get back to you.,11,43
3336,Yes,1,I'm almost afraid to ask when you might have a slot open for lunch... any ideas?,I'm almost afraid to ask when you might have a slot open for lunch... any ideas?,16,80
3338,Yes,1,I'm having lunch with Dan today - want to join us?,I'm having lunch with Dan today - want to join us?,11,50
3339,Yes,1,"I'm in Vegas this weekend, want to come.","I'm in Vegas this weekend, want to come.",8,40
3341,Yes,1,I'm very excited about going to the dome this weekend and looking forward to seeing you guys.,I'm very excited about going to the dome this weekend and looking forward to seeing you guys.,17,93
3342,Yes,1,"I'm very much looking forward to meeting you, and hope that you can visit the office while your hear to discuss California.","I'm very much looking forward to meeting you, and hope that you can visit the office while your hear to discuss California.",22,123
3343,Yes,1,I've roughed out a document for you to discuss.,I've roughed out a document for you to discuss.,9,47
3344,Yes,1,"If clicking the link above doesn't work, please copy and paste the URL in a new browser window instead.","If clicking the link above doesn't work, please copy and paste the URL in a new browser window instead.",19,103
3345,Yes,1,"If not, please keep this message and try to view it on a","If not, please keep this message and try to view it on a",13,56
3346,Yes,1,"If not, would you like to come to Ryan's stag?","If not, would you like to come to Ryan's stag?",10,46
3348,Yes,1,"If she is not on your list yet, why don't you call her for an introduction and give her the rundown on the schools that you are responsible for so that she can make a choice.","If she is not on your list yet, why don't you call her for an introduction and give her the rundown on the schools that you are responsible for so that she can make a choice.",36,174
3349,Yes,1,"If so, can you sneak the clubs past your wife?","If so, can you sneak the clubs past your wife?",10,46
3352,Yes,1,If the above activation link doesn't work please visit $LINK,If the above activation link doesn't work please visit $LINK,10,60
3353,Yes,1,"If the gas pipeline rate is set at the minimum rate Enron can live with, does the power plant make enough $$$ to make the project work?","If the gas pipeline rate is set at the minimum rate Enron can live with, does the power plant make enough $$$ to make the project work?",27,135
3354,Yes,1,"If the mobile application is asking you for a confirmation code, please use this code:","If the mobile application is asking you for a confirmation code, please use this code:",15,86
3355,Yes,1,"If this is the best time to put that in writing for Europe, then by all means go forward with that.","If this is the best time to put that in writing for Europe, then by all means go forward with that.",21,99
3356,Yes,1,"If this was you, and you want to give this application access to your account, complete the troubleshooting steps listed at $LINK","If this was you, and you want to give this application access to your account, complete the troubleshooting steps listed at $LINK",22,129
3357,Yes,1,"If you are interested in joining us next summer as an intern, we would be very happy to have you.","If you are interested in joining us next summer as an intern, we would be very happy to have you.",20,97
3358,Yes,1,"If you can come, I would be great for you to address the group if you would like to do so.","If you can come, I would be great for you to address the group if you would like to do so.",21,90
3360,Yes,1,"If you could get info to Joseph on where the Woodlands is and where I need to go once I arrive there, I'd be eternally indebted.","If you could get info to Joseph on where the Woodlands is and where I need to go once I arrive there, I'd be eternally indebted.",26,128
3361,Yes,1,"If you feel this is an error from our side, we'd like to hear about it in the feedback forums at $LINK","If you feel this is an error from our side, we'd like to hear about it in the feedback forums at $LINK",22,102
3362,Yes,1,"If you find that the credit monitoring alert is not something that you caused or authorized, please call our customer service center immediately and we will help you contact the applicable credit bureau.","If you find that the credit monitoring alert is not something that you caused or authorized, please call our customer service center immediately and we will help you contact the applicable credit bureau.",33,203
3363,Yes,1,"If you find that you have any questions along the way you may contact me directly at $NUM Extension $NUM, send me an email with any questions you might have or contact your preferred ACT! Certified Consultant.","If you find that you have any questions along the way you may contact me directly at 866-333-0989 Extension 4864, send me an email with any questions you might have or contact your preferred ACT! Certified Consultant.",37,209
3364,Yes,1,"If you have a question that we haven't addressed, let us know and we can help you track down an answer!","If you have a question that we haven't addressed, let us know and we can help you track down an answer!",21,103
3365,Yes,1,If you have had any problems we're here to help; you can call us ($NUM) $NUM or write to us at $EMAIL.,If you have had any problems we're here to help; you can call us (866) 757-7752 or write to us at support@imore.com.,22,102
3366,Yes,1,"If you know somebody who is interested in helping me with either the iPad or Mac version, please send me an e-mail.","If you know somebody who is interested in helping me with either the iPad or Mac version, please send me an e-mail.",22,115
3367,Yes,1,"If you need additional help, visit Apple Support.","If you need additional help, visit Apple Support.",8,49
3368,Yes,1,"If you want it to label & archive, simply turn this option on.","If you want it to label & archive, simply turn this option on.",13,62
3369,Yes,1,"If you want our personal guidance in building your own software business, you need to hustle right now.","If you want our personal guidance in building your own software business, you need to hustle right now.",18,103
3371,Yes,1,"If you want to retrieve your data stored on ZumoDrive, we strongly recommend you take action as soon as possible to download it.","If you want to retrieve your data stored on ZumoDrive, we strongly recommend you take action as soon as possible to download it.",23,128
3372,Yes,1,"If you would like me to attend and think that it would be useful, just let me know.","If you would like me to attend and think that it would be useful, just let me know.",18,83
3375,Yes,1,"If you'd like to de-brief on my marathon with Kasler, just give a holler.","If you'd like to de-brief on my marathon with Kasler, just give a holler.",14,73
3376,Yes,1,"If you'd like to retrieve your data, such as stacked articles, simply drop me an email at $EMAIL","If you'd like to retrieve your data, such as stacked articles, simply drop me an email at temo@factyle.com",18,96
3377,Yes,1,"If you're eligible for the offer, fill out your tax return, stopping short of computing certain totals, and send it in by April $NUM.","If you're eligible for the offer, fill out your tax return, stopping short of computing certain totals, and send it in by April 16.",24,133
3378,Yes,1,"If you're not going to Sac on Monday, coffee in SF during work hours works.","If you're not going to Sac on Monday, coffee in SF during work hours works.",15,75
3379,Yes,1,"If you're not very familiar with these $NUM themes, check them out on App World and go ahead, grab at least one for a super cool $$NUM!","If you're not very familiar with these 3 themes, check them out on App World and go ahead, grab at least one for a super cool $2.99!",27,135
3381,Yes,1,Important update: We have released $NUM new versions on Android & Apple App - Please update your apps today to get the latest & greatest features and performance from Gyft!,Important update: We have released 2 new versions on Android & Apple App - Please update your apps today to get the latest & greatest features and performance from Gyft!,30,172
3382,Yes,1,"Improved audio player with +/- 15s buttons.For more information on any of these features, please visit $LINK","Improved audio player with +/- 15s buttons.For more information on any of these features, please visit www.stratospherix.com",17,108
3383,Yes,1,"In addition, we would like the opportunity to meet with you before hand.","In addition, we would like the opportunity to meet with you before hand.",13,72
3385,Yes,1,"In order to account for the same day change at Katy, please schedule the following deals for $NUM/$NUM/$NUM only:","In order to account for the same day change at Katy, please schedule the following deals for 7/24/00 only:",19,113
3386,Yes,1,"In the event I can't make to either class, I'm available Wed and Thur evening to discuss the next case.","In the event I can't make to either class, I'm available Wed and Thur evening to discuss the next case.",20,103
3388,Yes,1,Ina: could you please get me access to ECT Trading on the O drive?,Ina: could you please get me access to ECT Trading on the O drive?,14,66
3389,Yes,1,Is there a chance of setting up a call-in number for these meetings?,Is there a chance of setting up a call-in number for these meetings?,13,68
3390,Yes,1,Is there an agenda for the meeting on the 5th?,Is there an agenda for the meeting on the 5th?,10,46
3391,Yes,1,Is there one for this week?,Is there one for this week?,6,27
3393,Yes,1,It seems to me that we should try again to get those on the list that are not already members to join ISDA.,It seems to me that we should try again to get those on the list that are not already members to join ISDA.,23,107
3394,Yes,1,It was great to meet you and I would be happy to discuss opportunities.,It was great to meet you and I would be happy to discuss opportunities.,14,71
3395,Yes,1,It would be extremely useful if the folks participating in the meeting on Thursday with the Governor let him know that taking choices away from businesses and customers is the wrong way to go and that he and the legislative leaders need to work with the coalition to fix it.,It would be extremely useful if the folks participating in the meeting on Thursday with the Governor let him know that taking choices away from businesses and customers is the wrong way to go and that he and the legislative leaders need to work with the coalition to fix it.,50,274
3396,Yes,1,"Janet, any thoughts - do we have excess development staff - this would be a good opportunity for the brave at heart.","Janet, any thoughts - do we have excess development staff - this would be a good opportunity for the brave at heart.",22,116
3399,Yes,1,"Jeff, lets try to get consensus in how the east desk might work and then discuss next steps at that point.","Jeff, lets try to get consensus in how the east desk might work and then discuss next steps at that point.",21,106
3400,Yes,1,"Jim has mentioned a meeting next week with all of us to talk about strategy, etc. over the next many months.","Jim has mentioned a meeting next week with all of us to talk about strategy, etc. over the next many months.",21,108
3401,Yes,1,"Jim, I am also curious where you are in your thoughts and plans given your new role.","Jim, I am also curious where you are in your thoughts and plans given your new role.",17,84
3402,Yes,1,"Jim, can you send me hard copies - I am having trouble opening these reports.","Jim, can you send me hard copies - I am having trouble opening these reports.",15,77
3403,Yes,1,Jim: You available to talk at $NUM:$NUM Houston time re: how to stop the next attempt at the ISO board to lower the price caps further?,Jim: You available to talk at 9:30 Houston time re: how to stop the next attempt at the ISO board to lower the price caps further?,26,135
3404,Yes,1,"Joann, you may need to get with Chris Ordway on this.","Joann, you may need to get with Chris Ordway on this.",11,53
3407,Yes,1,"Join me on Peel to get personalized TV recommendations, see my Guilty Pleasures, and make your TV social: $LINK","Join me on Peel to get personalized TV recommendations, see my Guilty Pleasures, and make your TV social: $LINK",19,111
3409,Yes,1,Join the streaming presentation now.,Join the streaming presentation now.,5,36
3411,Yes,1,Just a reminder to send me a currency report.,Just a reminder to send me a currency report.,9,45
3412,Yes,1,"Just reply to this email and we'll hop to it, or you can take a super quick survey if you prefer: $LINK","Just reply to this email and we'll hop to it, or you can take a super quick survey if you prefer: $LINK",22,103
3413,Yes,1,Just send me a quick email if you want to look at the sales page and what everyone is saying about it... Popular would be an understatement.,Just send me a quick email if you want to look at the sales page and what everyone is saying about it... Popular would be an understatement.,27,140
3414,Yes,1,Kay please schedule.,Kay please schedule.,3,20
3416,Yes,1,Keep me in the loop and get MKM's group in at the appropriate time (far enough in advance of us submitting a bid that they can opine on the valuation).,Keep me in the loop and get MKM's group in at the appropriate time (far enough in advance of us submitting a bid that they can opine on the valuation).,30,151
3419,Yes,1,"Ken, would you be willing to meet with our team?","Ken, would you be willing to meet with our team?",10,48
3420,Yes,1,"Ladies and gentlemen, please welcome the **Moodstocks SDK v3.$NUM**!","Ladies and gentlemen, please welcome the **Moodstocks SDK v3.6**!",9,68
3421,Yes,1,"Larry, go get 'em.","Larry, go get 'em.",4,18
3422,Yes,1,Leave a review and let me know what you like/dislike about List! Tap the Support cell on the Home screen,Leave a review and let me know what you like/dislike about List! Tap the Support cell on the Home screen,20,104
3423,Yes,1,"Leo, for my weekly report please use the following:","Leo, for my weekly report please use the following:",9,51
3424,Yes,1,Leslie: Can you attend this meeting for me?,Leslie: Can you attend this meeting for me?,8,43
3426,Yes,1,Let me know of any revisions you want.,Let me know of any revisions you want.,8,38
3427,Yes,1,Let me know what you think and I will send it to Randy O.,Let me know what you think and I will send it to Randy O.,14,57
3428,Yes,1,Let me know when it goes out and get a copy to the group (particulary Shelley who might have to cover press inquiries if PG&E squawks.),Let me know when it goes out and get a copy to the group (particulary Shelley who might have to cover press inquiries if PG&E squawks.),26,135
3430,Yes,1,Let me know which companies are not providing Enron with timely allocation reports at Socal and I will call their senior trader to discuss getting this operational information sooner.,Let me know which companies are not providing Enron with timely allocation reports at Socal and I will call their senior trader to discuss getting this operational information sooner.,29,183
3431,Yes,1,Let me know your success stories.,Let me know your success stories.,6,33
3433,Yes,1,Let us know how we can help you along this journey.,Let us know how we can help you along this journey.,11,51
3434,Yes,1,"Let us know how we can help you, your co-workers, or computer-savvy pets go paperless.","Let us know how we can help you, your co-workers, or computer-savvy pets go paperless.",15,86
3435,Yes,1,Let;s you and I chat this afternoon about getting reimburse from Oglethorpe on Transco.,Let;s you and I chat this afternoon about getting reimburse from Oglethorpe on Transco.,14,87
3436,Yes,1,Lets discuss ASAP.,Lets discuss ASAP.,3,18
3437,Yes,1,Lets discuss at your earliest convenience.,Lets discuss at your earliest convenience.,6,42
3439,Yes,1,"Lets set up this discussion with the following points: a) we are not exiting Argentina; b) we need to right-size the overall organization to fit the business opportunity; c) if possible on the commercial front, I would like to consolidate intellectual assets to one location in order to generate greater productivity, increased team work, a flatter org chart, real time decision making and greater communication; d) we need to continue to maintain a strong presence (including customer coverage) in both markets including an office in Argentina; and e) I would like to consolidate all non-commercial activity for ESA to Sao Paulo.","Lets set up this discussion with the following points: a) we are not exiting Argentina; b) we need to right-size the overall organization to fit the business opportunity; c) if possible on the commercial front, I would like to consolidate intellectual assets to one location in order to generate greater productivity, increased team work, a flatter org chart, real time decision making and greater communication; d) we need to continue to maintain a strong presence (including customer coverage) in both markets including an office in Argentina; and e) I would like to consolidate all non-commercial activity for ESA to Sao Paulo.",101,630
3440,Yes,1,Lets take the earliest opporunity to discuss this.,Lets take the earliest opporunity to discuss this.,8,50
3441,Yes,1,Looks good to me--I think you ought to have them file it asap.,Looks good to me--I think you ought to have them file it asap.,13,62
3442,Yes,1,"Mark, go ahead and set up the meeting.","Mark, go ahead and set up the meeting.",8,38
3446,Yes,1,Mike: Could you please forward a copy of the document listed below to Ms Cantrell?,Mike: Could you please forward a copy of the document listed below to Ms Cantrell?,15,82
3447,Yes,1,"Milly is ok; however, I would like a quick read of the document once you send a hard copy up...","Milly is ok; however, I would like a quick read of the document once you send a hard copy up...",20,95
3448,Yes,1,Need to get people together for this event?,Need to get people together for this event?,8,43
3449,Yes,1,"Nit Noi sounds good to me tonight, if we don't eat out of the fridge.","Nit Noi sounds good to me tonight, if we don't eat out of the fridge.",15,69
3450,Yes,1,Note: Please do not open the zip file.,Note: Please do not open the zip file.,8,38
3452,Yes,1,On Friday we can meet at the restaurant.,On Friday we can meet at the restaurant.,8,40
3454,Yes,1,"On the communication front, we will have weekly calls with him a nd the weather group to make sure that we are all on the same page and he is u p to speed with where we are going.","On the communication front, we will have weekly calls with him a nd the weather group to make sure that we are all on the same page and he is u p to speed with where we are going.",39,179
3457,Yes,1,Open Glyder to get the templates and try them in your customer communications this week:,Open Glyder to get the templates and try them in your customer communications this week:,15,88
3459,Yes,1,Or would you prefer that everyone simply contribute to the gift basket?,Or would you prefer that everyone simply contribute to the gift basket?,12,71
3460,Yes,1,"Or, can we schedule more than one in a day?","Or, can we schedule more than one in a day?",10,43
3462,Yes,1,PLEASE KEEP THIS BUSINESS CONFIDENTIAL TO AVOID COMPLICATION which may mar our plans.,PLEASE KEEP THIS BUSINESS CONFIDENTIAL TO AVOID COMPLICATION which may mar our plans.,13,85
3463,Yes,1,"Paste the link (usually by clicking ""Paste"" in the ""Edit"" menu), and then press Enter or Return on your keyboard.","Paste the link (usually by clicking ""Paste"" in the ""Edit"" menu), and then press Enter or Return on your keyboard.",20,113
3464,Yes,1,"Perhaps we could have lunch, or something, and you could fill me in on what you folks do.","Perhaps we could have lunch, or something, and you could fill me in on what you folks do.",18,89
3465,Yes,1,"Peter, let's set aside at least one-half hour to talk about the approval process and general communication and any issues you want to.","Peter, let's set aside at least one-half hour to talk about the approval process and general communication and any issues you want to.",23,134
3466,Yes,1,"Phil, it was a pleasure to meet y ou and I look forward to working together.","Phil, it was a pleasure to meet y ou and I look forward to working together.",16,76
3467,Yes,1,Pick the ones you want to keep ;)$NUM photos from Paris ==,Pick the ones you want to keep ;)496 photos from Paris ==,12,58
3469,Yes,1,"Please be sure to connect Tom and Nancy, since I had a discussion with her about CA gas and had this stuff sent to her.","Please be sure to connect Tom and Nancy, since I had a discussion with her about CA gas and had this stuff sent to her.",25,119
3470,Yes,1,Please call me when you get a chance to discuss a response (if any).,Please call me when you get a chance to discuss a response (if any).,14,68
3471,Yes,1,Please confirm this is your phone number and your email address by clicking on this following link:$LINK .,Please confirm this is your phone number and your email address by clicking on this following link:$LINK .,18,106
3472,Yes,1,Please confirm your email address by clicking this link and you're ready to go.,Please confirm your email address by clicking this link and you're ready to go.,14,79
3473,Yes,1,Please copy and paste the URL below into your browser to claim ownership and activate this e-mail address:,Please copy and paste the URL below into your browser to claim ownership and activate this e-mail address:,18,106
3474,Yes,1,Please do NOT assume that the IP-address is the same as it was when your were connection the last time.,Please do NOT assume that the IP-address is the same as it was when your were connection the last time.,20,103
3475,Yes,1,Please keep in mind that this rate quote is based on information you provided at the time you obtained your quote.,Please keep in mind that this rate quote is based on information you provided at the time you obtained your quote.,21,114
3477,Yes,1,Please let us know where we may be able to access this report when it becomes available.,Please let us know where we may be able to access this report when it becomes available.,17,88
3478,Yes,1,Please make certain that the pg&e topock curves are flat to socal in the future.,Please make certain that the pg&e topock curves are flat to socal in the future.,15,80
3480,Yes,1,Please make it happy again and ship it back up.,Please make it happy again and ship it back up.,10,47
3481,Yes,1,Please make sure that your command message is sent in plain text or multipart/alternative text and html.,Please make sure that your command message is sent in plain text or multipart/alternative text and html.,17,104
3482,Yes,1,Please read: You are invited to enter the $$NUM Apple Sweepstakes.,"Please read: You are invited to enter the $1,000 Apple Sweepstakes.",11,66
3483,Yes,1,Please review and give me you comments.,Please review and give me you comments.,7,39
3484,Yes,1,Please review and give your comments to Bob.,Please review and give your comments to Bob.,8,44
3485,Yes,1,"Please submit all documentation at one time, partial documentation will not be accepted!","Please submit all documentation at one time, partial documentation will not be accepted!",13,88
3486,Yes,1,Possible for you guys to come up next Wednesday night and we can do a quick clean up on Thursday.,Possible for you guys to come up next Wednesday night and we can do a quick clean up on Thursday.,20,97
3487,Yes,1,Possible to meet this weekend to discuss the project?,Possible to meet this weekend to discuss the project?,9,53
3488,Yes,1,Prospective students should discuss these options with a school representative.,Prospective students should discuss these options with a school representative.,10,79
3490,Yes,1,Really looking forward to discussing further.,Really looking forward to discussing further.,6,45
3491,Yes,1,"Remember, I am not a technologist and therefore can't discuss technology specific applications just the business concepts and potential ideas and opportunities.","Remember, I am not a technologist and therefore can't discuss technology specific applications just the business concepts and potential ideas and opportunities.",22,160
3494,Yes,1,Retweet if you want to be part of our social experiment!,Retweet if you want to be part of our social experiment!,11,56
3495,Yes,1,Rick's asked me to attend the meeting at the Woodlands tomorrow.,Rick's asked me to attend the meeting at the Woodlands tomorrow.,11,64
3496,Yes,1,"Rick, please send me the schedule so I can foward it on to our lead trader in Japan.","Rick, please send me the schedule so I can foward it on to our lead trader in Japan.",18,84
3497,Yes,1,"Rob, can you discuss with the other groups to appropriately sort out the corporate opportunity (ie) Laura, Hunter, etc.","Rob, can you discuss with the other groups to appropriately sort out the corporate opportunity (ie) Laura, Hunter, etc.",19,119
3498,Yes,1,Rob: How can we get some relief on this issue?,Rob: How can we get some relief on this issue?,10,46
3499,Yes,1,"Scott, please get personally involved in selecting a Punder lawyer that will take his place in meetings with customers and regulators.","Scott, please get personally involved in selecting a Punder lawyer that will take his place in meetings with customers and regulators.",21,134
3500,Yes,1,"See email, too.","See email, too.",3,15
3502,Yes,1,See what you think when you get a second.,See what you think when you get a second.,9,41
3503,Yes,1,Send me the name of that book on flyfishing in the Hills--I want to see if I can get it on Amazon.,Send me the name of that book on flyfishing in the Hills--I want to see if I can get it on Amazon.,22,98
3504,Yes,1,Send this contact to the email accounts from which you want to create Notes By Email.,Send this contact to the email accounts from which you want to create Notes By Email.,16,85
3506,Yes,1,"Shawn, go ahead and give Dave a call to discuss strategy, resources and approach.","Shawn, go ahead and give Dave a call to discuss strategy, resources and approach.",14,81
3507,Yes,1,"Shawn, just a little buried - why don't you come by on Monday.","Shawn, just a little buried - why don't you come by on Monday.",13,62
3509,Yes,1,"Sheila says you won't be here quite that soon, but it would be very helpful if you could join us once you get here.","Sheila says you won't be here quite that soon, but it would be very helpful if you could join us once you get here.",24,115
3510,Yes,1,Should legal counsel be in attendance?,Should legal counsel be in attendance?,6,38
3511,Yes,1,Should we call your room or meet you somewhere?,Should we call your room or meet you somewhere?,9,47
3513,Yes,1,"Since CMA is going to ask for clarification, I would suggest that we remain silent and focus on the other rate design/cost allocation issues, e.g., equity, no cross subsidies.","Since CMA is going to ask for clarification, I would suggest that we remain silent and focus on the other rate design/cost allocation issues, e.g., equity, no cross subsidies.",29,175
3515,Yes,1,So please take the lead in proposing changes for the legal team and propose the changes to me so we can get it done.,So please take the lead in proposing changes for the legal team and propose the changes to me so we can get it done.,24,116
3516,Yes,1,"So, I need you to get the following information for Lone Star, Williams, and Apache:","So, I need you to get the following information for Lone Star, Williams, and Apache:",15,84
3517,Yes,1,"So, why don't you check with Gas Control to see if they know why vol was delivered on that day.","So, why don't you check with Gas Control to see if they know why vol was delivered on that day.",20,95
3518,Yes,1,Some content and services have specific hardware or software requirements; please review product information before purchasing.,Some content and services have specific hardware or software requirements; please review product information before purchasing.,16,127
3519,Yes,1,Start buying N-M citygate index this week.,Start buying N-M citygate index this week.,7,42
3521,Yes,1,TRY NOW: $LINK,TRY NOW: $LINK,3,14
3522,Yes,1,Talk to you on the $NUM:$NUM call tomorrow.,Talk to you on the 8:30 call tomorrow.,8,43
3524,Yes,1,"Tammy, are you getting copies of all these reports for the book?","Tammy, are you getting copies of all these reports for the book?",12,64
3525,Yes,1,Tell Beverly or Kay to make time for next week if Mr Forster can make it.,Tell Beverly or Kay to make time for next week if Mr Forster can make it.,16,73
3526,Yes,1,"Tell Dan that a glacier moves forward, not backward.","Tell Dan that a glacier moves forward, not backward.",9,52
3527,Yes,1,Tell Hellman if I snowboard like a girl then he skies like my grandmother !!,Tell Hellman if I snowboard like a girl then he skies like my grandmother !!,15,76
3529,Yes,1,"Thanx John, I look forward to seeing you at the Doubletree for dinner on the night of the September $NUM. Let me know your traveling plans","Thanx John, I look forward to seeing you at the Doubletree for dinner on the night of the September 3. Let me know your traveling plans",26,138
3530,Yes,1,"Then, as quickly as possible, I'd like to have a meeting to discuss and finalize the proposal.","Then, as quickly as possible, I'd like to have a meeting to discuss and finalize the proposal.",17,94
3531,Yes,1,This is a $NUM% legit opportunity - please don't pass this by.,This is a 100% legit opportunity - please don't pass this by.,12,62
3532,Yes,1,This is a discussion topic that I want your input on for next year.,This is a discussion topic that I want your input on for next year.,14,67
3533,Yes,1,"This is the last version compatible with iOS $NUM. To keep receiving further updates, please upgrade to iOS $NUM or higher.","This is the last version compatible with iOS 5. To keep receiving further updates, please upgrade to iOS 6 or higher.",21,123
3534,Yes,1,This takes a few minutes so if you'd like to see a payment this week you need to take $NUM minutes to do this.,This takes a few minutes so if you'd like to see a payment this week you need to take 3 minutes to do this.,24,110
3535,Yes,1,"To access Cash Extractor, please see the info below:","To access Cash Extractor, please see the info below:",9,52
3536,Yes,1,"To avoid any loss in service, please login, complete the payment information to activate your full service.","To avoid any loss in service, please login, complete the payment information to activate your full service.",17,107
3537,Yes,1,"To begin the online administration process, you will need the following Internet address and Password(s).","To begin the online administration process, you will need the following Internet address and Password(s).",15,105
3538,Yes,1,"To better understand all your options, please have a look at page:","To better understand all your options, please have a look at page:",12,66
3540,Yes,1,"To complete your account activation, please enter the PIN in the Ladytimer app on your phone.","To complete your account activation, please enter the PIN in the Ladytimer app on your phone.",16,93
3541,Yes,1,"To complete your registration, please visit this url: $LINK","To complete your registration, please visit this url: $LINK",9,59
3542,Yes,1,"To find your favorites, please browse our Featured, Top Sellers, or category-specific titles such as Science & Tech, News, Sports, Home and Lifestyle.","To find your favorites, please browse our Featured, Top Sellers, or category-specific titles such as Science & Tech, News, Sports, Home and Lifestyle.",23,150
3543,Yes,1,"To increase the iTunes sales of your songs, please make sure to add a link to buy on iTunes to all songs you have added to Bander that are available for purchase in iTunes.","To increase the iTunes sales of your songs, please make sure to add a link to buy on iTunes to all songs you have added to Bander that are available for purchase in iTunes.",34,172
3545,Yes,1,"To know more, please log on to $LINK","To know more, please log on to www.outlook.mobilereflex.com",8,36
3547,Yes,1,"To learn how to transfer photos out of your Revel account before the grace period ends, please see the steps on this Revel Get Satisfaction page:","To learn how to transfer photos out of your Revel account before the grace period ends, please see the steps on this Revel Get Satisfaction page:",26,145
3548,Yes,1,To log in to the Control Panel please visit:,To log in to the Control Panel please visit:,9,44
3549,Yes,1,To login to your back office please use the following information:,To login to your back office please use the following information:,11,66
3551,Yes,1,"To opt out of future promotional messages, please go here: $LINK","To opt out of future promotional messages, please go here: $LINK",11,64
3553,Yes,1,"To participate for the gas card before it's too late, please follow this link:","To participate for the gas card before it's too late, please follow this link:",14,78
3554,Yes,1,"To read more about the new PhoneWeaver for Android with repeating alarms support, PIN number automation and more please visit the following link:","To read more about the new PhoneWeaver for Android with repeating alarms support, PIN number automation and more please visit the following link:",23,145
3556,Yes,1,"To register, call the library at $NUM and ask for John Malar, or send an email to $EMAIL.","To register, call the library at 908-709-7272 and ask for John Malar, or send an email to library@cranfordnj.org.",18,89
3557,Yes,1,"To review our Terms & Conditions as well as our Privacy Policy, please visit:","To review our Terms & Conditions as well as our Privacy Policy, please visit:",14,77
3558,Yes,1,"To send us some feedback about the process and to ask any more questions you may have as to why you were sent this, please send us a note to $EMAIL.","To send us some feedback about the process and to ask any more questions you may have as to why you were sent this, please send us a note to support@kiip.me.",31,148
3559,Yes,1,"To start using our services, please activate your account:","To start using our services, please activate your account:",9,58
3560,Yes,1,"To stop receiving these notifications, please log in to $LINK","To stop receiving these notifications, please log in to $LINK",10,61
3562,Yes,1,"To verify that your vehicle, driver, and payment information are current, please log into your policy at:","To verify that your vehicle, driver, and payment information are current, please log into your policy at:",17,105
3563,Yes,1,"To verify your profile and accept the candidacy, please visit here.","To verify your profile and accept the candidacy, please visit here.",11,67
3564,Yes,1,"To view it online, please go here:","To view it online, please go here:",7,34
3566,Yes,1,"To view the message, please use an HTML compatible email viewer!","To view the message, please use an HTML compatible email viewer!",11,64
3567,Yes,1,"Tricia, Please send these to Kristen Clause in the future.","Tricia, Please send these to Kristen Clause in the future.",10,58
3570,Yes,1,"Twanda, please get this on my calendar.","Twanda, please get this on my calendar.",7,39
3571,Yes,1,"Twanda, please prepare a consulting agreement.","Twanda, please prepare a consulting agreement.",6,46
3572,Yes,1,"Type the text you want to search in the find field in search bar, the page will automatically scroll to the first occurrence of the text.","Type the text you want to search in the find field in search bar, the page will automatically scroll to the first occurrence of the text.",26,137
3574,Yes,1,Verifying this address will let you receive notifications and password resets from GitHub.,Verifying this address will let you receive notifications and password resets from GitHub.,13,90
3575,Yes,1,"Vicki: I'll assume that for the meeting tomorrow, you folks will call me at my office number--$NUM.","Vicki: I'll assume that for the meeting tomorrow, you folks will call me at my office number--415.782.7822.",17,99
3577,Yes,1,Want to try our new web player?,Want to try our new web player?,7,31
3578,Yes,1,Watch it and tell me what you think.,Watch it and tell me what you think.,8,36
3580,Yes,1,"We are going to the Astro's game tonight, so it would be very easy for one of us (probably Neil) to pick Michael up at your place, probably after $NUM.","We are going to the Astro's game tonight, so it would be very easy for one of us (probably Neil) to pick Michael up at your place, probably after 630.",30,151
3581,Yes,1,We are ok for $NUM:$NUM on Sunday,We are ok for 8:15 on Sunday,7,33
3582,Yes,1,We are packing up PaPa's stuff on Saturday if you want to come by and hang out.,We are packing up PaPa's stuff on Saturday if you want to come by and hang out.,17,79
3583,Yes,1,"We are supposed to try to have the break out contract by April $NUM, and I think the consents and stuff that same week.","We are supposed to try to have the break out contract by April 11, and I think the consents and stuff that same week.",24,119
3584,Yes,1,"We believe this stuff matters, so please take a few minutes to read our updated Privacy Policy and Terms of Service at $LINK","We believe this stuff matters, so please take a few minutes to read our updated Privacy Policy and Terms of Service at $LINK",23,124
3586,Yes,1,"We have a lot of updates planned, please tell your friends about our new app.","We have a lot of updates planned, please tell your friends about our new app.",15,77
3588,Yes,1,We have dinner reservations for Tuesday the 24th at $NUM:$NUM pm.,We have dinner reservations for Tuesday the 24th at 7:30 pm.,11,65
3589,Yes,1,We need to make sure that this kind of communication conitinues to flow downstream.,We need to make sure that this kind of communication conitinues to flow downstream.,14,83
3590,Yes,1,We should also get back to the cash strategy of the desk each morning.,We should also get back to the cash strategy of the desk each morning.,14,70
3591,Yes,1,"We welcome your feedback at any time, so please let us know how we are doing at @bookvibe or $EMAIL.","We welcome your feedback at any time, so please let us know how we are doing at @bookvibe or feedback@bookvibe.com.",20,100
3592,Yes,1,We would like to have the conference call at $NUM CST on Sunday.,We would like to have the conference call at 200 CST on Sunday.,13,64
3593,Yes,1,We would very much like to speak to you regarding your planned role in Netco and the direction you think the company will take.,We would very much like to speak to you regarding your planned role in Netco and the direction you think the company will take.,24,127
3594,Yes,1,We'd love to hear from you! Please email us at $EMAIL or tweet us: $LINK,We'd love to hear from you! Please email us at questions@rockmelt.com or tweet us: $LINK,15,72
3595,Yes,1,We're excited to let you know that there's new Clinique makeup at the next page which you can get for $$NUM! Sign up for your makeup right away and give yourself the look you deserve.,We're excited to let you know that there's new Clinique makeup at the next page which you can get for $0! Sign up for your makeup right away and give yourself the look you deserve.,35,183
3596,Yes,1,Week after next would be best for lunch.,Week after next would be best for lunch.,8,40
3600,Yes,1,What about getting together next week for a movie and/or dinner?,What about getting together next week for a movie and/or dinner?,11,64
3601,Yes,1,What is the rule for guests on the weekend?,What is the rule for guests on the weekend?,9,43
3602,Yes,1,What is the word on golf this weekend?,What is the word on golf this weekend?,8,38
3603,Yes,1,What would you change about the Senate bill?,What would you change about the Senate bill?,8,44
3604,Yes,1,When you have time please send me Chaz’s too!,When you have time please send me Chaz’s too!,9,45
3606,Yes,1,Who do you want to come to PP?s b-day dinner?,Who do you want to come to PP?s b-day dinner?,10,45
3607,Yes,1,Who makes the ornaments that you like so much?,Who makes the ornaments that you like so much?,9,46
3608,Yes,1,Who would you recommend as filling that director position?,Who would you recommend as filling that director position?,9,58
3609,Yes,1,Will you be able to make it to the game tonight?,Will you be able to make it to the game tonight?,11,48
3612,Yes,1,Will you send a note to folks regarding the GA meeting here in SF next Thursday?,Will you send a note to folks regarding the GA meeting here in SF next Thursday?,16,80
3620,Yes,1,"Would love to have you two join, but worry not if you've got conflicts.","Would love to have you two join, but worry not if you've got conflicts.",14,71
3621,Yes,1,Would you make sure none of that goofy financial stuff is impacted please?,Would you make sure none of that goofy financial stuff is impacted please?,13,74
3622,Yes,1,"Would you mind if I forward it to some other folks in corporate legal who might be interested (i.e., my counterparts)?","Would you mind if I forward it to some other folks in corporate legal who might be interested (i.e., my counterparts)?",21,118
3623,Yes,1,Would you rather do lunch tomorrow?,Would you rather do lunch tomorrow?,6,35
3624,Yes,1,Would you send me the purchases?,Would you send me the purchases?,6,32
3626,Yes,1,"Yes, please forward along.","Yes, please forward along.",4,26
3629,Yes,1,You by chance know where the review is tomorrow?,You by chance know where the review is tomorrow?,9,48
3630,Yes,1,You can check your order status by clicking here: $LINK,You can check your order status by clicking here: http://wwwapp.us.dell.com/us/en/ordstat/index.asp,10,55
3631,Yes,1,You can come by whenever you want to get the check.,You can come by whenever you want to get the check.,11,51
3632,Yes,1,"You don't need to do this right away, when you get a chance go into Unify for Feb and show an actual volume of $NUM for the 25th - 28th and a volume of $NUM for the 28th.","You don't need to do this right away, when you get a chance go into Unify for Feb and show an actual volume of 0 for the 25th - 28th and a volume of 991014 for the 28th.",38,170
3633,Yes,1,You going to brief me tonite on tomorrow's meeting?,You going to brief me tonite on tomorrow's meeting?,9,51
3634,Yes,1,"You guys could not work this out - so I offered a compromise position which involved a well coordinated test marketing iniative (this was agreed to by you and John at the offsite): a) the insurance group was to identify the initial $NUM to $NUM target customer list that ENA would pitch the product to which should give us a determination if this is a commercially viable product; b) John and Scott would facilitate the contact with the customers to ensure a consistent face and story with the customers - if you guys can sit down and come up with an alternative that works for you - great; regardless, John had promised me that he would do everything necessary to facilitate and promote this capability to these customers ASAP; c) both groups would put a deal team together and get out there ASAP; d) if the test marketing of the product is successful; I agree that we need to sit down and discuss how we formally allign the interests of these groups.","You guys could not work this out - so I offered a compromise position which involved a well coordinated test marketing iniative (this was agreed to by you and John at the offsite): a) the insurance group was to identify the initial 5 to 10 target customer list that ENA would pitch the product to which should give us a determination if this is a commercially viable product; b) John and Scott would facilitate the contact with the customers to ensure a consistent face and story with the customers - if you guys can sit down and come up with an alternative that works for you - great; regardless, John had promised me that he would do everything necessary to facilitate and promote this capability to these customers ASAP; c) both groups would put a deal team together and get out there ASAP; d) if the test marketing of the product is successful; I agree that we need to sit down and discuss how we formally allign the interests of these groups.",172,952
3635,Yes,1,You have been requested to provide feedback for a participant attending the next program.,You have been requested to provide feedback for a participant attending the next program.,14,89
3636,Yes,1,You have to get one of these things.,You have to get one of these things.,8,36
3637,Yes,1,You just need to download and install the Wyse PocketCloud Companion software on your Mac or Windows PC from the Wyse website at: $LINK,You just need to download and install the Wyse PocketCloud Companion software on your Mac or Windows PC from the Wyse website at: $LINK,24,135
3639,Yes,1,You may want to give your co-workers a nudge or kick occasionally.,You may want to give your co-workers a nudge or kick occasionally.,12,66
3641,Yes,1,"You might tell Mike that we can provide the two of them with desk space as well, but that we will reserve the spot with the computer and phone for Mike.","You might tell Mike that we can provide the two of them with desk space as well, but that we will reserve the spot with the computer and phone for Mike.",31,152
3642,Yes,1,You need to get your Visa issues worked out quickly - Kay can help.,You need to get your Visa issues worked out quickly - Kay can help.,14,67
3646,Yes,1,Your Google data archive is ready -- please visit $LINK to download it.,Your Google data archive is ready -- please visit $LINK to download it.,13,71
3648,Yes,1,"e-mails, please visit $LINK $NUM Durkee Road NE #$NUM Cleveland, TN $NUM","e-mails, please visit $LINK 111 Durkee Road NE #120 Cleveland, TN 37323",12,72
3649,Yes,1,"if you have not yet got a chance to review us on Appstore, we request you to do so and help us spread awareness among more consumers and businesses like you.","if you have not yet got a chance to review us on Appstore, we request you to do so and help us spread awareness among more consumers and businesses like you.",31,157
3650,Yes,1,"kmlemanski please do not share this link with anyone, you have until midnight tonight.","kmlemanski please do not share this link with anyone, you have until midnight tonight.",14,86
