id,label,label_id,text,raw_text,n_words,n_chars
0,No,0,>>> [$NUM]Contact Me Now to Make $$NUM Today!$LINK,>>> [1]Contact Me Now to Make $100 Today!$LINK,8,50
1,No,0,Act now to keep your life on the go!,Act now to keep your life on the go!,9,36
2,No,0,Choose between $$NUM and $$NUM dollars with up to $NUM years to repay!,Choose between $500 and $10000 dollars with up to 5 years to repay!,13,70
3,No,0,Click above to earn today.,Click above to earn today.,5,26
4,No,0,Click here to receive your first $$NUM today:,Click here to receive your first $10 today:,8,45
5,No,0,Click here to start shopping now: $LINK,Click here to start shopping now: $LINK,7,39
6,No,0,"Click here to watch this now, I'm not sure how long he'll leave this up in public:*ï¿$NUM⁄$NUM","Click here to watch this now, I'm not sure how long he'll leave this up in public:*ï¿½",17,94
7,No,0,Confirm now and view your first great opportunity,Confirm now and view your first great opportunity,8,49
8,No,0,Copy and paste this link into your browser to see your results now.,Copy and paste this link into your browser to see your results now.,13,67
9,No,0,Find out how to add clippings to your pressroom in this $NUM seconds video,Find out how to add clippings to your pressroom in this 125 seconds video,14,74
10,No,0,Go Here Now For Direct Access,Go Here Now For Direct Access,6,29
11,No,0,Go Here Now For More Information,Go Here Now For More Information,6,32
12,No,0,"If you do not have Adobe Acrobat Reader, please click below and follow instructions for free download: $LINK","If you do not have Adobe Acrobat Reader, please click below and follow instructions for free download: http://tr.innovyx.com/redir.asp?148_46_2788",18,108
13,No,0,"If you do not want to confirm, simply ignore this message.","If you do not want to confirm, simply ignore this message.",11,58
14,No,0,"If you don't want to change your password, just ignore this message.","If you don't want to change your password, just ignore this message.",12,68
15,No,0,"If you see nothing or a banner below please click here $LINK Notice:You are receiving this email because your email address was used to receive an on-line price quote, or because it was provided with a vehicle request.","If you see nothing or a banner below please click here <http://www.bzprod.tv/mail/View.jsp?buzzmailId=186&mailId=an9_28_01> Notice:You are receiving this email because your email address was used to receive an on-line price quote, or because it was provided with a vehicle request.",38,218
16,No,0,If you see nothing or a banner below please click here $LINK.,If you see nothing or a banner below please click here <http://www.bzprod.tv/mail/View.jsp?buzzmailId=186&mailId=an9_28_01>.,12,61
17,No,0,"If you want to see how I got out of debt, click the link below:","If you want to see how I got out of debt, click the link below:",15,63
18,No,0,"In honor of Memorial Day, take advantage of this special deal.","In honor of Memorial Day, take advantage of this special deal.",11,62
19,No,0,"In honor of Mother's Day, take advantage of this huge discount.","In honor of Mother's Day, take advantage of this huge discount.",11,63
20,No,0,"In the event that he does phone, we would $NUM like to make sure that Mr. Lay gets this information prior returning the call.","In the event that he does phone, we would 20 like to make sure that Mr. Lay gets this information prior returning the call.",24,125
21,No,0,Join now:,Join now:,2,9
22,No,0,"Jude, search now and claim today's entry!","Jude, search now and claim today's entry!",7,41
23,No,0,Keep moving it forward.,Keep moving it forward.,4,23
24,No,0,Open Glyder to get your feedback template - it's FREE for one week only!,Open Glyder to get your feedback template - it's FREE for one week only!,14,72
25,No,0,"Or mail Work Now America at... $NUM Somerville Avenue Suite $NUM, Somerville, MA $NUM.","Or mail Work Now America at... 519 Somerville Avenue Suite 323, Somerville, MA 02143.",14,86
26,No,0,"Over and over again, you tell us how much Plans help you make God’s Word a daily part of your life.","Over and over again, you tell us how much Plans help you make God’s Word a daily part of your life.",21,99
27,No,0,Please add $EMAIL to your address book to ensure delivery to your inbox.,Please add events@communications.onekingslane.com to your address book to ensure delivery to your inbox.,13,72
28,No,0,Please add mailto:$EMAIL $EMAIL to your address book.,Please add mailto:jobs@snagajob-email.com jobs@snagajob-email.com to your address book.,8,53
29,No,0,Please add to white list safe sender list.,Please add to white list safe sender list.,8,42
30,No,0,Please add us to your Contacts,Please add us to your Contacts,6,30
31,No,0,Please $EMAIL to your address book to ensure delivery to your inbox.,Please addevents@communications.onekingslane.com to your address book to ensure delivery to your inbox.,12,68
32,No,0,Please go to the link below to register by verifying your email.,Please go to the link below to register by verifying your email.,12,64
33,No,0,Please sign in into the addappt app with your this particular email and the invitation code provided:,Please sign in into the addappt app with your this particular email and the invitation code provided:,17,101
34,No,0,Please use the link below to activate your account.,Please use the link below to activate your account.,9,51
35,No,0,Run heat-generating appliances like ovens and dryers early in the morning or late at night.,Run heat-generating appliances like ovens and dryers early in the morning or late at night.,15,91
36,No,0,Save an Extra $$NUM on $NUM Night Stays,Save an Extra $30 on 3 Night Stays,8,39
37,No,0,Search Jobs Now $LINK,Search Jobs Now $LINK,4,21
38,No,0,Search and apply to jobs near you today.,Search and apply to jobs near you today.,8,40
39,No,0,Send us an email at $EMAIL.,Send us an email at support@evite.citysearch.com.,6,27
40,No,0,Start Clicking Here Now If You Want It $LINK,Start Clicking Here Now If You Want It $LINK,9,44
41,No,0,Start saving your money now and start clipping coupons!,Start saving your money now and start clipping coupons!,9,55
42,No,0,Stay $NUM+ Nights & Save $$NUM,Stay 3+ Nights & Save $30,6,30
43,No,0,"Stay in the loop, here is a snapshot of what's going on in your Pink Pad groups this week.","Stay in the loop, here is a snapshot of what's going on in your Pink Pad groups this week.",19,90
44,No,0,Take a few minutes out of your weekend to switch accounts.,Take a few minutes out of your weekend to switch accounts.,11,58
45,No,0,That is why I am calling on all you prayer warriors I need you to be in prayer with me this week.,That is why I am calling on all you prayer warriors I need you to be in prayer with me this week.,22,97
46,No,0,"To ensure delivery to your inbox, please add $EMAIL","To ensure delivery to your inbox, please add Help@e.Nelnet.net",9,51
47,No,0,"To ensure delivery to your inbox, please add $EMAIL to your address book and safe-sender list.","To ensure delivery to your inbox, please add notifications@socialreader-email.com to your address book and safe-sender list.",16,94
48,No,0,"To ensure delivery, please add $EMAIL to your address book.","To ensure delivery, please add bookit@bookitmail.com to your address book.",10,59
49,No,0,"To ensure future delivery of email, please add $EMAIL to your address book, contacts or safe sender list.","To ensure future delivery of email, please add email@mail.adobesystems.com to your address book, contacts or safe sender list.",18,105
50,No,0,"To ensure future delivery of emails, please add mailto: $EMAIL","To ensure future delivery of emails, please add mailto: specials@papajohns-specials.com",10,62
51,No,0,"To ensure our emails are delivered to your inbox, please add us to your Contacts list.","To ensure our emails are delivered to your inbox, please add us to your Contacts list.",16,86
52,No,0,"To ensure that you continue receiving our emails, please add us to your address book or safe list.","To ensure that you continue receiving our emails, please add us to your address book or safe list.",18,98
53,No,0,"To ensure that you continue to receive our emails, please add $EMAIL to your address book.","To ensure that you continue to receive our emails, please add GSNnews@email.gsn.com to your address book.",16,90
54,No,0,"To ensure that you keep getting all your email, please add $EMAIL","To ensure that you keep getting all your email, please add gamefly@emails.gamefly.com",12,65
55,No,0,"To ensure that you will receive emails from us, please add $EMAIL to your address book.","To ensure that you will receive emails from us, please add noreply@myscore.com to your address book.",16,87
56,No,0,"To ensure your emails come to your inbox, please add mailto:$EMAIL","To ensure your emails come to your inbox, please add mailto:events@communications.onekingslane.com",11,66
57,No,0,"To help you get to know us better we'd like to tell you more about membership, our partnership with parents like you, and the value we place on making a difference in the world.","To help you get to know us better we'd like to tell you more about membership, our partnership with parents like you, and the value we place on making a difference in the world.",34,177
58,No,0,"To make sure you receive the most up to date deals, please add $EMAIL to your address book.","To make sure you receive the most up to date deals, please add deals@motovy.com to your address book.",18,91
59,No,0,Try $NUM Weeks Free:,Try 2 Weeks Free:,4,20
60,No,0,"Your name, company name and address, state of incorporation, phone and fax number, as well as an e-mail address, if available, should be included (please print or type).","Your name, company name and address, state of incorporation, phone and fax number, as well as an e-mail address, if available, should be included (please print or type).",28,169
61,No,0,"As you recall, we had a very lengthy discussion regarding the magnitude of the work associated with the hearings and associated briefs.","As you recall, we had a very lengthy discussion regarding the magnitude of the work associated with the hearings and associated briefs.",22,135
62,No,0,Does that mean that you're finally freed from that hairball?,Does that mean that you're finally freed from that hairball?,10,60
63,No,0,How many hours a night do you sleep?,How many hours a night do you sleep?,8,36
64,No,0,I will send an e:mail later in the day to see when we can get together.,I will send an e:mail later in the day to see when we can get together.,16,71
65,No,0,"If you haven't already, please don't forget to rate us!","If you haven't already, please don't forget to rate us!",10,55
66,No,0,"If you need to change or cancel your appointment, please do so at $LINK","If you need to change or cancel your appointment, please do so at $LINK",14,71
67,No,0,"If you read Lessig's piece & agree that researchers should have to disclose conflicts of interest, pls sign petition $LINK","If you read Lessig's piece &amp; agree that researchers should have to disclose conflicts of interest, pls sign petition $LINK",20,122
68,No,0,"If you swipe down, a beautifully wooden shelf will appear & a blue tag saying 'TIDY ME' which you should touch.","If you swipe down, a beautifully wooden shelf will appear & a blue tag saying 'TIDY ME' which you should touch.",21,111
69,No,0,"If you wish to not receive further communication via email from our company or would like to find out more about this sender, please update your profile preferences $LINK","If you wish to not receive further communication via email from our company or would like to find out more about this sender, please update your profile preferences $LINK",29,170
70,No,0,"If you wish to stop future mailings, please follow here $LINK","If you wish to stop future mailings, please follow here $LINK",11,61
71,No,0,"If you would like to cancel or change your Membership options, just visit My Account on Rhapsody.com.","If you would like to cancel or change your Membership options, just visit My Account on Rhapsody.com.",17,101
72,No,0,"If you'd like to disable these notifications, please visit your profile at: $LINK","If you'd like to disable these notifications, please visit your profile at: $LINK",13,81
73,No,0,"If you'd like to no longer receive these emails, please follow the instructions below.","If you'd like to no longer receive these emails, please follow the instructions below.",14,86
74,No,0,"If you'd like to receive a coupon for $$NUM off your next purchase of $NUM lbs or more, please complete the form.","If you'd like to receive a coupon for $3 off your next purchase of 6 lbs or more, please complete the form.",22,113
75,No,0,"If you'd like to turn this off, please visit your AppShopper profile to make changes to your email","If you'd like to turn this off, please visit your AppShopper profile to make changes to your email",18,98
76,No,0,"If you'd like to view or change your account information, please visit $LINK","If you'd like to view or change your account information, please visit $LINK",13,76
77,No,0,"If you're interested but aren't one of the first $NUM, we will have plenty of other opportunities to invite you to join us throughout the year.","If you're interested but aren't one of the first 150, we will have plenty of other opportunities to invite you to join us throughout the year.",26,143
78,No,0,"Now let me tell you why this medallion and Archangel Michael, the most powerful of angels, can deliver the miracles, protection, guidance and love you need to change your life so you can live your dreams.","Now let me tell you why this medallion and Archangel Michael, the most powerful of angels, can deliver the miracles, protection, guidance and love you need to change your life so you can live your dreams.",36,204
79,No,0,Please answer me $NUM Comments $LINK,Please answer me 0 Comments $LINK,6,36
80,No,0,"Please keep in mind that if you have more than one video, you'll need to download each one separately.","Please keep in mind that if you have more than one video, you'll need to download each one separately.",19,102
81,No,0,Please try to delete the application and install it again.,Please try to delete the application and install it again.,10,58
82,No,0,Please try to sign up again at $LINK,Please try to sign up again at $LINK,8,36
83,No,0,"Pronounced Jane-nee, but you can call me Chickengirl.","Pronounced Jane-nee, but you can call me Chickengirl.",8,53
84,No,0,"She put together a little something - if you can use it fine, if not, that's fine too.","She put together a little something - if you can use it fine, if not, that's fine too.",18,86
85,No,0,Talk with you tonight.,Talk with you tonight.,4,22
86,No,0,Tap Pet Hotel - Can you grow your small kennel into a world-class pet hotel getaway?,Tap Pet Hotel - Can you grow your small kennel into a world-class pet hotel getaway?,16,84
87,No,0,The issue is a great example of the intersection of our business interests with public policy debates and should promote a lively discussion when we get together.,The issue is a great example of the intersection of our business interests with public policy debates and should promote a lively discussion when we get together.,27,162
88,No,0,The only bad thing is they have to let us know tomorrow if they are interested.,The only bad thing is they have to let us know tomorrow if they are interested.,16,79
89,No,0,The reception for PaperKarma has been tremendous and we're trying to catch up with the traffic - we apologize for any delays!,The reception for PaperKarma has been tremendous and we're trying to catch up with the traffic - we apologize for any delays!,22,125
90,No,0,They have a big shop and you should know some of the people there.,They have a big shop and you should know some of the people there.,14,66
91,No,0,We either need to have someone riding herd on Tozzini on this (I thought it was Jose) or I need to go to SP and make this happen.,We either need to have someone riding herd on Tozzini on this (I thought it was Jose) or I need to go to SP and make this happen.,28,129
92,No,0,"We had some helpful discussion about assignment, but I'm not sure how much progress was made.","We had some helpful discussion about assignment, but I'm not sure how much progress was made.",16,93
93,No,0,"We have our staff meetings the 1st and 3rd Wednesday at $NUM. I missed the last one, so I should make it to this one.","We have our staff meetings the 1st and 3rd Wednesday at 130. I missed the last one, so I should make it to this one.",25,117
94,No,0,"We hope you enjoy Omni Sync Server, but please keep in mind that this is still in beta and things may break, the server may go down, or your data may disappear.","We hope you enjoy Omni Sync Server, but please keep in mind that this is still in beta and things may break, the server may go down, or your data may disappear.",32,160
95,No,0,We want to welcome you to the Horizon Card Services family of products and feel confident that you will soon realize the full benefits of this wise credit decision as you join the thousands of other highly satisfied Horizon Gold Card privileged Members.,We want to welcome you to the Horizon Card Services family of products and feel confident that you will soon realize the full benefits of this wise credit decision as you join the thousands of other highly satisfied Horizon Gold Card privileged Members.,43,253
96,No,0,"We will be in Bay City on Saturday, but I don't know if it will be overnight.","We will be in Bay City on Saturday, but I don't know if it will be overnight.",17,77
97,No,0,"We will have $NUM for dinner, not counting the $NUM year old who will have eaten (although he will eat a piece of bread, if offered).","We will have 9 for dinner, not counting the 6 year old who will have eaten (although he will eat a piece of bread, if offered).",26,133
98,No,0,"We're going to have a Legal happy hour tomorrow at the Blue Agave, and it would be no party without you there.","We're going to have a Legal happy hour tomorrow at the Blue Agave, and it would be no party without you there.",22,110
99,No,0,Where do you stand on the individual rights of a smoker?,Where do you stand on the individual rights of a smoker?,11,56
100,No,0,"You should also install the Kicksend iPhone app, which will let you send all the photos and videos you take instantly from your iPhone to any email.","You should also install the Kicksend iPhone app, which will let you send all the photos and videos you take instantly from your iPhone to any email.",27,148
101,No,0,lose everything and go to prison for $NUM years or return to Belfast to spy on her own family.,lose everything and go to prison for 25 years or return to Belfast to spy on her own family.,19,94
102,No,0,"—NickyEven if you already enjoy reading your Bible, did you know that some of our most popular Bibles...can also read to you? Listening to the Bible lets you experience God’s Word while you’re doing other things—driving, exercising, even reading along!","—NickyEven if you already enjoy reading your Bible, did you know that some of our most popular Bibles…can also read to you? Listening to the Bible lets you experience God’s Word while you’re doing other things—driving, exercising, even reading along!",40,252
103,No,0,"- Convert To: Instantly convert emails into Appointments, Meetings, Memos or Tasks.","- Convert To: Instantly convert emails into Appointments, Meetings, Memos or Tasks.",12,83
104,No,0,"Also, Brent would be in the best position to ensure that the logistics team meets requirements for timeliness and accuracy of volumetric information so that we can achieve our target headcount reduction in gas operations of $NUM by year end $NUM.","Also, Brent would be in the best position to ensure that the logistics team meets requirements for timeliness and accuracy of volumetric information so that we can achieve our target headcount reduction in gas operations of 52 by year end 2000.",41,246
105,No,0,"Also, for persons over $NUM who are signing waivers, we must provide them with the census data about persons under $NUM/over $NUM who were offered a package, as well as their title and age.","Also, for persons over 40 who are signing waivers, we must provide them with the census data about persons under 40/over 40 who were offered a package, as well as their title and age.",34,189
106,No,0,Because of that I'd like to ensure you that we will make every effort to guide you and answer all your questions about Mobile Publishing.,Because of that I'd like to ensure you that we will make every effort to guide you and answer all your questions about Mobile Publishing.,25,137
107,No,0,"Before you can use truffles, you must gently clean it from the ground with a soft brush, in order to eliminate all the ground particles.","Before you can use truffles, you must gently clean it from the ground with a soft brush, in order to eliminate all the ground particles.",25,136
108,No,0,"But what does brand building consist of, and how do you go about doing it effectively and efficiently?","But what does brand building consist of, and how do you go about doing it effectively and efficiently?",18,102
109,No,0,Conference calling will be available.,Conference calling will be available.,5,37
110,No,0,"Finally though, we can burst and shout it from the rooftop:","Finally though, we can burst and shout it from the rooftop:",11,59
111,No,0,Happy Birthday!! What did you get?,Happy Birthday!! What did you get?,6,34
112,No,0,"Hello My Dear, my name is Cynthia,I read your information on face book,and find it truly interesting .That is why I am contacting you so that we can get to know each other better for personal relationship , beside I have a special issue to discuss with you on a very serious note ; i hope to hear from you soon .","Hello My Dear, my name is Cynthia,I read your information on face book,and find it truly interesting .That is why I am contacting you so that we can get to know each other better for personal relationship , beside I have a special issue to discuss with you on a very serious note ; i hope to hear from you soon .",62,312
113,No,0,"Hey, you should see us up here.","Hey, you should see us up here.",7,31
114,No,0,"Hopefully we can find a simpler approach, but I don't see any inherent problem with something like that if it seems to make the most financial sense.","Hopefully we can find a simpler approach, but I don't see any inherent problem with something like that if it seems to make the most financial sense.",27,149
115,No,0,"I am currently a junior-year history student at Occidental College in Los Angeles, but I will be in the Bay Area all summer.","I am currently a junior-year history student at Occidental College in Los Angeles, but I will be in the Bay Area all summer.",23,124
116,No,0,I have already given him a heads up on the value at stake if we can come in at the low end of the scale and early.,I have already given him a heads up on the value at stake if we can come in at the low end of the scale and early.,27,114
117,No,0,I have asked Dan Lyons to give you a call on this.,I have asked Dan Lyons to give you a call on this.,12,50
118,No,0,"I have asked my assistant Patti to help me in setting up meetings for next week and I had asked her to arrange a lunch with you and Brent, plus some time for just the two of us to get together.","I have asked my assistant Patti to help me in setting up meetings for next week and I had asked her to arrange a lunch with you and Brent, plus some time for just the two of us to get together.",41,193
119,No,0,"I was going to forward the same thing to you yesterday, but didn't want you to think I was an asshole!!","I was going to forward the same thing to you yesterday, but didn't want you to think I was an asshole!!",21,103
120,No,0,I would like to see it but I bet it takes a while to get the support.,I would like to see it but I bet it takes a while to get the support.,17,69
121,No,0,I would like to welcome @HillaryClinton the future ............you know what to Twitter!,I would like to welcome @HillaryClinton the future ............you know what to Twitter!,13,88
122,No,0,I would love to be there but unfortunately I can't make it.,I would love to be there but unfortunately I can't make it.,12,59
123,No,0,I'll get with you on Monday.,I'll get with you on Monday.,6,28
124,No,0,I'll give you the details as I confirm my situation with the Portland trip.,I'll give you the details as I confirm my situation with the Portland trip.,14,75
125,No,0,I'm going to try to make the Thursday $NUM:00PM appointment.,I'm going to try to make the Thursday 4:00PM appointment.,10,60
126,No,0,"If I can get Steve's assignment finished quickly, I will turn my attention back to this.","If I can get Steve's assignment finished quickly, I will turn my attention back to this.",16,88
127,No,0,"If you continue to use our services after July $NUM, $NUM, you agree to the updated terms or, if you don't agree, you can cancel your service at any time.","If you continue to use our services after July 31, 2014, you agree to the updated terms or, if you don't agree, you can cancel your service at any time.",30,154
128,No,0,If you don't know them they were probably just impressed with your reviews and didn't want to miss any of your app activity!,If you don't know them they were probably just impressed with your reviews and didn't want to miss any of your app activity!,23,124
129,No,0,"If you don't see the Highlights view yet, you can expect to see it very soon as we roll out the feature to everyone.","If you don't see the Highlights view yet, you can expect to see it very soon as we roll out the feature to everyone.",24,116
130,No,0,"If you don't think you'll have your book finished in time we don't want you to miss out on this fantastic sale, so until $NUM June $NUM you can purchase one of our Gift Vouchers at $NUM% off*.","If you don't think you'll have your book finished in time we don't want you to miss out on this fantastic sale, so until 30 June 2012 you can purchase one of our Gift Vouchers at 20% off*.",38,192
131,No,0,"If you don't want the government to get your $ interest free, but are aware that you may owe $ later on (April 15th), then claim a higher number of dependents and married and jointly.","If you don't want the government to get your $ interest free, but are aware that you may owe $ later on (April 15th), then claim a higher number of dependents and married and jointly.",35,183
132,No,0,"If you don’t have enough transaction history built up in your HelloWallet account at this time, don’t worry, there are still plenty of ways we can help this year, and by this time next year, you’ll have enough history to review.","If you don’t have enough transaction history built up in your HelloWallet account at this time, don’t worry, there are still plenty of ways we can help this year, and by this time next year, you’ll have enough history to review.",41,228
133,No,0,If you would like to change your e-mail address then log on to Pogo.com and update your account information.,If you would like to change your e-mail address then log on to Pogo.com and update your account information.,19,108
134,No,0,"Instead, I want to meet with Frank Vickers and Ed Baughman (I have known both for years and we get both gas and power covered) either Friday afternoon or Monday to go over the presentation in person and get their thoughts and input (Rahil included).","Instead, I want to meet with Frank Vickers and Ed Baughman (I have known both for years and we get both gas and power covered) either Friday afternoon or Monday to go over the presentation in person and get their thoughts and input (Rahil included).",45,249
135,No,0,"Later, if you do decide to try again, work closely with your health care provider to lower the risks.","Later, if you do decide to try again, work closely with your health care provider to lower the risks.",19,101
136,No,0,My WORD as a Christian man is to utilize the $NUM million dollars that you will donate to me towards the church and if you allow me I have another church in mind that I will like to donate to.,My WORD as a Christian man is to utilize the 5.8 million dollars that you will donate to me towards the church and if you allow me I have another church in mind that I will like to donate to.,40,192
137,No,0,Normally we would like to come in for an introduction meeting ( $NUM $NUM/$NUM hours) to get the basic concepts covered and then talk about what our e-Risk Practice does.,Normally we would like to come in for an introduction meeting ( 1 1/2 hours) to get the basic concepts covered and then talk about what our e-Risk Practice does.,30,170
138,No,0,Notice that I'm not volunteering to make that phone call.,Notice that I'm not volunteering to make that phone call.,10,57
139,No,0,"On December 7th, we would like to remember and honor the brave men and women who lost their lives in the attack at Pearl = Harbor.","On December 7th, we would like to remember and honor the brave men and women who lost their lives in the attack at Pearl = Harbor.",26,130
140,No,0,"SInce there are at least $NUM sbeck's here, have you thought about adopting use of your long name address rather than the shorter version to help in further differentiating between us?","SInce there are at least 2 sbeck's here, have you thought about adopting use of your long name address rather than the shorter version to help in further differentiating between us?",31,184
141,No,0,So now you don't have to go digging around for a comment when you're on a client call.,So now you don't have to go digging around for a comment when you're on a client call.,18,86
142,No,0,Sorry about the long-winded voice mail.,Sorry about the long-winded voice mail.,6,39
143,No,0,"Specifically, we are looking for names and addresses of the following:","Specifically, we are looking for names and addresses of the following:",11,70
144,No,0,Sure to please even those who shy away from most mod decor.,Sure to please even those who shy away from most mod decor.,12,59
145,No,0,Tana will attend.,Tana will attend.,3,17
146,No,0,"The Latest Gadgets, Buy Now or Wait?","The Latest Gadgets, Buy Now or Wait?",7,36
147,No,0,"The sense of urgency for getting this in ""the mix"" is not as high as it was yesterday, though we'll still need to introduce it at some point very soon.","The sense of urgency for getting this in ""the mix"" is not as high as it was yesterday, though we'll still need to introduce it at some point very soon.",30,151
148,No,0,"The sense of urgency for getting this in the mix is not as high as it was yesterday, though we'll still need to introduce it at some point very soon.","The sense of urgency for getting this in the mix is not as high as it was yesterday, though we'll still need to introduce it at some point very soon.",30,149
149,No,0,These funds can be deposited directly into your account withno financial or employment verification by tomorrow.,These funds can be deposited directly into your account withno financial or employment verification by tomorrow.,16,112
150,No,0,This is reminder that your free $NUM day trial will come to an end in $NUM days.,This is reminder that your free 14 day trial will come to an end in 2 days.,17,80
151,No,0,Timeless pieces you'll enjoy now and for years to come.,Timeless pieces you'll enjoy now and for years to come.,10,55
152,No,0,We can make it easy for you.,We can make it easy for you.,7,28
153,No,0,We can make this work either way.,We can make this work either way.,7,33
154,No,0,We can ship to you or your grad.,We can ship to you or your grad.,8,32
155,No,0,"We should cast a little broader net on this internally--Yoder, Calger, Belden, Foster, Sanders, etc.--but seems that, given the Governor's actions as of late, the likelihood of nonpayment might even be a bit higher than $NUM%.","We should cast a little broader net on this internally--Yoder, Calger, Belden, Foster, Sanders, etc.--but seems that, given the Governor's actions as of late, the likelihood of nonpayment might even be a bit higher than 25%.",36,226
156,No,0,We stopped by to see Kirk and Sue and I had them give Jerry a call on the phone.,We stopped by to see Kirk and Sue and I had them give Jerry a call on the phone.,19,80
157,No,0,We want to reward you for doing what you love.,We want to reward you for doing what you love.,10,46
158,No,0,We want to take this opportunity to highlight some of the key changes and what they mean for you.,We want to take this opportunity to highlight some of the key changes and what they mean for you.,19,97
159,No,0,We will also be discussing suggested promotions during this meeting as well.,We will also be discussing suggested promotions during this meeting as well.,12,76
160,No,0,We will update both schedules in the future for all deals originated whether value was originated or not.,We will update both schedules in the future for all deals originated whether value was originated or not.,18,105
161,No,0,We will update tomorrow!,We will update tomorrow!,4,24
162,No,0,We'll have to wait til Mark Greenberg gets in tomorrow.,We'll have to wait til Mark Greenberg gets in tomorrow.,10,55
163,No,0,We'll see you tomorrow.,We'll see you tomorrow.,4,23
164,No,0,What time do you get home from school.,What time do you get home from school.,8,38
165,No,0,"What, why, who are you #ProudToLove?","What, why, who are you #ProudToLove?",6,36
166,No,0,"When you SOW A $$NUM FAITH SEED, let me tell you what I am going to do... • I will place your name in my Bible for the next year.","When you SOW A $365 FAITH SEED, let me tell you what I am going to do… • I will place your name in my Bible for the next year.",30,129
167,No,0,"With Textfree you get FREE unlimited texts and pics, plus make phone calls.","With Textfree you get FREE unlimited texts and pics, plus make phone calls.",13,75
168,No,0,"With a small group, your talk can be informal and you do not need to prepare slides (unless you would like to do so).","With a small group, your talk can be informal and you do not need to prepare slides (unless you would like to do so).",24,117
169,No,0,"With the energy crisis in California at this time, we will need to be extra careful with nominations at Socal and throughout the west to ensure that we continue to provide the excellent nomination service that we have been providing to our customers.","With the energy crisis in California at this time, we will need to be extra careful with nominations at Socal and throughout the west to ensure that we continue to provide the excellent nomination service that we have been providing to our customers.",43,250
170,No,0,"You deserve to have a happy Sunday afternoon, and we hope this $$NUM Walgreens card can make that happen!","You deserve to have a happy Sunday afternoon, and we hope this $100 Walgreens card can make that happen!",19,105
171,No,0,You don't have to take a day off to attend workshops.,You don't have to take a day off to attend workshops.,11,53
172,No,0,"The CODnapper and his team of associates rescue unsuspecting fans from their “to do” lists and everyday chores and deliver them to an oasis known as Onslaught, the first downloadable content pack available for Call of Duty: Ghosts.","The CODnapper and his team of associates rescue unsuspecting fans from their &ldquo;to do&rdquo; lists and everyday chores and deliver them to an oasis known as Onslaught, the first downloadable content pack available for Call of Duty: Ghosts.",38,231
173,No,0,There's a meeting with a cast of characters to discuss the Westinhouse warranty issues.,There's a meeting with a cast of characters to discuss the Westinhouse warranty issues.,14,87
174,No,0,Let us help you find the right health insurance plan for you and your family.,Let us help you find the right health insurance plan for you and your family.,15,77
175,No,0,"However, if you want to follow Cheryl S click the link below to go to their profile to follow them back.","However, if you want to follow Cheryl S click the link below to go to their profile to follow them back.",21,104
176,No,0,If you would like to be taken off of ALL future mailings from Santander with one-click:,If you would like to be taken off of ALL future mailings from Santander with one-click:,16,87
177,No,0,U can hit me u later on if u wanna.,U can hit me u later on if u wanna.,10,35
178,No,0,YOU HAVE HELPFUL OPTIONS IF YOU'D LIKE TO POSTPONE YOUR STUDENT LOAN PAYMENTS FOR $NUM MONTHS.,YOU HAVE HELPFUL OPTIONS IF YOU'D LIKE TO POSTPONE YOUR STUDENT LOAN PAYMENTS FOR 12 MONTHS.,16,94
179,No,0,The Lord told me that my $NUM CLOSEST FRIENDS and PARTNERS WHO RESPOND FIRST are going to experience this UNIQUE $NUMDAY MIRACLE.,The Lord told me that my 300 CLOSEST FRIENDS and PARTNERS WHO RESPOND FIRST are going to experience this UNIQUE 365-DAY MIRACLE.,22,129
180,No,0,"• Whether you’re on your desktop, your mobile device, or your tablet, Unroll.me is there for you with our new responsive design.","• Whether you’re on your desktop, your mobile device, or your tablet, Unroll.me is there for you with our new responsive design.",22,128
181,No,0,The Sender and Subject tabs let you quickly act on batches of related email.,The Sender and Subject tabs let you quickly act on batches of related email.,14,76
182,No,0,If you would like to download the SpotCha!,If you would like to download the SpotCha!,8,42
183,No,0,"So much happens on Twitter every day, whether it's breaking news, a deal at your favorite shop, a local traffic jam or a funny pick-me-up from a friend.","So much happens on Twitter every day, whether it's breaking news, a deal at your favorite shop, a local traffic jam or a funny pick-me-up from a friend.",28,152
184,No,0,You not emailing me.,You not emailing me.,4,20
185,No,0,How much will your donation cost me?,How much will your donation cost me?,7,36
186,No,0,"So, especially given the post-$NUM/$NUM logistics, it doesn't seem practical for me to come to Dallas for this meeting.","So, especially given the post-9/11 logistics, it doesn't seem practical for me to come to Dallas for this meeting.",19,119
187,No,0,I think that moving forward in my new job will not allow me the time to continue our sessions.,I think that moving forward in my new job will not allow me the time to continue our sessions.,19,94
188,No,0,Why won't they let you go to the Corp. conference?,Why won't they let you go to the Corp. conference?,10,50
189,No,0,"So rather than discuss the transition, Kevin had to react to and absorb this as a possibility.","So rather than discuss the transition, Kevin had to react to and absorb this as a possibility.",17,94
190,No,0,Sean paid me for his and Molly's dinner and Eldon and Nancy will pay me for theirs.,Sean paid me for his and Molly's dinner and Eldon and Nancy will pay me for theirs.,17,83
191,No,0,Let us give you one less thing to worry about.,Let us give you one less thing to worry about.,10,46
192,No,0,You can go through the prompts if you would like to take this bonus.,You can go through the prompts if you would like to take this bonus.,14,68
193,No,0,Everything given to me for you guys was actually wholesale stuff.,Everything given to me for you guys was actually wholesale stuff.,11,65
194,No,0,I'll forward you a note from Sue to Rosie (and me) that you weren't on.,I'll forward you a note from Sue to Rosie (and me) that you weren't on.,15,71
195,No,0,Read me: Four social-media sites for bookworms,Read me: Four social-media sites for bookworms,7,46
196,No,0,"The sort of pick-me-up every sofa, bed, and chaise needs right around now.","The sort of pick-me-up every sofa, bed, and chaise needs right around now.",13,74
197,No,0,Hurry below and choose a reward you'd like to earn.,Hurry below and choose a reward you'd like to earn.,10,51
198,No,0,"If you would like to opt in, click the link below.","If you would like to opt in, click the link below.",11,50
199,No,0,Ignore me once and I'll ignore you forever bye.,Ignore me once and I'll ignore you forever bye.,9,47
200,No,0,"I am copying her on this email so that if I am mistaken, she can let me know.","I am copying her on this email so that if I am mistaken, she can let me know.",18,77
201,No,0,"You can use LINE both on iPhones and Androids, download it from here and add me as a friend.","You can use LINE both on iPhones and Androids, download it from here and add me as a friend.",19,92
202,No,0,Well let me tell you...,Well let me tell you...,5,23
203,No,0,And if you try to tell me coffee isn't healthy I WILL call you a fucking communist.,And if you try to tell me coffee isn't healthy I WILL call you a fucking communist.,17,83
204,No,0,Help Me Help You,Help Me Help You,4,16
205,No,0,Let me just download the new app.,Let me just download the new app.,7,33
206,No,0,Let me sum this up real quick...,Let me sum this up real quick…,7,32
207,No,0,"Will she buy me some toys - a motorcycle, let me get my flying licenses, and a cheaper $NUM wheel drive vehicle?","Will she buy me some toys - a motorcycle, let me get my flying licenses, and a cheaper 4 wheel drive vehicle?",22,112
208,No,0,"Call Me Maybe: Military Version ericraum | July $NUM, $NUM $LINK","Call Me Maybe: Military Version ericraum | July 4, 2012 $LINK",11,64
209,No,0,Dr. Tomorrow.......my names for a girl.....can you help me....... $NUM Votes $LINK,Dr. Tomorrow.......my names for a girl.....can you help me....... 45 Votes $LINK,12,82
210,No,0,Hey call me brothers!😇✈🍟🍗🍖,Hey call me brothers!😇✈🍟🍗🍖,4,26
211,No,0,"If you enjoy our apps and want to help us to continue to improve our products, please leave us a good review on the App Store.\n\nEnjoy and happy collecting!\n\nEthan C. Allen\nSort It Apps, LLC - Founder\n\nIf you don't want to hear from me anymore, just go here: $LINK","If you enjoy our apps and want to help us to continue to improve our products, please leave us a good review on the App Store.\n\nEnjoy and happy collecting!\n\nEthan C. Allen\nSort It Apps, LLC - Founder\n\nIf you don't want to hear from me anymore, just go here: $LINK",48,270
212,No,0,Let me call him,Let me call him,4,15
213,No,0,This might be one of those let me get Alan to help me for a free lunch things.,This might be one of those let me get Alan to help me for a free lunch things.,18,78
214,No,0,call me crazy $NUM Comments $LINK,call me crazy 4 Comments $LINK,6,33
215,No,0,please follow me.,please follow me.,3,17
216,No,0,"...And if you'd like me to answer your question on a video or podcast, please fill out this short survey.","...And if you'd like me to answer your question on a video or podcast, please fill out this short survey.",20,105
217,No,0,"$NUM. We are just getting ramped up, so please bear with us.","3. We are just getting ramped up, so please bear with us.",12,60
218,No,0,@LILBTHEBASEDGOD PLEASE TELL ME WHY LIL B SOOOOOO RAW!?,@LILBTHEBASEDGOD PLEASE TELL ME WHY LIL B SOOOOOO RAW!?,9,55
219,No,0,"Actually, you could set the priorities for us.","Actually, you could set the priorities for us.",8,46
220,No,0,Am I going to get an eye infection if I continue to wear your sunglasses around town?,Am I going to get an eye infection if I continue to wear your sunglasses around town?,17,85
221,No,0,"As well, to reduce the conflict between the trading and origination organizations in order to keep us spending more time in the market than focused on internal issues.","As well, to reduce the conflict between the trading and origination organizations in order to keep us spending more time in the market than focused on internal issues.",28,167
222,No,0,Attached please find the modified Transaction Agreement which has been revised to reflect the matters you discussed earlier today.,Attached please find the modified Transaction Agreement which has been revised to reflect the matters you discussed earlier today.,19,130
223,No,0,"Best place to stay--given where you need to be---but sometimes a bit difficult to get in to, is the Park Hyatt.","Best place to stay--given where you need to be---but sometimes a bit difficult to get in to, is the Park Hyatt.",21,111
224,No,0,Both test came back abnormal and I am seeing a specialist this week to determine if I need to have a biopsy or not.,Both test came back abnormal and I am seeing a specialist this week to determine if I need to have a biopsy or not.,24,115
225,No,0,But I would like to go out on what u might say a date when I get back.,But I would like to go out on what u might say a date when I get back.,18,70
226,No,0,But you have to search now to let us know you want to win this amazing vehicle — worth over $$NUMOOO.OO!,"But you have to search now to let us know you want to win this amazing vehicle — worth over $38,OOO.OO!",21,104
227,No,0,"Calif GOP Lawmakers Ask PUC President To Resign Updated: Tuesday, March $NUM, $NUM $NUM:$NUM PM?ET ?","Calif GOP Lawmakers Ask PUC President To Resign Updated: Tuesday, March 20, 2001 02:14 PM?ET ?",16,100
228,No,0,Conference room set up for company annual meetings,Conference room set up for company annual meetings,8,50
229,No,0,Do you want to help people?,Do you want to help people?,6,27
230,No,0,Do you want to make a difference?,Do you want to make a difference?,7,33
231,No,0,Does 1PM west coast time work for folks to have a brief kick-off discussion of how we might assess the costs of a California for Californians energy policy?,Does 1PM west coast time work for folks to have a brief kick-off discussion of how we might assess the costs of a California for Californians energy policy?,28,156
232,No,0,Give 21st Century Auto Insurance a call at $NUM - we'll try to lower your quote even more by seeing if you qualify for additional discounts.,Give 21st Century Auto Insurance a call at 800-493-9489 - we'll try to lower your quote even more by seeing if you qualify for additional discounts.,26,140
233,No,0,Go get 'em Tiger.,Go get 'em Tiger.,4,17
234,No,0,"Hannah, certain events in our lives should give us reason to pause; on these moments, consider the protection you could get through life insurance.","Hannah, certain events in our lives should give us reason to pause; on these moments, consider the protection you could get through life insurance.",24,147
235,No,0,He didn't get it and we need to get that fixed asap.,He didn't get it and we need to get that fixed asap.,12,52
236,No,0,How do you make those ham and tortillia thingys?,How do you make those ham and tortillia thingys?,9,48
237,No,0,How would you spend this $NUM dollars once it's in your hands?,How would you spend this 100 dollars once it's in your hands?,12,62
238,No,0,I am going to get fucked on broker gifts this X-mas.,I am going to get fucked on broker gifts this X-mas.,11,52
239,No,0,I am going to get much closer to the model this time than last because of the turnover due to Robert and Joana moving on.,I am going to get much closer to the model this time than last because of the turnover due to Robert and Joana moving on.,25,121
240,No,0,I am writing to each of you because I need you to be in prayer with me this week.,I am writing to each of you because I need you to be in prayer with me this week.,19,81
241,No,0,I haven't met Kevin yet so if you could mention this to him I would appreciate it.,I haven't met Kevin yet so if you could mention this to him I would appreciate it.,17,82
242,No,0,"I haven't played softball in a long time, and this is a good way for me to get to know the people that i work with.","I haven't played softball in a long time, and this is a good way for me to get to know the people that i work with.",26,115
243,No,0,"I hope you can help, we look forward to arranging your live training, and receiving any great photos you want to send.","I hope you can help, we look forward to arranging your live training, and receiving any great photos you want to send.",22,118
244,No,0,I just want to make sure that Rosie doesn't get all crossed up with many of us sending her stuff.,I just want to make sure that Rosie doesn't get all crossed up with many of us sending her stuff.,20,97
245,No,0,I must reiterate to ALL Members that i certainly don't like to hear this even from One single member therefore i have decided to hold a Live Training Event.,I must reiterate to ALL Members that i certainly don't like to hear this even from One single member therefore i have decided to hold a Live Training Event.,29,156
246,No,0,I plan to get off @ 4pm and check in the hotel a.s.a.p.,I plan to get off @ 4pm and check in the hotel a.s.a.p.,13,55
247,No,0,I want to get Lee into this also.,I want to get Lee into this also.,8,33
248,No,0,I want to get a feel for what we have done and set some goals as to what needs to be done.,I want to get a feel for what we have done and set some goals as to what needs to be done.,22,90
249,No,0,I want to make sure I'm doing everything I can to help you.,I want to make sure I'm doing everything I can to help you.,13,59
250,No,0,I want to make sure we have covered all of the counterparties.,I want to make sure we have covered all of the counterparties.,12,62
251,No,0,I was wondering why I wasn't getting any mail.,I was wondering why I wasn't getting any mail.,9,46
252,No,0,I will call ISDA and try to get a read on what ISDA wants to do which is not clear at this point.,I will call ISDA and try to get a read on what ISDA wants to do which is not clear at this point.,23,97
253,No,0,I would like to get that from VNG.,I would like to get that from VNG.,8,34
254,No,0,"I'd like to get as diverse a group of co-sponsors as possible, and as many as possible.","I'd like to get as diverse a group of co-sponsors as possible, and as many as possible.",17,87
255,No,0,I'd like to get that available for my trip to Houston next wk.,I'd like to get that available for my trip to Houston next wk.,13,62
256,No,0,I'll call them tomorrow.,I'll call them tomorrow.,4,24
257,No,0,I'm available at $NUM am (do while you're driving?) and will make my schedule flexible in the afternoon.,I'm available at 8 am (do while you're driving?) and will make my schedule flexible in the afternoon.,18,104
258,No,0,"I'm reading this story, I think you would like it!","I'm reading this story, I think you would like it!",10,50
259,No,0,I'm writing to apply for the marketing internship at BookVibe.,I'm writing to apply for the marketing internship at BookVibe.,10,62
260,No,0,"I've always wanted to work with books and around the publishing process, and I would love to have some experience in the field.","I've always wanted to work with books and around the publishing process, and I would love to have some experience in the field.",23,127
261,No,0,"If the enclosed meets with your approval, please have the agreement executed and return a copy to me via fax no.","If the enclosed meets with your approval, please have the agreement executed and return a copy to me via fax no.",21,112
262,No,0,If you can add this feature I promise to give this app a $NUM.,If you can add this feature I promise to give this app a 5.,14,62
263,No,0,If you can interview well and prepare for the onsloaught of questions and inquiries you may be able to land the job.,If you can interview well and prepare for the onsloaught of questions and inquiries you may be able to land the job.,22,116
264,No,0,"If you create them all on page $NUM, all will point to page $NUM. Try to go to page $NUM, create one and then go to page $NUM create one.","If you create them all on page 4, all will point to page 4. Try to go to page 2, create one and then go to page 10 create one.",30,137
265,No,0,"If you do encounter ""work"" via email or are faced with any ""work"" at all, then to purge the virus, send an email to your boss with the words ""I've had enough of your crap... I'm off to the bar.""","If you do encounter ""work"" via email or are faced with any ""work"" at all, then to purge the virus, send an email to your boss with the words ""I've had enough of your crap... I'm off to the bar.""",40,194
266,No,0,"If you download any of these versions to your device, you’ll be able to read it anytime, anywhere—even when you can’t connect to your service provider or to the Internet.","If you download any of these versions to your device, you’ll be able to read it anytime, anywhere—even when you can’t connect to your service provider or to the Internet.",30,170
267,No,0,"If you enjoy Inkflow, please take a moment to rate it again in the App Store.","If you enjoy Inkflow, please take a moment to rate it again in the App Store.",16,77
268,No,0,"If you estimate this comment useless, please leave us a message!","If you estimate this comment useless, please leave us a message!",11,64
269,No,0,"If you ever change your mind and want to give Pinger another try, you can always get a new number.","If you ever change your mind and want to give Pinger another try, you can always get a new number.",20,98
270,No,0,"If you ever change your mind and want to give Textfree another try, you can always get a new number.","If you ever change your mind and want to give Textfree another try, you can always get a new number.",20,100
271,No,0,"If you find a bug, or anything acting weird please send an email to $EMAIL.","If you find a bug, or anything acting weird please send an email to info@jeeosuite.com.",15,75
272,No,0,If you find our email in your spam folder please press the 'not spam' button.,If you find our email in your spam folder please press the 'not spam' button.,15,77
273,No,0,"If you have been unable to find or qualify for the perfect card, please visit below for more results.","If you have been unable to find or qualify for the perfect card, please visit below for more results.",19,101
274,No,0,"If you need assistance, write to $EMAIL","If you need assistance, write to help@coinkeeper.me",7,39
275,No,0,"If you smoke, use alcohol or take illegal drugs, so does your unborn baby.","If you smoke, use alcohol or take illegal drugs, so does your unborn baby.",14,74
276,No,0,"If you use Pinger to text and call people who are NOT using Pinger, you might want to keep your Pinger number ($NUM) $NUM active.","If you use Pinger to text and call people who are NOT using Pinger, you might want to keep your Pinger number (276) 243-1628 active.",25,129
277,No,0,"If you use Textfree to text and call people who are NOT using Textfree or Pinger, you might want to keep your Textfree number ($NUM) $NUM active.","If you use Textfree to text and call people who are NOT using Textfree or Pinger, you might want to keep your Textfree number (276) 690-7548 active.",27,145
278,No,0,"If you want to get him/her back on air, just click on the icon again.","If you want to get him/her back on air, just click on the icon again.",15,69
279,No,0,If you want to learn more about our products visit mobile.intersog.com.,If you want to learn more about our products visit mobile.intersog.com.,11,71
280,No,0,"If you want to make adjustments, just launch the M.dot app to edit your site.","If you want to make adjustments, just launch the M.dot app to edit your site.",15,77
281,No,0,If you want to make more than you know what to do with...,If you want to make more than you know what to do with…,13,57
282,No,0,"If you want to resend your commands, send them to $EMAIL","If you want to resend your commands, send them to lyris@aallnet.org",11,56
283,No,0,"If you win, you'll be able to do special things for people you care about, to free yourself and your family from financial worries -- and to splurge on life's luxuries.","If you win, you'll be able to do special things for people you care about, to free yourself and your family from financial worries -- and to splurge on life's luxuries.",31,168
284,No,0,"If you wish to continue, please follow the link below:","If you wish to continue, please follow the link below:",10,54
285,No,0,"If you would prefer a different card, you can view those other options immediately, as well.","If you would prefer a different card, you can view those other options immediately, as well.",16,92
286,No,0,"If you would still like to shop for a vehicle, you can re-apply at $LINK","If you would still like to shop for a vehicle, you can re-apply at www.RoadLoans.com",15,72
287,No,0,If you'd like to get some hands on tips and advice for using Zapier just add this event to your calendar for next Wednesday .,If you'd like to get some hands on tips and advice for using Zapier just add this event to your calendar for next Wednesday .,25,125
288,No,0,"If you'd like to turn off these messages, please visit your notification settings.","If you'd like to turn off these messages, please visit your notification settings.",13,82
289,No,0,"If you'd like to update your email preferences, please visit:","If you'd like to update your email preferences, please visit:",10,61
290,No,0,"If you'd prefer to discontinue via mail request, please send to:","If you'd prefer to discontinue via mail request, please send to:",11,64
291,No,0,"In the old days, you could only flow $NUM/$NUM of the MDQ from secondary points.","In the old days, you could only flow 7/12 of the MDQ from secondary points.",15,80
292,No,0,Is it possible to get some idea of exactly what the amount to be refunded is? Thanks so much again for your help.,Is it possible to get some idea of exactly what the amount to be refunded is? Thanks so much again for your help.,23,113
293,No,0,Jus call me Nessa ♌ @finesse__ah,Jus call me Nessa ♌ @finesse__ah,6,32
294,No,0,"Learn how to carve a turkey, or if you’re hungry for some escapism post-feast, we can help.","Learn how to carve a turkey, or if you’re hungry for some escapism post-feast, we can help.",17,91
295,No,0,Millions of businesses desperately need your help and the valuable services you could provide them if you want to.,Millions of businesses desperately need your help and the valuable services you could provide them if you want to.,19,114
296,No,0,Next week I can give you more info on that.,Next week I can give you more info on that.,10,43
297,No,0,"Or maybe you have personal goals you want to keep, well, personal.","Or maybe you have personal goals you want to keep, well, personal.",12,66
298,No,0,"Passwords are a fact of life and we've all had some bad ones, but if you use one of the following $NUM password you might want to rethink your strategy!","Passwords are a fact of life and we've all had some bad ones, but if you use one of the following 25 password you might want to rethink your strategy!",30,152
299,No,0,See the email below for the ID and password.,See the email below for the ID and password.,9,44
300,No,0,Sharon Jones & The Dap-Kings - Give the People What They Want: $LINK,Sharon Jones & The Dap-Kings - Give the People What They Want: $LINK,13,68
301,No,0,Show us that you want to win by clicking below.,Show us that you want to win by clicking below.,10,47
302,No,0,Some content has specific hardware or software requirements; please review product information before purchasing.,Some content has specific hardware or software requirements; please review product information before purchasing.,14,113
303,No,0,"Specifically, we buy/sell gas at the Exxon Katy Plant and were wondering the ""Force Majeure"" ramifications of the the Plant closing due to freeze-offs, i.e. can we claim Force Majeure in that instance and what remedies are provided for in the EOL contract language?","Specifically, we buy/sell gas at the Exxon Katy Plant and were wondering the ""Force Majeure"" ramifications of the the Plant closing due to freeze-offs, i.e. can we claim Force Majeure in that instance and what remedies are provided for in the EOL contract language?",44,265
304,No,0,"Specifically, we buy/sell gas at the Exxon Katy Plant and were wondering the Force Majeure ramifications of the the Plant closing due to freeze-offs, i.e. can we claim Force Majeure in that instance and what remedies are provided for in the EOL contract language?","Specifically, we buy/sell gas at the Exxon Katy Plant and were wondering the Force Majeure ramifications of the the Plant closing due to freeze-offs, i.e. can we claim Force Majeure in that instance and what remedies are provided for in the EOL contract language?",44,263
305,No,0,Sticker Pop Quiz: Can you guess what's that movie or tv show in this emoji icon word game? $NUM Device: iOS Universal Category: Games Price:...,Sticker Pop Quiz: Can you guess what's that movie or tv show in this emoji icon word game? 1.1 Device: iOS Universal Category: Games Price:...,25,143
306,No,0,Tell us what you buy Jude Spear!!!,Tell us what you buy Jude Spear!!!,7,34
307,No,0,Thanks Bill--see my other email.,Thanks Bill--see my other email.,5,32
308,No,0,"The cost of materials includes the bridge, should I order redwood for the deck amd have it delivered?","The cost of materials includes the bridge, should I order redwood for the deck amd have it delivered?",18,101
309,No,0,"The event will be in April; of course depending on her schedule this can change, but we have reserved the Snowmass Conference Center for the 19th.","The event will be in April; of course depending on her schedule this can change, but we have reserved the Snowmass Conference Center for the 19th.",26,146
310,No,0,"The upstairs is untouched, however, so you can make yourselves at home.","The upstairs is untouched, however, so you can make yourselves at home.",12,71
311,No,0,"Then, if you'd like, answer a few questions about your goals, and we'll point you toward some tools you might be interested in.","Then, if you'd like, answer a few questions about your goals, and we'll point you toward some tools you might be interested in.",23,127
312,No,0,There is a lot of pessimism in the distributed energy community right now ?,There is a lot of pessimism in the distributed energy community right now ?,14,75
313,No,0,"This house was by far the nicest and best bang for your buck, but in a suspect neighborhood - it looks like they are building a lot of townhouses close though check it out . . .","This house was by far the nicest and best bang for your buck, but in a suspect neighborhood - it looks like they are building a lot of townhouses close though check it out . . .",37,177
314,No,0,"Until August 31st, you will be able to download and save all your videos onto your iOS mobile device.","Until August 31st, you will be able to download and save all your videos onto your iOS mobile device.",19,101
315,No,0,We hope you find something you like!,We hope you find something you like!,7,36
316,No,0,We would like to connect you with credit card companies who are offering credit cards that might be a great match for your needs!,We would like to connect you with credit card companies who are offering credit cards that might be a great match for your needs!,24,129
317,No,0,"Whether you want to give the gift of organization or make your own life a little simpler, it's the best time of the year to get Neat!","Whether you want to give the gift of organization or make your own life a little simpler, it's the best time of the year to get Neat!",27,133
318,No,0,Wish I could send you with a shopping list for me!!,Wish I could send you with a shopping list for me!!,11,51
319,No,0,"Wow, can you believe only a week?","Wow, can you believe only a week?",7,33
320,No,0,You can even input a particular OfficeDrop folder where you'd like to send the file.,You can even input a particular OfficeDrop folder where you'd like to send the file.,15,84
321,No,0,"You can get good speaker packages, but many of them are not really good.","You can get good speaker packages, but many of them are not really good.",14,72
322,No,0,You need more resources immediately from inside.,You need more resources immediately from inside.,7,48
323,No,0,"You will be contacted as soon as possible after June $NUM, $NUM to notify you of those requests that have been approved.","You will be contacted as soon as possible after June 23, 2000 to notify you of those requests that have been approved.",22,120
324,No,0,"Your request to track Phototranslator for iPhone was received, please follow the link below to activate your deal alert:","Your request to track Phototranslator for iPhone was received, please follow the link below to activate your deal alert:",19,120
325,No,0,Z0 or Zl to Broad Run: I can give you $.$NUM ($.$NUM demand/$.$NUM,Z0 or Zl to Broad Run: I can give you $.18 ($.16 demand/$.02,13,66
326,No,0,"\n\nRemember, the sale is for this weekend ONLY!\n\nEnjoy and happy collecting!\n\nEthan C. Allen\nSort It! Apps - Founder\n\nIf you don't want to hear from me anymore, just go here: $LINK","\n\nRemember, the sale is for this weekend ONLY!\n\nEnjoy and happy collecting!\n\nEthan C. Allen\nSort It! Apps - Founder\n\nIf you don't want to hear from me anymore, just go here: $LINK",29,188
327,No,0,"again and happy collecting!\n\nEthan C. Allen\nSort It Apps, LLC - Founder\n\nIf you don't want to hear from me anymore, just go here: $LINK","again and happy collecting!\n\nEthan C. Allen\nSort It Apps, LLC - Founder\n\nIf you don't want to hear from me anymore, just go here: $LINK",23,140
328,No,0,"gallery are great, and I'd like to know when you post more.","gallery are great, and I'd like to know when you post more.",12,59
329,No,0,"photos have a new home, we'd like to help you get to know Revel.","photos have a new home, we'd like to help you get to know Revel.",14,64
330,No,0,"If you activate your account today, you can claim one of the offers below:","If you activate your account today, you can claim one of the offers below:",14,74
331,No,0,"""I would like to thank both agents Charles and Conroy for their help and patience.",&quot;I would like to thank both agents Charles and Conroy for their help and patience.,15,82
332,No,0,"""The guy that assisted me with my booking was awesome.",&quot;The guy that assisted me with my booking was awesome.,10,54
333,No,0,"* If you delete a photo by accident, you can restore it from the SnapSync website.","* If you delete a photo by accident, you can restore it from the SnapSync website.",16,82
334,No,0,"* If you edit the map, when you return to Files view you can either discard your changes, or save it as a new map","* If you edit the map, when you return to Files view you can either discard your changes, or save it as a new map",25,113
335,No,0,* If you want to check out a map manually...,* If you want to check out a map manually...,10,44
336,No,0,* Press the name of the account you want to access,* Press the name of the account you want to access,11,50
337,No,0,* Tap the command you want to use,* Tap the command you want to use,8,33
338,No,0,*** BREAKING NEWS: President Obama Marks Independence Day: Thanks America's Military $LINK,*** BREAKING NEWS: President Obama Marks Independence Day: Thanks America's Military $LINK,12,90
339,No,0,*iOS $NUM compatible!*Now able to set a personalized PIN code for your Neat account*Improved naming of documents in NeatCloud*Bug fixes and other improvements,*iOS 7 compatible!*Now able to set a personalized PIN code for your Neat account*Improved naming of documents in NeatCloud*Bug fixes and other improvements,23,158
340,No,0,- How senses help you discover the world,- How senses help you discover the world,8,40
341,No,0,"- Last week, by 3pm on Friday, most of my team members had sent me their status reports for the week.","- Last week, by 3pm on Friday, most of my team members had sent me their status reports for the week.",21,101
342,No,0,- Must be able to work at least $NUM minutes a day,- Must be able to work at least 30 minutes a day,12,50
343,No,0,- Offer valid until the 31st of March,- Offer valid until the 31st of March,8,37
344,No,0,- Revel is now free to use.,- Revel is now free to use.,7,27
345,No,0,-Free Delicious Thanksgiving Recipes from Bisquick,-Free Delicious Thanksgiving Recipes from Bisquick,6,50
346,No,0,-Free HUGE Box of Product Samples from $NUM Year Giveaway,-Free HUGE Box of Product Samples from 1 Year Giveaway,10,57
347,No,0,-Good Morning America,-Good Morning America,3,21
348,No,0,$NUM DAYS TO SAVE!,2 DAYS TO SAVE!,4,18
349,No,0,"$NUM) On Thanksgiving, we want to take the opportunity to say thanks to you for being a LivingOrganized customer.","2) On Thanksgiving, we want to take the opportunity to say thanks to you for being a LivingOrganized customer.",19,113
350,No,0,$NUM minutes a day to set,30-45 minutes a day to set,6,25
351,No,0,$NUM. mailto:$EMAIL,5. mailto:support@mycabinet.me,2,19
352,No,0,$NUMEleven: Today Only! Free Small Slurpee,7-Eleven: Today Only! Free Small Slurpee,6,42
353,No,0,$NUMHour $$NUM or Less Sale! Hurry Offers End at Midnight Tomorrow!,99-Hour $99 or Less Sale! Hurry Offers End at Midnight Tomorrow!,11,67
354,No,0,@DupreeDiamond2 can't wait to hear the I couldn't use my phone AND the computer you LENT me $NUM weeks ago FOR ONE NIGHT stopped with the web,@DupreeDiamond2 can't wait to hear the I couldn't use my phone AND the computer you LENT me 2 weeks ago FOR ONE NIGHT stopped with the web,27,141
355,No,0,"A California native now based in San Antonio, Megan Rice Yager brings a fresh perspective to classic style.","A California native now based in San Antonio, Megan Rice Yager brings a fresh perspective to classic style.",18,107
356,No,0,A FREE lunch will be provided in the park after the game.,A FREE lunch will be provided in the park after the game.,12,57
357,No,0,A Father's Day gift he'll open every day.,A Father's Day gift he'll open every day.,8,41
358,No,0,A W4 calculates how much federal tax to withhold from your paycheck each pay period.,A W4 calculates how much federal tax to withhold from your paycheck each pay period.,15,84
359,No,0,A condition of all permitting issues is that the carbs are not supposed to be installed on the units (preconstruction) until approval has been given by the agency.,A condition of all permitting issues is that the carbs are not supposed to be installed on the units (preconstruction) until approval has been given by the agency.,28,163
360,No,0,A construction permit application for installation of an SVE remediation system for the North Crawar C/S was mailed to the TNRCC.,A construction permit application for installation of an SVE remediation system for the North Crawar C/S was mailed to the TNRCC.,21,129
361,No,0,A day trader might think you were talking about a weekly profit rather than annual.,A day trader might think you were talking about a weekly profit rather than annual.,15,83
362,No,0,"A few thoughts, see you tomorrow.","A few thoughts, see you tomorrow.",6,33
363,No,0,A few weeks ago I put together a list of key individuals for you to meet when you do come to Houston.,A few weeks ago I put together a list of key individuals for you to meet when you do come to Houston.,22,101
364,No,0,A follow-up on our discussion concerning the wisdom of IMF recommendations for Russia.,A follow-up on our discussion concerning the wisdom of IMF recommendations for Russia.,13,86
365,No,0,A huge thank you to our friends at Gap and the Ellen Degeneres Show for featuring Gyft this week.,A huge thank you to our friends at Gap and the Ellen Degeneres Show for featuring Gyft this week.,19,97
366,No,0,A lot of me into it.,A lot of me into it.,6,20
367,No,0,A meeting has been scheduled on $NUM/$NUM with the California Fish and Game to discuss the following issues: $NUM)presentaiton of the $NUM and $NUM annual reports which are required by the facility's $NUM permit.,A meeting has been scheduled on 3/16 with the California Fish and Game to discuss the following issues: 1)presentaiton of the 1999 and 2000 annual reports which are required by the facility's 2081 permit.,34,212
368,No,0,A plethora of picks sure to please your pooch.,A plethora of picks sure to please your pooch.,9,46
369,No,0,A presentation was given to the Transwestern Marketing Group in Houston over the PCB issues affecting sales of natural gas into western markets.,A presentation was given to the Transwestern Marketing Group in Houston over the PCB issues affecting sales of natural gas into western markets.,23,144
370,No,0,"A reminder: 900am Monday, my office.","A reminder: 900am Monday, my office.",6,36
371,No,0,"A slew of new power control, management, transmission and storage technologies are becoming available in the power marketplace to reduce congestion, enhance performance and improve reliability.","A slew of new power control, management, transmission and storage technologies are becoming available in the power marketplace to reduce congestion, enhance performance and improve reliability.",26,193
372,No,0,"A sound was played on iPod touch at $NUM:$NUM PM on March $NUM, $NUM.","A sound was played on iPod touch at 8:01 PM on March 8, 2013.",14,69
373,No,0,A spirited selection to please fledgling oenophiles and connoisseurs alike.,A spirited selection to please fledgling oenophiles and connoisseurs alike.,10,75
374,No,0,"A time for the sale hasn't been specified yet, but would probably coincide with convention registration and check-in.","A time for the sale hasn't been specified yet, but would probably coincide with convention registration and check-in.",18,117
375,No,0,AND WE CAN REMIND YOU ABOUT THEM,AND WE CAN REMIND YOU ABOUT THEM,7,32
376,No,0,"About its botanic constitution, instead, until the late 18th century the strangest theories continued to be produced.","About its botanic constitution, instead, until the late 18th century the strangest theories continued to be produced.",17,117
377,No,0,"According to David Scott at New Power, they did not make any adjustments to the bill.","According to David Scott at New Power, they did not make any adjustments to the bill.",16,85
378,No,0,"According to the TNRCC, they will allow this activity provided that the above is true and that we prove that emissions and horsepower will not increase.","According to the TNRCC, they will allow this activity provided that the above is true and that we prove that emissions and horsepower will not increase.",26,152
379,No,0,"According to the contract, when volumes are overdelivered, HPL buys the gas at GD-.$NUM.","According to the contract, when volumes are overdelivered, HPL buys the gas at GD-.10.",14,88
380,No,0,Act Now to show us you want to win!,Act Now to show us you want to win!,9,35
381,No,0,"Add butter, season with nutmeg and toss together.","Add butter, season with nutmeg and toss together.",8,49
382,No,0,"After all requests are received, we will review the request and make a determination on granting compression based on capacity available and the capacity requests.","After all requests are received, we will review the request and make a determination on granting compression based on capacity available and the capacity requests.",25,163
383,No,0,"After graduating form high school, I took a semester off for personal reasons, and during this time I began to read again; however, I had difficulty in finding books to read, which led me to looking for the best sellers list.","After graduating form high school, I took a semester off for personal reasons, and during this time I began to read again; however, I had difficulty in finding books to read, which led me to looking for the best sellers list.",41,225
384,No,0,"After making a few changes, AA should be forwarding to you a copy of the draft document later this afternoon.","After making a few changes, AA should be forwarding to you a copy of the draft document later this afternoon.",20,109
385,No,0,"After reveiwing the documents entitled, ""Baseline Environmental Investigation of Arco North Coles Levee Plant $NUM, Rogas Loading Facility and Associated Natural Gas Pipeline Systems Kern County, California"" and ""Report of Preliminary Asessment Sampling North Coles Levee Gas Plant Loading Rack Area Tupman, California"", it appears that the following areas should be investigated further to detemine horizontal and vertical extent of identified contamination from the above referenced reports:","After reveiwing the documents entitled, ""Baseline Environmental Investigation of Arco North Coles Levee Plant 8, Rogas Loading Facility and Associated Natural Gas Pipeline Systems Kern County, California"" and ""Report of Preliminary Asessment Sampling North Coles Levee Gas Plant Loading Rack Area Tupman, California"", it appears that the following areas should be investigated further to detemine horizontal and vertical extent of identified contamination from the above referenced reports:",67,493
386,No,0,"After reveiwing the documents entitled, Baseline Environmental Investigation of Arco North Coles Levee Plant $NUM, Rogas Loading Facility and Associated Natural Gas Pipeline Systems Kern County, California and Report of Preliminary Asessment Sampling North Coles Levee Gas Plant Loading Rack Area Tupman, California, it appears that the following areas should be investigated further to detemine horizontal and vertical extent of identified contamination from the above referenced reports:","After reveiwing the documents entitled, Baseline Environmental Investigation of Arco North Coles Levee Plant 8, Rogas Loading Facility and Associated Natural Gas Pipeline Systems Kern County, California and Report of Preliminary Asessment Sampling North Coles Levee Gas Plant Loading Rack Area Tupman, California, it appears that the following areas should be investigated further to detemine horizontal and vertical extent of identified contamination from the above referenced reports:",67,489
387,No,0,"Agree that humor is needed right now, though it's in short supply, so to speak....","Agree that humor is needed right now, though it's in short supply, so to speak....",15,82
388,No,0,Alan: This makes sense to me.,Alan: This makes sense to me.,6,29
389,No,0,Alert - ...A RIVER FLOOD WARNING HAS BEEN ISSUED FOR...THE MANATEE RIVER AT MYAKKA HEAD...LITTLE MANATEE RIVER AT WIMAUMA AND CYPRESS CREEK AT WORTHINGTON GARDENS... .HEAVY RAINFALL OVER THE PAST SEVERAL DAYS COMBINED WITH CONTINUED STORMS TODAY AND TOMORROW WILL ALLOW FOR SOME LOCAL RIVERS TO RISE TO FLOOD STAGE OVER THE NEXT COUPLE OF DAYS.,Alert - ...A RIVER FLOOD WARNING HAS BEEN ISSUED FOR...THE MANATEE RIVER AT MYAKKA HEAD...LITTLE MANATEE RIVER AT WIMAUMA AND CYPRESS CREEK AT WORTHINGTON GARDENS... .HEAVY RAINFALL OVER THE PAST SEVERAL DAYS COMBINED WITH CONTINUED STORMS TODAY AND TOMORROW WILL ALLOW FOR SOME LOCAL RIVERS TO RISE TO FLOOD STAGE OVER THE NEXT COUPLE OF DAYS.,56,344
390,No,0,"Alice, for the employee we discussed last week, here is information on payee.","Alice, for the employee we discussed last week, here is information on payee.",13,77
391,No,0,All business voice mail messages require a prompt response from our business unit.,All business voice mail messages require a prompt response from our business unit.,13,82
392,No,0,"All of these technologies will be added to an ever-growing traffic flow of email, messaging, searches, and business communications.","All of these technologies will be added to an ever-growing traffic flow of email, messaging, searches, and business communications.",19,131
393,No,0,"All this said, and budget haggling aside, I'm sure you're aware that it's my view that $NUM) you do fantastic work and $NUM) it's great to work with you.","All this said, and budget haggling aside, I'm sure you're aware that it's my view that 1) you do fantastic work and 2) it's great to work with you.",29,153
394,No,0,"Allyson says we can scratch around in the dirt a bit (I'm paraphrasing), so I'm sure some site preparation is ok.","Allyson says we can scratch around in the dirt a bit (I'm paraphrasing), so I'm sure some site preparation is ok.",21,113
395,No,0,"Along with our launch today, we wanted to let you know we've also updated our privacy policy.","Along with our launch today, we wanted to let you know we've also updated our privacy policy.",17,93
396,No,0,Already have an outstanding costume for a Halloween night?,Already have an outstanding costume for a Halloween night?,9,58
397,No,0,Also I have some reading for you tonight - The Skiliing Story is all over the Gas Market.,Also I have some reading for you tonight - The Skiliing Story is all over the Gas Market.,18,89
398,No,0,Also discussed was NSPS fuel gas monitoring for nitrogen and sulfur and other miscellaneous air issues.,Also discussed was NSPS fuel gas monitoring for nitrogen and sulfur and other miscellaneous air issues.,16,103
399,No,0,Also discussed was the permitting approach which will be followed for the approval to install micro pre combustion chambers on two White units which were found to be out of compliance with the air permit emissions limits when the New Mexico Air Quality Bureau conducted a surprise inspection at the facility.,Also discussed was the permitting approach which will be followed for the approval to install micro pre combustion chambers on two White units which were found to be out of compliance with the air permit emissions limits when the New Mexico Air Quality Bureau conducted a surprise inspection at the facility.,51,308
400,No,0,"Also for your information, we are working on $NUM acquisition deals that will be coming out soon, $NUM is to buy a mill and coul d be announced next week, which will also clarify and add to the story since we will have access to physical pulp and paper.","Also for your information, we are working on 2 acquisition deals that will be coming out soon, 1 is to buy a mill and coul d be announced next week, which will also clarify and add to the story since we will have access to physical pulp and paper.",49,253
401,No,0,Also how fast does this machine get to.,Also how fast does this machine get to.,8,39
402,No,0,"Also, I straightened up the deal with AT&T Long distance and they are going to correct the bill to $$NUM and starting with the next bill we are supposed to get $NUM minutes a month of free long distance so talk up.","Also, I straightened up the deal with AT&T Long distance and they are going to correct the bill to $33.23 and starting with the next bill we are supposed to get 120 minutes a month of free long distance so talk up.",42,214
403,No,0,"Also, I want to manage expectations a bit about the possibility of having Enron stream the conference.","Also, I want to manage expectations a bit about the possibility of having Enron stream the conference.",17,102
404,No,0,"Also, I've assumed that we won't send Dennis any of the data from EE&CC or ENA.","Also, I've assumed that we won't send Dennis any of the data from EE&CC or ENA.",16,79
405,No,0,"Also, Sunday is Astroworld day for Enron employees, but you probably won't get here early enough to do that either...","Also, Sunday is Astroworld day for Enron employees, but you probably won't get here early enough to do that either...",20,117
406,No,0,"Also, the changes in the structure of gas demand require development of different types of storage (more peaking storage).","Also, the changes in the structure of gas demand require development of different types of storage (more peaking storage).",19,122
407,No,0,"Although fuel use and a natural gas analysis was not available at the facility, all units tested appeared to be in compliance with the permit limits.","Although fuel use and a natural gas analysis was not available at the facility, all units tested appeared to be in compliance with the permit limits.",26,149
408,No,0,"Although she is looking to fill this position within the next two weeks, she mentioned that if this didn't work out for me that she would forward my resume to the HR Recruiter, Dianne White.","Although she is looking to fill this position within the next two weeks, she mentioned that if this didn't work out for me that she would forward my resume to the HR Recruiter, Dianne White.",35,190
409,No,0,"Am just back from Disneyworld (Tyler loved it, so you will have a great time in a few weeks) today, and I did get your message.","Am just back from Disneyworld (Tyler loved it, so you will have a great time in a few weeks) today, and I did get your message.",26,127
410,No,0,American Heart Association This e-mail is a receipt for your donation of $$NUM.,American Heart Association This e-mail is a receipt for your donation of $50.00.,13,79
411,No,0,Amsterdam $NUM $NUM,Amsterdam 1850-1940 1.1.0,3,19
412,No,0,An exchange that Commerce One is helping build for the big automakers is about to crank up.,An exchange that Commerce One is helping build for the big automakers is about to crank up.,17,91
413,No,0,"And Coming Soon to a Theater Near You: Son of GodFrom the producers of The Bible, watch for the Bible-series-turned-motion-picture event, Son of God, scheduled to hit theaters February $NUM, $NUM!","And Coming Soon to a Theater Near You: Son of GodFrom the producers of The Bible, watch for the Bible-series-turned-motion-picture event, Son of God, scheduled to hit theaters February 28, 2014!",31,196
414,No,0,And I think we've worked closely enough together over the last year for you to have a basis for reviewing me.,And I think we've worked closely enough together over the last year for you to have a basis for reviewing me.,21,109
415,No,0,And I think you know that we are fully ready to help in any way we can in the weeks and months ahead.,And I think you know that we are fully ready to help in any way we can in the weeks and months ahead.,23,101
416,No,0,And I want to show you it all.,And I want to show you it all.,8,30
417,No,0,"And I would do it on a $NUM day lag like this, today is the 9th, give him the balance for the 7th.","And I would do it on a 2 day lag like this, today is the 9th, give him the balance for the 7th.",23,98
418,No,0,And change the order of some items by pressing and holding the $NUM gray lines next to the item you want to move - and dragging the item up/down,And change the order of some items by pressing and holding the 3 gray lines next to the item you want to move - and dragging the item up/down,29,144
419,No,0,"And if those challenges become problems for the company, the company could become a problem for the entire B2B sector, as investors realize all over again how hard it will be to make B2B work.","And if those challenges become problems for the company, the company could become a problem for the entire B2B sector, as investors realize all over again how hard it will be to make B2B work.",35,192
420,No,0,"And in case you want to listen to some music on your own for a while, just click on the Switch and go to My Stream to enjoy your very own Personal Radio experience.","And in case you want to listen to some music on your own for a while, just click on the Switch and go to My Stream to enjoy your very own Personal Radio experience.",34,164
421,No,0,And it took me a while to find the right mentor when I first started online.,And it took me a while to find the right mentor when I first started online.,16,76
422,No,0,And my apologies for not having included you on the email distribution list sooner.,And my apologies for not having included you on the email distribution list sooner.,14,83
423,No,0,And only you can decide when your hip pain is getting in the way of how you want to live.,And only you can decide when your hip pain is getting in the way of how you want to live.,20,89
424,No,0,And should I see if Scott and/or Donald want to attend?,And should I see if Scott and/or Donald want to attend?,11,55
425,No,0,"And to help shake off the winter blues, we're offering a huge $NUM% off all photobooks until $NUM June.","And to help shake off the winter blues, we're offering a huge 20% off all photobooks until 30 June.",19,103
426,No,0,And we need some more details (in addition to what Jim did) if possible.,And we need some more details (in addition to what Jim did) if possible.,14,72
427,No,0,"And with that, we'd like to share with you our plans for the next $NUM days.","And with that, we'd like to share with you our plans for the next 75 days.",16,76
428,No,0,"And yes, all by email (save for, say, the preliminary chat).","And yes, all by email (save for, say, the preliminary chat).",11,60
429,No,0,"And your delivery of the information was very well done -- you were poised, organized, prepared and confident.","And your delivery of the information was very well done -- you were poised, organized, prepared and confident.",18,110
430,No,0,Another purpose for the trip is to spend some time with Fernley and his business controllers to get their ideas on specific goals that as a group we would commit to for $NUM.,Another purpose for the trip is to spend some time with Fernley and his business controllers to get their ideas on specific goals that as a group we would commit to for 2000.,33,174
431,No,0,"Another sytem is to deep fry the truffles in the oil, obtaining a sauce you can save in the refrigerator for about a month.","Another sytem is to deep fry the truffles in the oil, obtaining a sauce you can save in the refrigerator for about a month.",24,123
432,No,0,Any first class upgrades available?,Any first class upgrades available?,5,35
433,No,0,Any other follow-info from last Tuesday'Wednesday's meeting that I should be aware of?,Any other follow-info from last Tuesday'Wednesday's meeting that I should be aware of?,13,86
434,No,0,Any other use of the email by you is prohibited.,Any other use of the email by you is prohibited.,10,48
435,No,0,"Anyway, I dont want to send up a red flag to the state of Colorado.","Anyway, I dont want to send up a red flag to the state of Colorado.",15,67
436,No,0,"Anyway, I hope you'll still comment on the presentation, and I'm glad that you've agreed to do part of it on Thursday.","Anyway, I hope you'll still comment on the presentation, and I'm glad that you've agreed to do part of it on Thursday.",22,118
437,No,0,Apparently two are opening this year in NJ:,Apparently two are opening this year in NJ:,8,43
438,No,0,"Apple celebrates App Store birthday on $NUM July, $NUM+ apps in $NUM year","Apple celebrates App Store birthday on 11 July, 56,000+ apps in 1 year",13,73
439,No,0,Approximately $NUM% of your IT budget is managing boxes ( fixed assets) that has no competitive value.,Approximately 25% of your IT budget is managing boxes ( fixed assets) that has no competitive value.,17,102
440,No,0,April $NUM $NUM: Fertile Day $NUM - Est due date $NUM/$NUM/$NUM $NUM: Fertile Day $NUM - Est due date $NUM/$NUM/$NUM $NUM: Fertile Day $NUM - Est due date $NUM/$NUM/$NUM $NUM: Fertile Day $NUM - most likely to ovulate $NUM: Fertile Day $NUM - Est due date $NUM/$NUM/$NUM $NUM: Period Day $NUM $NUM: Period Day $NUM $NUM: Period Day $NUM $NUM: Period Day $NUM $NUM: Period Day $NUM $NUM: Period Day $NUM $NUM: Period Day $NUM,April 2011 02: Fertile Day 1 - Est due date 12/18/11 03: Fertile Day 2 - Est due date 12/18/11 04: Fertile Day 3 - Est due date 12/18/11 05: Fertile Day 4 - most likely to ovulate 06: Fertile Day 5 - Est due date 12/18/11 18: Period Day 1 19: Period Day 2 20: Period Day 3 21: Period Day 4 22: Period Day 5 23: Period Day 6 24: Period Day 7,75,424
441,No,0,April $NUM $NUM/day delivered to Mobil Beaumont at IF HSC - .$NUM.,"April 5-19 15,000/day delivered to Mobil Beaumont at IF HSC - .055.",12,66
442,No,0,"April fools, BenWiggin!","April fools, BenWiggin!",3,23
443,No,0,Are more available?,Are more available?,3,19
444,No,0,Are there alternative liquid markets available that might have better pricing?,Are there alternative liquid markets available that might have better pricing?,11,78
445,No,0,Are there any issues from your point of view?,Are there any issues from your point of view?,9,45
446,No,0,"Are we still holding Wednesday, June $NUM, for the ETS Associate and Analyst Mid-Year $NUM PRC?","Are we still holding Wednesday, June 27, for the ETS Associate and Analyst Mid-Year 2001 PRC?",16,95
447,No,0,"Ariba has hailed the acquisition as one that gives it best-of-breed auction capability, which it would integrate into its own suite of software products.","Ariba has hailed the acquisition as one that gives it best-of-breed auction capability, which it would integrate into its own suite of software products.",24,153
448,No,0,"As I also mentioned, the first weekend in April is when the Roundtop Antiques Festival is.","As I also mentioned, the first weekend in April is when the Roundtop Antiques Festival is.",16,90
449,No,0,"As Martin and I had mentioned, Matt is taking the SAT's for the first time on Sat., Jan 26th.","As Martin and I had mentioned, Matt is taking the SAT's for the first time on Sat., Jan 26th.",19,93
450,No,0,"As a follow-up to our conversation in London when you said I should bring to your attention any concerns I might have with financial trading issues, the following has recently come up as an issue here in Houston (and does so from time to time).","As a follow-up to our conversation in London when you said I should bring to your attention any concerns I might have with financial trading issues, the following has recently come up as an issue here in Houston (and does so from time to time).",45,244
451,No,0,"As a result, most companies that file a bankruptcy petition, but which inetend to remain in business, seek the specific authority of the bankruptcy court to make payments on the priority wage claims immediately so that employees will experience little or no disruption in their wage/salary payments while they continue working.","As a result, most companies that file a bankruptcy petition, but which inetend to remain in business, seek the specific authority of the bankruptcy court to make payments on the priority wage claims immediately so that employees will experience little or no disruption in their wage/salary payments while they continue working.",51,327
452,No,0,"As a thank you, for any pictures we use, we would like to pay for your company to have $NUM minutes of live one on one training and support with one of our product experts to help you get even more from Schedule it.","As a thank you, for any pictures we use, we would like to pay for your company to have 30 minutes of live one on one training and support with one of our product experts to help you get even more from Schedule it.",44,215
453,No,0,"As always, thank you for your continued support, and please don't hesitate to reach out with any comments or questions!","As always, thank you for your continued support, and please don't hesitate to reach out with any comments or questions!",20,119
454,No,0,"As far as the weekend, lets just play it by ear.","As far as the weekend, lets just play it by ear.",11,48
455,No,0,"As for meeting with Herman, should J Keenan be included as well?","As for meeting with Herman, should J Keenan be included as well?",12,64
456,No,0,"As long as the New York review isn't the week of January 15th, then I think I will still target that week for a London trip.","As long as the New York review isn't the week of January 15th, then I think I will still target that week for a London trip.",26,124
457,No,0,"As the baby gets older, we also have an entertainer - now takes the place of what we used to call walkers.","As the baby gets older, we also have an entertainer - now takes the place of what we used to call walkers.",22,106
458,No,0,As we discussed i t may be combined with a Jay and Allan announcement but never the less it wil l go out friday evening.,As we discussed i t may be combined with a Jay and Allan announcement but never the less it wil l go out friday evening.,25,120
459,No,0,"As we discussed this morning, I have reviewed the subject agreement that you faxed to me.","As we discussed this morning, I have reviewed the subject agreement that you faxed to me.",16,89
460,No,0,"As we discussed yesterday, Laird and I spoke and we think that the presentation is good to go for Thursday.","As we discussed yesterday, Laird and I spoke and we think that the presentation is good to go for Thursday.",20,107
461,No,0,"As we discussed, I think it would be a good idea to offer several sessions to Enron global wholesale and ENW, to maximize efficiency.","As we discussed, I think it would be a good idea to offer several sessions to Enron global wholesale and ENW, to maximize efficiency.",24,133
462,No,0,"As we discussed, attached is a confidential draft of the Corporate Services Agreement between Garden State Paper Company LLC and ENA.","As we discussed, attached is a confidential draft of the Corporate Services Agreement between Garden State Paper Company LLC and ENA.",21,133
463,No,0,"As we discussed, attached is my Cheat Sheet which I use to guide me when approving non-US counterparties that come in through EnronOnline via Houston Credit.","As we discussed, attached is my Cheat Sheet which I use to guide me when approving non-US counterparties that come in through EnronOnline via Houston Credit.",26,157
464,No,0,"As we discussed, this is the most recent version of the proposed fix to the Direct Access prohibition included in AB1X that the coalition of customer groups have been working on.","As we discussed, this is the most recent version of the proposed fix to the Direct Access prohibition included in AB1X that the coalition of customer groups have been working on.",31,178
465,No,0,"As we discussed, we are comfortable with EES' participation in the ISO's load curtailment RFP.","As we discussed, we are comfortable with EES' participation in the ISO's load curtailment RFP.",15,94
466,No,0,As we discussed...,As we discussed...,3,18
467,No,0,"As we have discussed before, the more relevant statistics are the job group numbers and not the gross statistics.","As we have discussed before, the more relevant statistics are the job group numbers and not the gross statistics.",19,113
468,No,0,"As we have suggested throughout the crisis, any solution to California cris is must focus on four issues: Increase supply Decrease demand Establish a truly competitive retail electricity market Return California=$NUMs Investor-owned utilities to solvency Increase supply--Legislative vehicle: SB28X (Sher) To site and construct a power plant in Texas takes approximately $NUM years.","As we have suggested throughout the crisis, any solution to California cris is must focus on four issues: Increase supply Decrease demand Establish a truly competitive retail electricity market Return California=01,s Investor-owned utilities to solvency Increase supply--Legislative vehicle: SB28X (Sher) To site and construct a power plant in Texas takes approximately 2 years.",53,382
469,No,0,"As well, from a corporate development point of view which parts of the value chain ie) IPP, E&P, utility, assets, etc are undervalued given current commodity curves and expectations.","As well, from a corporate development point of view which parts of the value chain ie) IPP, E&P, utility, assets, etc are undervalued given current commodity curves and expectations.",29,182
470,No,0,"As you have correctly pointed out, the model validation issues cannot be handled internally by Research.","As you have correctly pointed out, the model validation issues cannot be handled internally by Research.",16,104
471,No,0,"As you know, we have an extensive task force report on workplace violence that would be relevant to this inquiry and could provide the basis for an analysis of this issue, although other areas would have to be explored.","As you know, we have an extensive task force report on workplace violence that would be relevant to this inquiry and could provide the basis for an analysis of this issue, although other areas would have to be explored.",39,219
472,No,0,"As you might know, most of EnergyUSA was given pink slips effective over the next $NUM months.","As you might know, most of EnergyUSA was given pink slips effective over the next 3-6 months.",17,94
473,No,0,"Assemblyman Joseph Simitian, D-Palo Alto, said he gave a courtesy vote to the Hertzberg-Keeley plan in the Appropriations Committee, in order to get the measure to the Assembly floor and continue debate.","Assemblyman Joseph Simitian, D-Palo Alto, said he gave a courtesy vote to the Hertzberg-Keeley plan in the Appropriations Committee, in order to get the measure to the Assembly floor and continue debate.",32,203
474,No,0,"At the meetings, I think it would be helpful to go through the following discussions/agenda: a) review the Brazilian and Argentine gas and power markets - flows, grid, participants (bids and offers), assets, pool structures, regulatory and political environment, currency and credit challenges, supply and demand & historical prices and volumes; b) review ESA's current regulated/un-regulated assets and generation strategy; c) review ESA current book positions, market views, products and product development; and d) brief review of other S. American markets.","At the meetings, I think it would be helpful to go through the following discussions/agenda: a) review the Brazilian and Argentine gas and power markets - flows, grid, participants (bids and offers), assets, pool structures, regulatory and political environment, currency and credit challenges, supply and demand & historical prices and volumes; b) review ESA's current regulated/un-regulated assets and generation strategy; c) review ESA current book positions, market views, products and product development; and d) brief review of other S. American markets.",81,560
475,No,0,At this point have have emailed Mr. Heffner a few times.,At this point have have emailed Mr. Heffner a few times.,11,56
476,No,0,"At this point, we are working on a best, worst and most likely case for a revenue model, plus getting some teeth behind our up front costs.","At this point, we are working on a best, worst and most likely case for a revenue model, plus getting some teeth behind our up front costs.",27,139
477,No,0,Atos Origin would be able to set up a custom-built service delivery mechanism to extend your own software capabilities: right from maintenance and support of legacy applications to development of new web applications.,Atos Origin would be able to set up a custom-built service delivery mechanism to extend your own software capabilities: right from maintenance and support of legacy applications to development of new web applications.,33,217
478,No,0,"Atos Origin, a leading global information technology services provider, helps clients turn their vision into results through the effective use of E-business solutions and IT.","Atos Origin, a leading global information technology services provider, helps clients turn their vision into results through the effective use of E-business solutions and IT.",25,174
479,No,0,"Attached is a clean version and a redlined version of the above-referenced document which incorporates the changes that we discussed with the exception of the end of Section $NUM, Section $NUM and Section $NUM.","Attached is a clean version and a redlined version of the above-referenced document which incorporates the changes that we discussed with the exception of the end of Section 4.2, Section 4.5 and Section 4.6.",34,210
480,No,0,Attached is a forwards detail by risk of the deals in question.,Attached is a forwards detail by risk of the deals in question.,12,63
481,No,0,Attached is a memo that Rick plans to send out - I hope that attaching this makes it easy for you to take care of this.,Attached is a memo that Rick plans to send out - I hope that attaching this makes it easy for you to take care of this.,26,119
482,No,0,Attached is the latest version of the Transaction Agreement which incorporates the changes that were discussed yesterday.,Attached is the latest version of the Transaction Agreement which incorporates the changes that were discussed yesterday.,17,121
483,No,0,"AudioBox lets you mix media files, create playlists and stream through your single virtual cloud, seamlessly.","AudioBox lets you mix media files, create playlists and stream through your single virtual cloud, seamlessly.",16,109
484,No,0,August $NUM How to Add a New Version to Your Post,August 2013 How to Add a New Version to Your Post,11,49
485,No,0,"August $NUM, $NUM, Night: $LINK","August 22, 2012, Night: $LINK",5,31
486,No,0,"August $NUM, $NUM, Late Night: $LINK","August 23, 2012, Late Night: $LINK",6,36
487,No,0,"Automatically receive an extra $NUM% off* all red tag clearance items in-store or online through this Monday, September 2nd, $NUM!","Automatically receive an extra 40% off* all red tag clearance items in-store or online through this Monday, September 2nd, 2013!",20,130
488,No,0,"Autumn - White Mountains, New Hampshire $LINK","Autumn - White Mountains, New Hampshire $LINK",7,45
489,No,0,Autumn Nights,Autumn Nights,2,13
490,No,0,Avicii - Wake Me Up: $LINK,Avicii - Wake Me Up: $LINK,6,26
491,No,0,Backs doing ok right now.,Backs doing ok right now.,5,25
492,No,0,Based on our discussions this morning:,Based on our discussions this morning:,6,38
493,No,0,"Based on your note, I faxed my Direct Deposit change to Renee Kelso a week or so ago and wanted to check with her to see that she'd received it and that it was in process, but I can't find her name in email.","Based on your note, I faxed my Direct Deposit change to Renee Kelso a week or so ago and wanted to check with her to see that she'd received it and that it was in process, but I can't find her name in email.",44,207
494,No,0,"Because the utility has been forced to buy from the PX, and because the market structure in California gives customers no incentive to switch, the utility continues to control the overwhelming majority of the load in California.","Because the utility has been forced to buy from the PX, and because the market structure in California gives customers no incentive to switch, the utility continues to control the overwhelming majority of the load in California.",37,228
495,No,0,"Before I go into the depths of my answer, i would like to clarify few points about my answer.","Before I go into the depths of my answer, i would like to clarify few points about my answer.",19,93
496,No,0,"Before I launch on the effort, just wanted to check in and see if this rings a bell with you.","Before I launch on the effort, just wanted to check in and see if this rings a bell with you.",20,93
497,No,0,"Before we can activate your subscription and send you anything, inlcuding a password to our downloads, you have to confirm your subscription using the link below.","Before we can activate your subscription and send you anything, inlcuding a password to our downloads, you have to confirm your subscription using the link below.",26,162
498,No,0,"Before we go forward and do this type of testing, it is useful to ascertain the purpose/goal of the tests.","Before we go forward and do this type of testing, it is useful to ascertain the purpose/goal of the tests.",20,106
499,No,0,Ben Jacoby is having an offsite Friday at the Hyatt for the East Development group to discuss $NUM.,Ben Jacoby is having an offsite Friday at the Hyatt for the East Development group to discuss 2001.,18,99
500,No,0,"Ben, there should be a standard form for this -- check with Candace.","Ben, there should be a standard form for this -- check with Candace.",13,68
501,No,0,"Besides Grants, there are other financial aid options that can help you get back in school: loans, scholarships, work study programs, etc.","Besides Grants, there are other financial aid options that can help you get back in school: loans, scholarships, work study programs, etc.",22,138
502,No,0,"Beth is in fact in Monterrey, Mexico today and tomorrow, completing a review of that office.","Beth is in fact in Monterrey, Mexico today and tomorrow, completing a review of that office.",16,92
503,No,0,Bill Kettlewell Client Service Representative Electric Reliability Council of Texas E-mail: $EMAIL,Bill Kettlewell Client Service Representative Electric Reliability Council of Texas E-mail: BKettlewell@ercot.com,12,98
504,No,0,Bio: I'm kinky as hell and want to fuck you harder than you've ever been fucked before.,Bio: I'm kinky as hell and want to fuck you harder than you've ever been fucked before.,17,87
505,No,0,"Blake Jamieson, our Director of Social Media, is an award-winning social media expert and would like to help you get started with Glyder.","Blake Jamieson, our Director of Social Media, is an award-winning social media expert and would like to help you get started with Glyder.",23,137
506,No,0,Blanca can help make the arrangements.,Blanca can help make the arrangements.,6,38
507,No,0,Bob did tell me to email stuff about school to you.,Bob did tell me to email stuff about school to you.,11,51
508,No,0,"Bob, there also are legal issues to address, so I appreciate your keeping me in the loop as this evolves.","Bob, there also are legal issues to address, so I appreciate your keeping me in the loop as this evolves.",20,105
509,No,0,"Bob: as of right now, the following are leaving","Bob: as of right now, the following are leaving",9,47
510,No,0,Brett wiggs tells me that he faxed me signature pages last week.,Brett wiggs tells me that he faxed me signature pages last week.,12,64
511,No,0,Bridgeline -- prepared assignment letter agreements to assign Enron personnel to Bridgeline.,Bridgeline -- prepared assignment letter agreements to assign Enron personnel to Bridgeline.,12,92
512,No,0,Bruce: I think your suggestion makes sense.,Bruce: I think your suggestion makes sense.,7,43
513,No,0,"Bryan, it doesn't line up very well but this shows that we received $NUM dth at St $NUM and delivered $NUM to PSNC.","Bryan, it doesn't line up very well but this shows that we received 150 dth at St 85 and delivered 145 to PSNC.",23,115
514,No,0,"Burton wants the state to buy and operate PG&E's and Edison's transmission system and create a state power authority that would get in the business of (among other things) developing, financing, constructing and operating power plants and natural gas pipelines.","Burton wants the state to buy and operate PG&E's and Edison's transmission system and create a state power authority that would get in the business of (among other things) developing, financing, constructing and operating power plants and natural gas pipelines.",40,261
515,No,0,Business as usual here forward.,Business as usual here forward.,5,31
516,No,0,But I think there's enough of a structure so that we can easily finalize by tomorrow.,But I think there's enough of a structure so that we can easily finalize by tomorrow.,16,85
517,No,0,"But Turner, who sources said was reluctant to make a quarterback change at this point and retains confidence in Johnson, acknowledged the team needs new focus more than a new starter.","But Turner, who sources said was reluctant to make a quarterback change at this point and retains confidence in Johnson, acknowledged the team needs new focus more than a new starter.",31,183
518,No,0,"But as the survey makes clear, for something so dead, these sectors are showing all kinds of life.","But as the survey makes clear, for something so dead, these sectors are showing all kinds of life.",18,98
519,No,0,"But competitors, most notably Oracle (ORCL:Nasdaq), pooh-poohed the deal, saying that stringing together complex technologies through acquisitions is easier said than done.","But competitors, most notably Oracle (ORCL:Nasdaq), pooh-poohed the deal, saying that stringing together complex technologies through acquisitions is easier said than done.",22,172
520,No,0,"But eventually we have to address issues beyond grieving, helping, and bringing the lunatics to justice.","But eventually we have to address issues beyond grieving, helping, and bringing the lunatics to justice.",16,104
521,No,0,"But in a possible indication that investors may have just been reaching for any B2B stock, Ventro finished up $$NUM, or $NUM%, at $$NUM on no news.","But in a possible indication that investors may have just been reaching for any B2B stock, Ventro finished up $2.69, or 21%, at $15.50 on no news.",27,147
522,No,0,But it was nice to get back to Houston yesterday.,But it was nice to get back to Houston yesterday.,10,49
523,No,0,But she did make the dances for the next two try-outs: a kick rountine and a pom routine.,But she did make the dances for the next two try-outs: a kick rountine and a pom routine.,18,89
524,No,0,"But while the (otherwise perishable) thoughts are still fresh in my mind from the hearings on Monday and Tuesday, I wanted to throw out some observations for discussion in the days/weeks ahead.","But while the (otherwise perishable) thoughts are still fresh in my mind from the hearings on Monday and Tuesday, I wanted to throw out some observations for discussion in the days/weeks ahead.",32,193
525,No,0,"But, the list of things to fix and do keeps getting longer and longer.","But, the list of things to fix and do keeps getting longer and longer.",14,70
526,No,0,"By now, you've probably signed up on all of them and you're ready to signup for some more...","By now, you've probably signed up on all of them and you're ready to signup for some more...",18,92
527,No,0,"By the way, I was talking to my friend and colleague Rose, and she tells me that the company has hired a car to take Rose, another person and me home on Thursday after the big party.","By the way, I was talking to my friend and colleague Rose, and she tells me that the company has hired a car to take Rose, another person and me home on Thursday after the big party.",37,182
528,No,0,"By the way, Redmond will take responsibility for the Pan Nat arbitration as per our discussion.","By the way, Redmond will take responsibility for the Pan Nat arbitration as per our discussion.",16,95
529,No,0,"By voice mail, I suggested Ted Murphy as a substitute for Rick Buy for the meeting.","By voice mail, I suggested Ted Murphy as a substitute for Rick Buy for the meeting.",16,83
530,No,0,CNG also reserves the right to reject contingent bids and bids from any party that does not qualify for service in accordance with all applicable provisions of CNG's FERC Gas Tariff.,CNG also reserves the right to reject contingent bids and bids from any party that does not qualify for service in accordance with all applicable provisions of CNG's FERC Gas Tariff.,31,182
531,No,0,CR [aka conference room] 5C1.,CR [aka conference room] 5C1.,5,29
532,No,0,"California should therefore begin now to gradually phase the utility out of the procurement $NUM function entirely, with the goal having all customers served by a non-utili ty provider within $NUM months.","California should therefore begin now to gradually phase the utility out of the procurement 20 function entirely, with the goal having all customers served by a non-utili ty provider within 36 months.",32,204
533,No,0,Call being scheduled for Wednesday it appears.,Call being scheduled for Wednesday it appears.,7,46
534,No,0,"Can I catch a cab and get to the Woodlands by $NUM? Otherwise, I'll come out the night before.","Can I catch a cab and get to the Woodlands by 1? Otherwise, I'll come out the night before.",19,94
535,No,0,Can get that number.,Can get that number.,4,20
536,No,0,"Carlos joined us, too.","Carlos joined us, too.",4,22
537,No,0,Celebrate Independence Day with us and Save up to $NUM%!,Celebrate Independence Day with us and Save up to 50%!,10,56
538,No,0,"Cesar is at Tractebel ........ Him and Jason Armenta together ,,,,,,, what a combo!","Cesar is at Tractebel ........ Him and Jason Armenta together ,,,,,,, what a combo!",14,83
539,No,0,Check out my videos on youtube if you want to know what's going on - with a beat,Check out my videos on youtube if you want to know what's going on - with a beat,18,80
540,No,0,"Chris, did we get the DASH completed and approved on Pasotria and LV Cogen?","Chris, did we get the DASH completed and approved on Pasotria and LV Cogen?",14,75
541,No,0,"Chris, the numbers are getting pretty large - we are trying to find a reasonable cut-off before this turns into an All-Employee meeting at the Hyatt.","Chris, the numbers are getting pretty large - we are trying to find a reasonable cut-off before this turns into an All-Employee meeting at the Hyatt.",26,149
542,No,0,Christmas is the time of sharing and we would like to take our part in that.,Christmas is the time of sharing and we would like to take our part in that.,16,76
543,No,0,Cindy Olson called to thank me and Sarah Davis did meet with me to discuss the memo.,Cindy Olson called to thank me and Sarah Davis did meet with me to discuss the memo.,17,84
544,No,0,Class on Thursday.,Class on Thursday.,3,18
545,No,0,"Clearly, the biggest mistake California made was The press and decision makers should spend more time talking to folks who signed fixed price deals with companies like Enron.","Clearly, the biggest mistake California made was The press and decision makers should spend more time talking to folks who signed fixed price deals with companies like Enron.",28,174
546,No,0,Click here if you want to stop future ads from this sponsor.,Click here if you want to stop future ads from this sponsor.,12,60
547,No,0,Coding NOW is the perfect time to start.,Coding NOW is the perfect time to start.,8,40
548,No,0,Cole is doing his best to either run Jake off or make him tough.,Cole is doing his best to either run Jake off or make him tough.,14,64
549,No,0,Confirmation Number: $NUM0D887D6436 Email Address: $EMAIL,Confirmation Number: 9136-0D887D6436 Email Address: mark.e.haedicke@enron.com,6,57
550,No,0,"Confirmed speakers to date: Jeff Skilling (Tuesday, October $NUM - available $NUM:$NUM am to $NUM:$NUM pm)","Confirmed speakers to date: Jeff Skilling (Tuesday, October 24 - available 9:30 am to 1:00 pm)",16,106
551,No,0,"Consequently, the quotes that we provide customers change daily to reflect changing market prices.","Consequently, the quotes that we provide customers change daily to reflect changing market prices.",14,98
552,No,0,"Consistent with my discussions with Reagan, I have revised the body of the interim agreement.","Consistent with my discussions with Reagan, I have revised the body of the interim agreement.",15,93
553,No,0,"Copyright and any other intellectual property rights in its contents are the sole property of Tradespark, Inc. E-mail transmission cannot be guaranteed to be secure or error-free.","Copyright and any other intellectual property rights in its contents are the sole property of Tradespark, Inc. E-mail transmission cannot be guaranteed to be secure or error-free.",27,179
554,No,0,"Couldn't locate the files you sent in August (uemail now deletes automatically, which may be the problem).","Couldn't locate the files you sent in August (uemail now deletes automatically, which may be the problem).",17,106
555,No,0,"Credit will put them on tonight's list, meanwhile, we need to open them up to trade all financial immediately.","Credit will put them on tonight's list, meanwhile, we need to open them up to trade all financial immediately.",19,110
556,No,0,Currently there are no bids ( Scott and I will get with Dick this afternoon).,Currently there are no bids ( Scott and I will get with Dick this afternoon).,15,77
557,No,0,"Currently, HPL has advised Calpine of an upcoming event of force majeure which will require a cessation of deliveries of gas to the facility which certain regulatory mandated tests are being performed on the A-S pipeline.","Currently, HPL has advised Calpine of an upcoming event of force majeure which will require a cessation of deliveries of gas to the facility which certain regulatory mandated tests are being performed on the A-S pipeline.",36,221
558,No,0,"Currently, I'm preparing a letter of intent for Enron/CRRA for the purchase/sale of the cells, have a development agreement prepared by outside counsel to review, and need to come up with a draft purchase agreement for FCE to review.","Currently, I'm preparing a letter of intent for Enron/CRRA for the purchase/sale of the cells, have a development agreement prepared by outside counsel to review, and need to come up with a draft purchase agreement for FCE to review.",39,233
559,No,0,"Customers could try to ""bypass"" the utility, but until Dec. '$NUM (PUC final policy decision) and AB $NUM, it was against the law to have direct access, so you may be misinterpreting the yellow book just a bit.","Customers could try to ""bypass"" the utility, but until Dec. '95 (PUC final policy decision) and AB 1890, it was against the law to have direct access, so you may be misinterpreting the yellow book just a bit.",38,210
560,No,0,"Customers could try to bypass the utility, but until Dec. '$NUM (PUC final policy decision) and AB $NUM, it was against the law to have direct access, so you may be misinterpreting the yellow book just a bit.","Customers could try to bypass the utility, but until Dec. '95 (PUC final policy decision) and AB 1890, it was against the law to have direct access, so you may be misinterpreting the yellow book just a bit.",38,208
561,No,0,"DOE is interested, says Tino, because of the redundant, dedicated facilities and enhanced reliability, and because Dennis and Tino pitched DOE on all the $$$$ DOE will make from the surplus power sales.","DOE is interested, says Tino, because of the redundant, dedicated facilities and enhanced reliability, and because Dennis and Tino pitched DOE on all the $$$$ DOE will make from the surplus power sales.",33,202
562,No,0,"Dad doesn't know I called today, so I can call him tomorrow when we are on the way, talk to Mom and let her know when we will be there.","Dad doesn't know I called today, so I can call him tomorrow when we are on the way, talk to Mom and let her know when we will be there.",30,135
563,No,0,Dal Coger Tsunami Partners Executive Search & Selection Ph # $NUM Ph # $NUM Cell $NUM Fax $NUM wireless email $EMAIL,Dal Coger Tsunami Partners Executive Search & Selection Ph # 781-395-2981 Ph # 781-874-0527 Cell 781-718-8397 Fax 781-395-2719 wireless email 7817188397@msg.myvzw.com,21,116
564,No,0,"Daniel, Laura Luce would like to send the latest Enovate DPR to the chairman of People's Corp.","Daniel, Laura Luce would like to send the latest Enovate DPR to the chairman of People's Corp.",17,94
565,No,0,"Date: Wednesday, July $NUM, $NUM","Date: Wednesday, July 31, 2013",5,32
566,No,0,Dave was going to inform the OCD that their office has given approval of the plan and that this might expidite Bill's review process.,Dave was going to inform the OCD that their office has given approval of the plan and that this might expidite Bill's review process.,24,133
567,No,0,"Dave, I am going to send Shawn your way - he has extensive development, asset and project finance experience.","Dave, I am going to send Shawn your way - he has extensive development, asset and project finance experience.",19,109
568,No,0,"David Allen and his team created audio programs to help you excel in these two areas, and they are the most popular audio CDs in our on line store.","David Allen and his team created audio programs to help you excel in these two areas, and they are the most popular audio CDs in our on line store.",29,147
569,No,0,"Dawn, right now I am scheduled to be up in Calgary on the 16th of August - lets shoot for that date.","Dawn, right now I am scheduled to be up in Calgary on the 16th of August - lets shoot for that date.",22,100
570,No,0,"Day Tables As Of Monday, January $NUM, $NUM","Day Tables As Of Monday, January 14, 2013",8,43
571,No,0,"Day or night sails on Matagorda Bay $NUM or the Gulf of Mexico are also available, with Captain Nick at the helm.","Day or night sails on Matagorda Bay 20 or the Gulf of Mexico are also available, with Captain Nick at the helm.",22,113
572,No,0,"Dear John: You're opening my flood gates, and I'm going to refrain from getting entirely upset.","Dear John: You're opening my flood gates, and I'm going to refrain from getting entirely upset.",16,95
573,No,0,"Dear Kenneth, I have sent this morning a Fed Ex package to your office to arrive tomarrow Friday morning containing our school video.","Dear Kenneth, I have sent this morning a Fed Ex package to your office to arrive tomarrow Friday morning containing our school video.",23,133
574,No,0,"Delainey: have him spend his time meeting, calling, talking with wholesale and retail customers.","Delainey: have him spend his time meeting, calling, talking with wholesale and retail customers.",14,96
575,No,0,Do you want to go?,Do you want to go?,5,18
576,No,0,Does she have any interest in meeting one-on-one or is she just looking for a public hanging?,Does she have any interest in meeting one-on-one or is she just looking for a public hanging?,17,93
577,No,0,Doesn't look too good right now.,Doesn't look too good right now.,6,32
578,No,0,Don't feel like you have to get the thing all fixed up by Friday if it not's a cake walk.,Don't feel like you have to get the thing all fixed up by Friday if it not's a cake walk.,20,89
579,No,0,Don't know what more I could possibly do to make Kris feel better; guess we will leave it at that.,Don't know what more I could possibly do to make Kris feel better; guess we will leave it at that.,20,98
580,No,0,"Don't let their name fool you -- sure, they may know a thing or two about tractors -- but a Tractor Supply Company is far from their only specialty.","Don't let their name fool you -- sure, they may know a thing or two about tractors -- but a Tractor Supply Company is far from their only specialty.",29,148
581,No,0,"Don't worry, we can help.","Don't worry, we can help.",5,25
582,No,0,Don’t blame us if this collection of top-trending videos makes you wanna twerk or crush candy.,Don’t blame us if this collection of top-trending videos makes you wanna twerk or crush candy.,16,94
583,No,0,"Dress for the forum is casual, so feel free to do the same.","Dress for the forum is casual, so feel free to do the same.",13,59
584,No,0,Drinking and guns go together like ham and eggs.,Drinking and guns go together like ham and eggs.,9,48
585,No,0,"Dropbox lets you bring all your photos, docs and videos with you anywhere and share them easily.","Dropbox lets you bring all your photos, docs and videos with you anywhere and share them easily.",17,96
586,No,0,Due to a severe storm which hit central Texas last evening CYNET is experiencing a temporary service interruption of the assigned telephone numbers of it's Inbound Fax-$NUMEmail Service.,Due to a severe storm which hit central Texas last evening CYNET is experiencing a temporary service interruption of the assigned telephone numbers of it's Inbound Fax-2-Email Service.,28,186
587,No,0,Due to the rough terrain and topography of the land south of Station $NUM into Phoenix makes this project extremely hard to give an approximate dollar amount for the environmental baseline surveys and permits to be completed as the entire proposed right of way ($NUM miles) from station $NUM into Phoenix will need to be walked and surveyed by several people.,Due to the rough terrain and topography of the land south of Station 2 into Phoenix makes this project extremely hard to give an approximate dollar amount for the environmental baseline surveys and permits to be completed as the entire proposed right of way (140 miles) from station 2 into Phoenix will need to be walked and surveyed by several people.,61,359
588,No,0,"Duke Energy acquired Market Hub Partners Storage (MHP) from subsidiaries of NiSource, INC.","Duke Energy acquired Market Hub Partners Storage (MHP) from subsidiaries of NiSource, INC.",13,90
589,No,0,Dupree Diamond @DupreeDiamond2 @ben_wiggin went down there everyone told me u took off $NUM:$NUM AM - $NUM Jun $NUM,Dupree Diamond @DupreeDiamond2 @ben_wiggin went down there everyone told me u took off 01:38 AM - 27 Jun 14,19,115
590,No,0,"During the first two days, there was a large influx of traffic to Todo Pro, and unfortunately, the service wasn't able to handle everything all at once.","During the first two days, there was a large influx of traffic to Todo Pro, and unfortunately, the service wasn't able to handle everything all at once.",27,152
591,No,0,Dying to hear about Montana and your possible new life as a day student.,Dying to hear about Montana and your possible new life as a day student.,14,72
592,No,0,Dynamics Jobs - United States - $NUM days ago,Dynamics Jobs - United States - 17 days ago,9,45
593,No,0,"E-mail from Nov. $NUM, $NUM I was thinking of you today and I remembered a long conversation we had at the office one morning when we both arrived before everyone else.","E-mail from Nov. 8, 2000 I was thinking of you today and I remembered a long conversation we had at the office one morning when we both arrived before everyone else.",31,168
594,No,0,"E-mail transmission cannot be guaranteed to be secure or error-free as information could be intercepted, corrupted, lost, destroyed, arrive late or incomplete, or contain viruses.","E-mail transmission cannot be guaranteed to be secure or error-free as information could be intercepted, corrupted, lost, destroyed, arrive late or incomplete, or contain viruses.",25,179
595,No,0,E:mail messages says to check website to determine whether or not DSL is available at my home.,E:mail messages says to check website to determine whether or not DSL is available at my home.,17,94
596,No,0,EFS Energy or write: $EMAIL,EFS Energy or write: storage@enerfax.com,5,27
597,No,0,"ENA signed a short-term deal ($NUM -week term, I believe) with DWR that goes through the end of the month, at which time we have the option to extend the deal to a five-year term.","ENA signed a short-term deal (5 -week term, I believe) with DWR that goes through the end of the month, at which time we have the option to extend the deal to a five-year term.",35,179
598,No,0,EOL. Keith has a great idea of opening up all products to the desk so that you may insert a bid or an offer inside of the manager's markets.,EOL. Keith has a great idea of opening up all products to the desk so that you may insert a bid or an offer inside of the manager's markets.,29,140
599,No,0,ETI Update National PR campaign to push Enron policy agenda/commercial opportunties California Strategy Trip to Portland Analyst/Associate for SF GA? Gas Update Sempra Commercial update (Calger),ETI Update National PR campaign to push Enron policy agenda/commercial opportunties California Strategy Trip to Portland Analyst/Associate for SF GA? Gas Update Sempra Commercial update (Calger),26,194
600,No,0,"Ed, We have removed the specific examples of Force Majeure as not being needed because the revised $NUM defines force majeure as an event not anticipated as of the date hereof, which is not within the reasonable control of the party and which by the exercise of due diligence such party is unable to overcome or obtain a commercially reasonable substitute performance thereof, all without listing specific types of events which might be considered.","Ed, We have removed the specific examples of Force Majeure as not being needed because the revised 11.2 defines force majeure as an event not anticipated as of the date hereof, which is not within the reasonable control of the party and which by the exercise of due diligence such party is unable to overcome or obtain a commercially reasonable substitute performance thereof, all without listing specific types of events which might be considered.",74,448
601,No,0,"Ehrenberg simply gets placed at ""market prices"" because of varying objectives.","Ehrenberg simply gets placed at ""market prices"" because of varying objectives.",11,78
602,No,0,Ehrenberg simply gets placed at market prices because of varying objectives.,Ehrenberg simply gets placed at market prices because of varying objectives.,11,76
603,No,0,Electricity is the first big U.S. industry formerly under the tight control of states to be opened up to international operators and their free market rules.,Electricity is the first big U.S. industry formerly under the tight control of states to be opened up to international operators and their free market rules.,26,157
604,No,0,"Energy drinks mixed with alcohol make you want to drink more, a new study says.","Energy drinks mixed with alcohol make you want to drink more, a new study says.",15,79
605,No,0,Enjoy drinking your wine (had the syrah recently) and very much look forward to meeting you.,Enjoy drinking your wine (had the syrah recently) and very much look forward to meeting you.,16,92
606,No,0,Enron has proposed several options for resolving the credit risk issues and $NUM is working with DWR to arrive at a solution that is mutually agreeable to $NUM both sides and that might serve as a template for power purchase agreements $NUM going forward.,Enron has proposed several options for resolving the credit risk issues and 20 is working with DWR to arrive at a solution that is mutually agreeable to 20 both sides and that might serve as a template for power purchase agreements 20 going forward.,44,255
607,No,0,Enron is free.,Enron is free.,3,14
608,No,0,Enron is in active discussions with DWR to establish contract terms with th e goal of entering into a power purchase agreement as soon as possible.,Enron is in active discussions with DWR to establish contract terms with th e goal of entering into a power purchase agreement as soon as possible.,26,147
609,No,0,"Enron was the $NUM pound gorilla that angered friends of competition almost as much as foes, thus making them less willing to step forward.","Enron was the 600 pound gorilla that angered friends of competition almost as much as foes, thus making them less willing to step forward.",24,139
610,No,0,"Enron will have a table of $NUM at the Trustee Opening Gala Dinner on May 16th, with cocktails at 7pm and a seated dinner at $NUM:30pm.","Enron will have a table of 10 at the Trustee Opening Gala Dinner on May 16th, with cocktails at 7pm and a seated dinner at 8:30pm.",26,135
611,No,0,Episode #$NUM with Robert Levine and episode #$NUM with Sean Platt and David Wright are now live!,Episode #2 with Robert Levine and episode #3 with Sean Platt and David Wright are now live!,17,97
612,No,0,Episode #$NUM with Jacqueline Garlick and episode #$NUM with Johnny B. Truant are now live!,Episode #7 with Jacqueline Garlick and episode #8 with Johnny B. Truant are now live!,15,91
613,No,0,Establish a truly competitive retail electricity market=$NUM*Legislative vehi cle: SB27X The only customers who were protected from price volatility in San Diego we re customers who chose Direct Access and signed fixed price deals with energy $NUM service providers.,Establish a truly competitive retail electricity market=01*Legislative vehi cle: SB27X The only customers who were protected from price volatility in San Diego we re customers who chose Direct Access and signed fixed price deals with energy 20 service providers.,39,266
614,No,0,"Estimated tax deadline: For self-employed workers and other individuals who need to make quarterly estimated tax payments to the IRS, April $NUM also is the deadline for making the first installment for $NUM.","Estimated tax deadline: For self-employed workers and other individuals who need to make quarterly estimated tax payments to the IRS, April 16 also is the deadline for making the first installment for 2001.",33,208
615,No,0,Even though you are not living here you and your family are loved and cared for and thought about by me often!I didn't mean to get mushy but was just thinking of you and wanted you to know.,Even though you are not living here you and your family are loved and cared for and thought about by me often!I didn't mean to get mushy but was just thinking of you and wanted you to know.,38,189
616,No,0,Even though you may not believe it.,Even though you may not believe it.,7,35
617,No,0,Every 3rd Night FREE Travel Aug $NUM - Dec $NUM!,Every 3rd Night FREE Travel Aug 24 - Dec 22!,10,48
618,No,0,Everyone is getting ready for the school year.,Everyone is getting ready for the school year.,8,46
619,No,0,Everyone seems to need people right now.,Everyone seems to need people right now.,7,40
620,No,0,"Executive Committee Weekly Meeting Date: Monday, April 23rd Time: $NUM:$NUM a.m.","Executive Committee Weekly Meeting Date: Monday, April 23rd Time: 11:00 a.m.",11,80
621,No,0,"Executive Committee Weekly Meeting Date: Monday, January $NUM Time: $NUM:$NUM a.m.","Executive Committee Weekly Meeting Date: Monday, January 29 Time: 11:00 a.m.",11,82
622,No,0,FINAL DAY TO SAVE!,FINAL DAY TO SAVE!,4,18
623,No,0,FINAL DAY TO TAKE $NUM% OFF + FREE SHIPPING!,FINAL DAY TO TAKE 20% OFF + FREE SHIPPING!,9,44
624,No,0,FINAL WEEKEND TO BOGO + $NUM% OFF + FREE SHIPPING!,FINAL WEEKEND TO BOGO + 15% OFF + FREE SHIPPING!,10,50
625,No,0,"FRANCISCO GROS President of the National Bank for Economic and Social Development (BNDES), Brazil BRAZIL'S PRIVATIZATION AGENDA Thursday, June $NUM, $NUM Registration and continental breakfast: $NUM:$NUM - $NUM:$NUM a.m.","FRANCISCO GROS President of the National Bank for Economic and Social Development (BNDES), Brazil BRAZIL'S PRIVATIZATION AGENDA Thursday, June 14, 2001 Registration and continental breakfast: 8:00 - 8:15 a.m.",29,220
626,No,0,FTR contract; used to receive and deliver gas at LRC and St $NUM. .$NUM,FTR contract; used to receive and deliver gas at LRC and St 65. .2999,14,71
627,No,0,FYI before I delete this email.,FYI before I delete this email.,6,31
628,No,0,"FYI, I meant to send you a ""thank you"" note in response to the note with Friday call-in info, but it went to Steve instead.","FYI, I meant to send you a ""thank you"" note in response to the note with Friday call-in info, but it went to Steve instead.",25,123
629,No,0,"FYI, I meant to send you a thank you note in response to the note with Friday call-in info, but it went to Steve instead.","FYI, I meant to send you a thank you note in response to the note with Friday call-in info, but it went to Steve instead.",25,121
630,No,0,"FYI, When I last discussed the other company with Ozzie and Heather on Friday, they were planning on calling the other company to tell them the general status without violating confidentiality obligations to FCE or CRRA.","FYI, When I last discussed the other company with Ozzie and Heather on Friday, they were planning on calling the other company to tell them the general status without violating confidentiality obligations to FCE or CRRA.",36,220
631,No,0,"FYI. She's forwarding around the Valley, and I'll follow up to make sure that she's having Chambers sign and send.","FYI. She's forwarding around the Valley, and I'll follow up to make sure that she's having Chambers sign and send.",20,114
632,No,0,Facebook helps you communicate and stay in touch with all of your friends.,Facebook helps you communicate and stay in touch with all of your friends.,13,74
633,No,0,"Failure to meet the Heat Rate Guarantee shall prevent Acceptance, unless Purchaser explicitly waives this guarantee in writing.","Failure to meet the Heat Rate Guarantee shall prevent Acceptance, unless Purchaser explicitly waives this guarantee in writing.",18,127
634,No,0,Fawcett and Harris ought to make that call.,Fawcett and Harris ought to make that call.,8,43
635,No,0,Fed ref now available.,Fed ref now available.,4,22
636,No,0,Feel free to reply to this email if you have any questions.,Feel free to reply to this email if you have any questions.,12,59
637,No,0,"Final Days to Buy Early, Save Big with the Christmas in July Sale","Final Days to Buy Early, Save Big with the Christmas in July Sale",13,65
638,No,0,"Finally, I should have a draft of my ""Tech Section"" ready by tomorrow sometime.","Finally, I should have a draft of my ""Tech Section"" ready by tomorrow sometime.",14,79
639,No,0,"Finally, I should have a draft of my Tech Section ready by tomorrow sometime.","Finally, I should have a draft of my Tech Section ready by tomorrow sometime.",14,77
640,No,0,"Finally, I'm trying to get a transcript of the FERC hearing.","Finally, I'm trying to get a transcript of the FERC hearing.",11,60
641,No,0,"Finally, if you have any questions, have any difficulties or feature requests, please email us at $EMAIL","Finally, if you have any questions, have any difficulties or feature requests, please email us at help@addappt.com",17,104
642,No,0,"Finally, there have been general comments from Treasury and Fed Bank officials to guarantee stock exchange payments, and the assumption is that the same guarantees would apply to the NY commodity exchanges (but this asumption has not been validated or addressed directly in public comments).","Finally, there have been general comments from Treasury and Fed Bank officials to guarantee stock exchange payments, and the assumption is that the same guarantees would apply to the NY commodity exchanges (but this asumption has not been validated or addressed directly in public comments).",45,291
643,No,0,"Fine, but that makes the existing rate the recourse rate for all purposes.","Fine, but that makes the existing rate the recourse rate for all purposes.",13,74
644,No,0,"Follow this link, $LINK if you do not want to receive more e-mails from your friends.","Follow this link, $LINK if you do not want to receive more e-mails from your friends.",16,85
645,No,0,"For August forward, I believe we should just bill you for the actual metered production volumes since the imbalance will be in Clinton's pool.","For August forward, I believe we should just bill you for the actual metered production volumes since the imbalance will be in Clinton's pool.",24,142
646,No,0,"For example, all ""XYZ Company"" purchases will be displayed together (see sample below).","For example, all ""XYZ Company"" purchases will be displayed together (see sample below).",13,87
647,No,0,"For example, all XYZ Company purchases will be displayed together (see sample below).","For example, all XYZ Company purchases will be displayed together (see sample below).",13,85
648,No,0,"For the luncheon during the week of April $NUM, I am available on April $NUM, $NUM, $NUM or 19th.","For the luncheon during the week of April 16, I am available on April 16, 17, 18 or 19th.",19,97
649,No,0,"For the resource management and coaching part of the program, lets wait until we see where we end up on any possible changes to the program first.","For the resource management and coaching part of the program, lets wait until we see where we end up on any possible changes to the program first.",27,146
650,No,0,"For what it's worth, I've read this, and if Laura Tyson or Larry Summers sign it, I have serious concerns about the effect it would have on their ability to play the role that we envision in moving our proposal forward (understanding that our odds of success are somewhat meager).","For what it's worth, I've read this, and if Laura Tyson or Larry Summers sign it, I have serious concerns about the effect it would have on their ability to play the role that we envision in moving our proposal forward (understanding that our odds of success are somewhat meager).",50,280
651,No,0,"Forgive me, but what time did we pick to talk today?","Forgive me, but what time did we pick to talk today?",11,52
652,No,0,Forgive the tardiness.,Forgive the tardiness.,3,22
653,No,0,GISB is a freestanding entitity and his representation does not equate to representation of Enron so he could claim that his only client interest to worry about is GISB itself.,GISB is a freestanding entitity and his representation does not equate to representation of Enron so he could claim that his only client interest to worry about is GISB itself.,30,176
654,No,0,Gaming Thursday Highlights with Dodger and Adam $LINK,Gaming Thursday Highlights with Dodger and Adam $LINK,8,53
655,No,0,Garden State Paper -- provided employment law advice on closing and transition issues.,Garden State Paper -- provided employment law advice on closing and transition issues.,13,86
656,No,0,Garth D.. Camp $EMAIL,Garth D.. Camp garthcamp@hotmail.com,4,21
657,No,0,Geek Week Coming August $NUM,Geek Week Coming August 4-10,5,28
658,No,0,"Generally, most employees are part of ENA and provide services to all the wholesale businesses.","Generally, most employees are part of ENA and provide services to all the wholesale businesses.",15,95
659,No,0,"Glad they are here; believe that as they learn the organization and their job that they will be able to make significant contributions; doing the right thing to learn the business, but that contributions to date are not significant enough to warrant payment of a bonus...","Glad they are here; believe that as they learn the organization and their job that they will be able to make significant contributions; doing the right thing to learn the business, but that contributions to date are not significant enough to warrant payment of a bonus...",46,271
660,No,0,Glad to hear that we are getting there.,Glad to hear that we are getting there.,8,39
661,No,0,Glad you did get a dog; the Houston Girons just didn't seem right without one.,Glad you did get a dog; the Houston Girons just didn't seem right without one.,15,78
662,No,0,Goals help you keep on track and are important for life.,Goals help you keep on track and are important for life.,11,56
663,No,0,Good Morning America,Good Morning America,3,20
664,No,0,"Good afternoon, I'm really hoping this ad has not found anyone for this job because I'd love to be an intern for this company.","Good afternoon, I'm really hoping this ad has not found anyone for this job because I'd love to be an intern for this company.",24,126
665,No,0,Good idea on Kim and Martha--pls line them up for the next meeting after tomorrow (call Martha Benner to schedule) DF,Good idea on Kim and Martha--pls line them up for the next meeting after tomorrow (call Martha Benner to schedule) DF,21,117
666,No,0,"Goodbye from our Newsletter, sorry to see you go.","Goodbye from our Newsletter, sorry to see you go.",9,49
667,No,0,Got messages in to Schroeder re: Nordpool--expect to hear back from him today at some point and I can drop that info into the document soon as I get it.,Got messages in to Schroeder re: Nordpool--expect to hear back from him today at some point and I can drop that info into the document soon as I get it.,30,152
668,No,0,Got your voicemail.,Got your voicemail.,3,19
669,No,0,Gotta get my suit out!,Gotta get my suit out!,5,22
670,No,0,Great - we will look forward to seeing you on the 13th and 14th.,Great - we will look forward to seeing you on the 13th and 14th.,14,64
671,No,0,Great--am forwarding to Dave for his thoughts.,Great--am forwarding to Dave for his thoughts.,7,46
672,No,0,Greetings Justin and Laura: As we discussed there is a significant coalition of folks working at the Legislature to try to remove the prohibition on Direct Access included in Hertzberg's AB1X and recently signed by the Governor.,Greetings Justin and Laura: As we discussed there is a significant coalition of folks working at the Legislature to try to remove the prohibition on Direct Access included in Hertzberg's AB1X and recently signed by the Governor.,37,228
673,No,0,Greetings: Left you a voicemail.,Greetings: Left you a voicemail.,5,32
674,No,0,"Guys, Swank has confirmed with me that he is committed to join the mid-market group in east power and make a difference.","Guys, Swank has confirmed with me that he is committed to join the mid-market group in east power and make a difference.",22,120
675,No,0,"Guys, it will be very difficult to get money out of the power group - is the expectation that I come up with the dollars - just curious.","Guys, it will be very difficult to get money out of the power group - is the expectation that I come up with the dollars - just curious.",28,136
676,No,0,"Gwyn is coming over to join us for dinner tonight, and Kay is dropping by tomorrow -- she offered to watch Cameron if I needed to do stuff.","Gwyn is coming over to join us for dinner tonight, and Kay is dropping by tomorrow -- she offered to watch Cameron if I needed to do stuff.",28,139
677,No,0,Hadn't talked with you in a while and thought that I would send a quick note to say hello.,Hadn't talked with you in a while and thought that I would send a quick note to say hello.,19,90
678,No,0,Happy Monday,Happy Monday,2,12
679,No,0,Harry: Per my voicemail.,Harry: Per my voicemail.,4,24
680,No,0,"Haven't been able to get in, though.","Haven't been able to get in, though.",7,36
681,No,0,He agrees to be available and cooperative with Enron and its counsel regarding litigation matters.,He agrees to be available and cooperative with Enron and its counsel regarding litigation matters.,15,98
682,No,0,He also let me know that they are looking at another power plant project in the SW Power Pool and want to discuss with us.,He also let me know that they are looking at another power plant project in the SW Power Pool and want to discuss with us.,25,122
683,No,0,"He brought it to Calpine's attention immediately upon being contacted by ENA. $NUM. Christina argued, as she did in the answer and counterclaim, that the non-compete agreement was fatally overbroad, as Miller never had any duties involving the majority of the activities from which the non-compete purports to bar him.","He brought it to Calpine's attention immediately upon being contacted by ENA. 3. Christina argued, as she did in the answer and counterclaim, that the non-compete agreement was fatally overbroad, as Miller never had any duties involving the majority of the activities from which the non-compete purports to bar him.",50,318
684,No,0,"He can score from the wing, but he'll end up playing more inside because of his defensive limitations as a small forward.","He can score from the wing, but he'll end up playing more inside because of his defensive limitations as a small forward.",22,121
685,No,0,"He gives them another rebounding wing and a scorer to complement Rashard Lewis, if he re-signs.","He gives them another rebounding wing and a scorer to complement Rashard Lewis, if he re-signs.",16,95
686,No,0,"He got to climb all over the fire engines and even get into the driver's seat and ""drive.""","He got to climb all over the fire engines and even get into the driver's seat and ""drive.""",18,90
687,No,0,"He has a question that I am forwarding to you, since I don't know the answer.","He has a question that I am forwarding to you, since I don't know the answer.",16,77
688,No,0,He is going to wait it out another month to see if a new position comes available.,He is going to wait it out another month to see if a new position comes available.,17,82
689,No,0,He needs to be able to leave work at a very reasonable hour each day in order to relieve a caregiver who is with his wife while he works.,He needs to be able to leave work at a very reasonable hour each day in order to relieve a caregiver who is with his wife while he works.,29,137
690,No,0,"He said every department at the utility had spent weeks pulling together information for the creditor list, to be submitted to Bankruptcy Judge Dennis Montali by mid-May.","He said every department at the utility had spent weeks pulling together information for the creditor list, to be submitted to Bankruptcy Judge Dennis Montali by mid-May.",27,170
691,No,0,He will send you the data.,He will send you the data.,6,26
692,No,0,He works with John Thompson and Scott Josey in the upstream capital markets group (producer finance).,He works with John Thompson and Scott Josey in the upstream capital markets group (producer finance).,16,101
693,No,0,"He's in DC today at the RTO workshops, but I believe he'll be here tomorrow.","He's in DC today at the RTO workshops, but I believe he'll be here tomorrow.",15,76
694,No,0,Here are several other great plans you might also want to try this week:,Here are several other great plans you might also want to try this week:,14,72
695,No,0,Here are the two addresses to add to the bid week spreadsheet distribution.,Here are the two addresses to add to the bid week spreadsheet distribution.,13,75
696,No,0,Here is how to get a hold of me next week.,Here is how to get a hold of me next week.,11,42
697,No,0,Here is the report I prepared on the methods and types of grpahs for this work request.,Here is the report I prepared on the methods and types of grpahs for this work request.,17,87
698,No,0,Here is what we have concluded based on discussions this morning:,Here is what we have concluded based on discussions this morning:,11,65
699,No,0,Here's a note I'd like to share with you:,Here's a note I'd like to share with you:,9,41
700,No,0,Here's what's trending on Twitter this week.,Here's what's trending on Twitter this week.,7,44
701,No,0,"Here, at last, is the email response to the OT questions.","Here, at last, is the email response to the OT questions.",11,57
702,No,0,"Hertzberg acknowledged that some Assembly members were afraid the bill was getting rushed, but he said lawmakers are well-informed about the energy crisis and its details.","Hertzberg acknowledged that some Assembly members were afraid the bill was getting rushed, but he said lawmakers are well-informed about the energy crisis and its details.",26,171
703,No,0,Hey - I just checked my E MAils for the day.,Hey - I just checked my E MAils for the day.,11,44
704,No,0,"Hey Jeff, we are meeting tomorrow because Molly is out today.","Hey Jeff, we are meeting tomorrow because Molly is out today.",11,61
705,No,0,"Hi Cam, If you’re not ready to share everything you’re doing on Pinterest with the rest of the world, you might want to check out secret boards.","Hi Cam, If you’re not ready to share everything you’re doing on Pinterest with the rest of the world, you might want to check out secret boards.",27,144
706,No,0,Hi Margaret: I'll get you my comments first thing Monday morning.,Hi Margaret: I'll get you my comments first thing Monday morning.,11,65
707,No,0,Hi here's this weeks Top $NUM Tips...,Hi here's this weeks Top 5 Tips...,7,37
708,No,0,"Hmmm, sounds like the pressure's getting to Mike a bit.","Hmmm, sounds like the pressure's getting to Mike a bit.",10,55
709,No,0,Holiday Monday money $NUM:$NUM PM - $NUM Sep $NUM,Holiday Monday money 01:22 PM - 02 Sep 13,9,49
710,No,0,Holla at me wen u ready,Holla at me wen u ready,6,23
711,No,0,Hopefully she will make both.,Hopefully she will make both.,5,29
712,No,0,Hot Right Now: Save up to $NUM% Off!,Hot Right Now: Save up to 40% Off!,8,36
713,No,0,Hotel Stays of $NUM+ Nights,Hotel Stays of 3+ Nights,5,27
714,No,0,"Houston, Texas $NUM Phone +$NUM Fax +$NUM Email $EMAIL","Houston, Texas 77079 Phone +1-281-366-4507 Fax +1-281-366-5090 Email zaiontj@bp.com",9,54
715,No,0,How Many Hours Do You Spend on the Internet?,How Many Hours Do You Spend on the Internet?,9,44
716,No,0,"How the things going for you, I am sure right now it must be a bit tense In lieu of everything that is taking place with Enron.","How the things going for you, I am sure right now it must be a bit tense In lieu of everything that is taking place with Enron.",27,127
717,No,0,How would YOU splurge with a,How would YOU splurge with a,6,28
718,No,0,"However, I also told him about my two dark-side fears: ($NUM) that IT resources reporting to Networks would make it even more difficult to get the attention on projects that we need, and ($NUM) taken to the extreme, that this concept would disinsent operations personnel from coming up with creative solutions to managing the growth of the business if all good ideas are swept away to this special team for them to handle.","However, I also told him about my two dark-side fears: (1) that IT resources reporting to Networks would make it even more difficult to get the attention on projects that we need, and (2) taken to the extreme, that this concept would disinsent operations personnel from coming up with creative solutions to managing the growth of the business if all good ideas are swept away to this special team for them to handle.",73,422
719,No,0,"However, I have forwarded her resume to Settlements and Volume Management.","However, I have forwarded her resume to Settlements and Volume Management.",11,74
720,No,0,"However, checking the attachment on your second e:mail message, I can not bring up the attachment.","However, checking the attachment on your second e:mail message, I can not bring up the attachment.",16,98
721,No,0,"However, given my immediate project, I don't think that I could have called until now.","However, given my immediate project, I don't think that I could have called until now.",15,86
722,No,0,"However, given the recent warmth of the past few winters and the forecsts, this is probably an unrealistic goal.","However, given the recent warmth of the past few winters and the forecsts, this is probably an unrealistic goal.",19,112
723,No,0,"However, they did deliver gas to us at Cotton Valley.","However, they did deliver gas to us at Cotton Valley.",10,53
724,No,0,"However, until the site visits are completed, this should give you a good idea of the status of the EOTT pipeline tanks stand with respect to ai r compliance. $NUM. Tank compliance database, general.","However, until the site visits are completed, this should give you a good idea of the status of the EOTT pipeline tanks stand with respect to ai r compliance. 1. Tank compliance database, general.",34,199
725,No,0,"However, we continue to encourage qualified candidates to view the listing of professional posts available at $LINK and apply for the positions they feel are best suited to their experience and qualifications.","However, we continue to encourage qualified candidates to view the listing of professional posts available at www.un.org/Depts/OHRM and apply for the positions they feel are best suited to their experience and qualifications.",32,209
726,No,0,I also don't receive statements in the mail for the account.,I also don't receive statements in the mail for the account.,11,60
727,No,0,I also learned that he meetings with ONS and ANEEL are scheduled for tomorrow.,I also learned that he meetings with ONS and ANEEL are scheduled for tomorrow.,14,78
728,No,0,I also received one voice mail from the Can Fibre guy and I have not heard from him either.,I also received one voice mail from the Can Fibre guy and I have not heard from him either.,19,91
729,No,0,I am available for questions at xt. $NUM.,I am available for questions at xt. 37560.,8,41
730,No,0,I am glad that you and Kristin are getting together.,I am glad that you and Kristin are getting together.,10,52
731,No,0,I am going to Chicago tomorrow on business.,I am going to Chicago tomorrow on business.,8,43
732,No,0,"I am going to try to make it up for pig, or I should say the drinking done during PIG,,,,, I know Vogel and Besch are going too!","I am going to try to make it up for pig, or I should say the drinking done during PIG,,,,, I know Vogel and Besch are going too!",28,128
733,No,0,I am happy to ride together.,I am happy to ride together.,6,28
734,No,0,I am hearing that it may be premature to do an ISDA energy conference in Tokyo because almost all the products being discussed so far are physical.,I am hearing that it may be premature to do an ISDA energy conference in Tokyo because almost all the products being discussed so far are physical.,27,147
735,No,0,I am in Chicago today and tomorrow.,I am in Chicago today and tomorrow.,7,35
736,No,0,"I am in the London office this week, so e:mail is probably the best way to get in touch with me.","I am in the London office this week, so e:mail is probably the best way to get in touch with me.",21,96
737,No,0,I am looking forward to it.,I am looking forward to it.,6,27
738,No,0,"I am not a market maker in SWA vouchers, so you have my word that I will not sell them back.","I am not a market maker in SWA vouchers, so you have my word that I will not sell them back.",21,92
739,No,0,I am not especially surprised that you and Kristin did not get a copy of this report.,I am not especially surprised that you and Kristin did not get a copy of this report.,17,85
740,No,0,I am not sure it makes sense to follow this procedure for every deal that is dashed.,I am not sure it makes sense to follow this procedure for every deal that is dashed.,17,84
741,No,0,"I am not worried about the timing on that, so don't start this until you feel that it makes sense for you and your family.","I am not worried about the timing on that, so don't start this until you feel that it makes sense for you and your family.",25,122
742,No,0,I am offering property in the Emerald Triangle,I am offering property in the Emerald Triangle,8,46
743,No,0,I am ok with V&E representing the underwriter with the usual carve-outs..,I am ok with V&E representing the underwriter with the usual carve-outs..,12,73
744,No,0,I am really not looking forward to my vacation.,I am really not looking forward to my vacation.,9,47
745,No,0,"I am scheduled to be out on vacation next week, but I will check e:mail messages from home and will get back with you via e:mail next week to let you know final results.","I am scheduled to be out on vacation next week, but I will check e:mail messages from home and will get back with you via e:mail next week to let you know final results.",34,169
746,No,0,I am sending a second e-mail that goes with this one.,I am sending a second e-mail that goes with this one.,11,53
747,No,0,I am still at the office hoping to get away before dinner so that I can head home and pack.,I am still at the office hoping to get away before dinner so that I can head home and pack.,20,91
748,No,0,I am still really crunched tomorrow morning.,I am still really crunched tomorrow morning.,7,44
749,No,0,I am still trying to eliminate some pages to make it more a more manageable size.,I am still trying to eliminate some pages to make it more a more manageable size.,16,81
750,No,0,"I am trying to activate this HSC-Hehub product but keep getting an error that says ""product is not tradeable"".","I am trying to activate this HSC-Hehub product but keep getting an error that says ""product is not tradeable"".",19,110
751,No,0,I am very thrilled about this opportunity because not only do I want to gain professional experience in the field of marketing but I would also like to do work that is centered around what I love and that's books.,I am very thrilled about this opportunity because not only do I want to gain professional experience in the field of marketing but I would also like to do work that is centered around what I love and that's books.,40,213
752,No,0,I an never quite sure that I get messages that anyone calls!,I an never quite sure that I get messages that anyone calls!,12,60
753,No,0,I and the team reviewed the results with Sally Beck in early November and proposed methods to address the results of the consultants' surveys.,I and the team reviewed the results with Sally Beck in early November and proposed methods to address the results of the consultants' surveys.,24,142
754,No,0,I assume he'll be sending it out tomorrow.,I assume he'll be sending it out tomorrow.,8,42
755,No,0,I assume this will be covered in Canada's budget.,I assume this will be covered in Canada's budget.,9,49
756,No,0,"I assumed that Marty or Dan had spoken to you as we discussed this initial change; however, I take full responsibility.","I assumed that Marty or Dan had spoken to you as we discussed this initial change; however, I take full responsibility.",21,119
757,No,0,I believe God gave me this POWERFUL $NUM PROPHETIC PROMISE especially for you – for this season in your life!,I believe God gave me this POWERFUL 2014 PROPHETIC PROMISE especially for you – for this season in your life!,20,109
758,No,0,"I believe that Cline has different counsel now, and I will find out about this asap.","I believe that Cline has different counsel now, and I will find out about this asap.",16,84
759,No,0,I believe that these are the remaining SDG&E exhibits you were looking for (in addition to what I e-mailed you yesterday).,I believe that these are the remaining SDG&E exhibits you were looking for (in addition to what I e-mailed you yesterday).,21,122
760,No,0,I called home last night and told Amanda about our discussion on a day in Paris.,I called home last night and told Amanda about our discussion on a day in Paris.,16,80
761,No,0,I can have it sent via intercompany mail.,I can have it sent via intercompany mail.,8,41
762,No,0,I can make other days work as well.,I can make other days work as well.,8,35
763,No,0,I can provide you concrete data regarding the benefits that our customers have got by working with our Software Factory.,I can provide you concrete data regarding the benefits that our customers have got by working with our Software Factory.,20,120
764,No,0,I can send you a note then if there are any other comments that I have.,I can send you a note then if there are any other comments that I have.,16,71
765,No,0,I can't get over how much he has grown since I saw him.,I can't get over how much he has grown since I saw him.,13,55
766,No,0,I can't make it during lunch.,I can't make it during lunch.,6,29
767,No,0,I can't make it for dinner - but we might be able to come for drinks afterwards.,I can't make it for dinner - but we might be able to come for drinks afterwards.,17,80
768,No,0,I checked the CGLF and CGAS capacity against Navigator.,I checked the CGLF and CGAS capacity against Navigator.,9,55
769,No,0,I definately would not discuss this with Petrobras.,I definately would not discuss this with Petrobras.,8,51
770,No,0,I did get your message and resume.,I did get your message and resume.,7,34
771,No,0,I did not discuss the Equitrans gas with CES.,I did not discuss the Equitrans gas with CES.,9,45
772,No,0,I did not get his e-mail.,I did not get his e-mail.,6,25
773,No,0,I didn't get back from the meeting with Causey and Buy until just before $NUM:$NUM today - not that the meeting was long - Rick Causey was just running late so we cooled our heels outside his office for quite a while before getting started.,I didn't get back from the meeting with Causey and Buy until just before 6:00 today - not that the meeting was long - Rick Causey was just running late so we cooled our heels outside his office for quite a while before getting started.,45,240
774,No,0,"I didn't get home until $NUM and brian was on the phone untill $NUM, so I figured you were asleep by then.","I didn't get home until 10 and brian was on the phone untill 11, so I figured you were asleep by then.",22,106
775,No,0,I didn't get to sleep until 3am.,I didn't get to sleep until 3am.,7,32
776,No,0,I didn't have a check off list of the ones that I made copies of and submitted but I do know for sure that I turned in Co.$NUM.,I didn't have a check off list of the ones that I made copies of and submitted but I do know for sure that I turned in Co.272.,28,127
777,No,0,I do love coming here - hope to make the trip once a quarter this year.,I do love coming here - hope to make the trip once a quarter this year.,16,71
778,No,0,I do not suck at writing e-mails.,I do not suck at writing e-mails.,7,33
779,No,0,I don't feel so good when I'm writing all those checks.,I don't feel so good when I'm writing all those checks.,11,55
780,No,0,I don't get it.,I don't get it.,4,15
781,No,0,I don't get to enjoy life's pleasures.,I don't get to enjoy life's pleasures.,7,38
782,No,0,I don't have Chris' email address (I've left him a message).,I don't have Chris' email address (I've left him a message).,11,60
783,No,0,"I don't have all the details to fill in, though some of the details might be available from the PG&E/Edison websites, and Sue and Mona might have additional info.","I don't have all the details to fill in, though some of the details might be available from the PG&E/Edison websites, and Sue and Mona might have additional info.",29,162
784,No,0,I don't have any broken bones and it doesn't appear that I have a herniated disk--at this point just a lumbar strain but he is afraid it will get worse if I ride.,I don't have any broken bones and it doesn't appear that I have a herniated disk--at this point just a lumbar strain but he is afraid it will get worse if I ride.,33,162
785,No,0,I don't have the address.,I don't have the address.,5,25
786,No,0,"I don't know if this project is going to come through or not, but I'm not sure my possible client is any better versed on CPUC procedures than I am.","I don't know if this project is going to come through or not, but I'm not sure my possible client is any better versed on CPUC procedures than I am.",30,148
787,No,0,"I don't know that the VP portion of the PRC will be completed on Monday, or that the results would be available to me on Tuesday even if the process is completed on Monday.","I don't know that the VP portion of the PRC will be completed on Monday, or that the results would be available to me on Tuesday even if the process is completed on Monday.",34,172
788,No,0,I don't quite get all of this either.,I don't quite get all of this either.,8,37
789,No,0,I don't think I ever saw the breakout on the access area since we didn't get this via capacity release.,I don't think I ever saw the breakout on the access area since we didn't get this via capacity release.,20,103
790,No,0,I don't think that HR gets involved in this process.,I don't think that HR gets involved in this process.,10,52
791,No,0,"I don't think they carry Polk, but ask them who you should call for Polk speakers.","I don't think they carry Polk, but ask them who you should call for Polk speakers.",16,82
792,No,0,I entered ($$NUM) x 12dt which should give them a credit on the invoice.,I entered ($4.9951) x 12dt which should give them a credit on the invoice.,14,72
793,No,0,"I feel so fortunate to have this opportunity to work with you, and I send you my warmest wishes for a wonderful birthday.","I feel so fortunate to have this opportunity to work with you, and I send you my warmest wishes for a wonderful birthday.",23,121
794,No,0,I feel that this would be a great opportunity to contribute to the growth of the startup and a way for me to explore new aspects of the marketing industry.,I feel that this would be a great opportunity to contribute to the growth of the startup and a way for me to explore new aspects of the marketing industry.,30,155
795,No,0,I filled him in on the Energy Management degree and told him that I thought that his group should talk with you about a possible rotation.,I filled him in on the Energy Management degree and told him that I thought that his group should talk with you about a possible rotation.,26,138
796,No,0,I for the boxplots one has had records removed when the ambient and gearbox temp is less than $NUM (I can provide turbines and times if needed).,I for the boxplots one has had records removed when the ambient and gearbox temp is less than 0 (I can provide turbines and times if needed).,27,144
797,No,0,I go to an orthopedic surgeon tomorrow.,I go to an orthopedic surgeon tomorrow.,7,39
798,No,0,I got you address from an e-mail from Meg and thought I would say hi.,I got you address from an e-mail from Meg and thought I would say hi.,15,69
799,No,0,I got your voice mail message and I understand your concerns around Todd's time.,I got your voice mail message and I understand your concerns around Todd's time.,14,80
800,No,0,"I greatly admire Rich Gilbert, but his comments (re: regulatory intervention is a good thing, and now this one) will surely create considerably controversy and could greatly upset the apple cart altogether.","I greatly admire Rich Gilbert, but his comments (re: regulatory intervention is a good thing, and now this one) will surely create considerably controversy and could greatly upset the apple cart altogether.",32,206
801,No,0,"I guess that the one caveat that I would put out, is to wait and see if there are other names brought forth from other parts of the organization that would make it seem that Kristin should be in that pack.","I guess that the one caveat that I would put out, is to wait and see if there are other names brought forth from other parts of the organization that would make it seem that Kristin should be in that pack.",41,205
802,No,0,"I had a really big lunch, even cake, so now eating out of the fridge (if at all) sounds ok.","I had a really big lunch, even cake, so now eating out of the fridge (if at all) sounds ok.",20,91
803,No,0,I had a thought that maybe EBS could stream the conference as an in-kind contribution---the PR that EBS gets out of streaming might outweigh the cost of providing gratis.,I had a thought that maybe EBS could stream the conference as an in-kind contribution---the PR that EBS gets out of streaming might outweigh the cost of providing gratis.,29,170
804,No,0,I had problems in getting the newest version of Access.,I had problems in getting the newest version of Access.,10,55
805,No,0,"I had the sense that she was feeling that she'd done a bunch of work that was ending up on the cutting room floor and that she wasn't getting a real opportunity to participate in the shaping of the analysis, the presentation, or responsibility for taking a piece of the presentation for Thursday.","I had the sense that she was feeling that she'd done a bunch of work that was ending up on the cutting room floor and that she wasn't getting a real opportunity to participate in the shaping of the analysis, the presentation, or responsibility for taking a piece of the presentation for Thursday.",53,296
806,No,0,I had to chat with $NUM KO person and $NUM CGAS people to get all that information.,I had to chat with 1 KO person and 3 CGAS people to get all that information.,17,83
807,No,0,I hate getting old.,I hate getting old.,4,19
808,No,0,I have Steve and Lisa on the internet at this web address,I have Steve and Lisa on the internet at this web address,12,57
809,No,0,I have a meeting on the analyst and associates program from $NUM:$NUM to $NUM:$NUM tomorrow.,I have a meeting on the analyst and associates program from 9:00 to 10:00 tomorrow.,15,92
810,No,0,"I have a vague recollection about a group of employees going to Dynegy, and we had to send a demand letter to prohibit the improper use of Enron information.","I have a vague recollection about a group of employees going to Dynegy, and we had to send a demand letter to prohibit the improper use of Enron information.",29,157
811,No,0,I have a very special gift for you today.,I have a very special gift for you today.,9,41
812,No,0,I have already left him a voice mail.,I have already left him a voice mail.,8,37
813,No,0,I have an extra ticket to the game tomorrow.,I have an extra ticket to the game tomorrow.,9,44
814,No,0,"I have an idea, like everyone else in the world, for an internet start up and want to pick your brain about the process of doing a business plan, getting VC $'s and such.","I have an idea, like everyone else in the world, for an internet start up and want to pick your brain about the process of doing a business plan, getting VC $'s and such.",34,170
815,No,0,I have attached a revised resume for you to send to the managers and recruiters if you have not already.,I have attached a revised resume for you to send to the managers and recruiters if you have not already.,20,104
816,No,0,I have attached my resume below and look forward an opportunity to hear more the about internships at Parakweet.,I have attached my resume below and look forward an opportunity to hear more the about internships at Parakweet.,19,112
817,No,0,I have been on jury duty since Tuesday this week - I had Patti call Chris today and let him know that I would get back with him next week.,I have been on jury duty since Tuesday this week - I had Patti call Chris today and let him know that I would get back with him next week.,30,138
818,No,0,"I have been out of town the last several business days, so I am just now catching up on e:mails.","I have been out of town the last several business days, so I am just now catching up on e:mails.",20,96
819,No,0,I have but one life to give for my industry....,I have but one life to give for my industry....,10,47
820,No,0,I have conversed by e:mail since I did not have home numbers.,I have conversed by e:mail since I did not have home numbers.,12,61
821,No,0,I have encouraged the Enron folks to pursue this opportunity with TVA given the larger dialogue.,I have encouraged the Enron folks to pursue this opportunity with TVA given the larger dialogue.,16,96
822,No,0,I have gas on National Fuel that I could deliver into CGAS at Ellwood City on a secondary basis.,I have gas on National Fuel that I could deliver into CGAS at Ellwood City on a secondary basis.,19,96
823,No,0,I have not prepared one and am not aware of one in place -- that is why I prefaced my comments with that.,I have not prepared one and am not aware of one in place -- that is why I prefaced my comments with that.,23,105
824,No,0,"I have phone numbers, addresses and e:mail addresses for all three, and I will provide you with those as soon as the official notification from the University takes place.","I have phone numbers, addresses and e:mail addresses for all three, and I will provide you with those as soon as the official notification from the University takes place.",29,171
825,No,0,I have proposed we change our procedure here and we are discussing the proposed changes.,I have proposed we change our procedure here and we are discussing the proposed changes.,15,88
826,No,0,I have put the executed doc in the mail.,I have put the executed doc in the mail.,9,40
827,No,0,I have received your e-mail.,I have received your e-mail.,5,28
828,No,0,I have some exciting news for you this morning.,I have some exciting news for you this morning.,9,47
829,No,0,I have something absolutely amazing for you today.,I have something absolutely amazing for you today.,8,50
830,No,0,I have tried getting to you a couple times with no success...,I have tried getting to you a couple times with no success...,12,61
831,No,0,I haven't checked affair yet.,I haven't checked affair yet.,5,29
832,No,0,I haven't had a chance to send it yet.,I haven't had a chance to send it yet.,9,38
833,No,0,I haven't received Jeff's powerpoint e-mail...,I haven't received Jeff's powerpoint e-mail...,6,46
834,No,0,I hope I can get to this today.,I hope I can get to this today.,8,31
835,No,0,"I immediately resolved that my path and that of ""Susman, my man, Steve Susman"" would never again cross.","I immediately resolved that my path and that of ""Susman, my man, Steve Susman"" would never again cross.",18,103
836,No,0,"I just composed a somewhat lengthy e:mail about the anniversary trip, and then closed out Lotus Notes and checked discard changes.","I just composed a somewhat lengthy e:mail about the anniversary trip, and then closed out Lotus Notes and checked discard changes.",21,130
837,No,0,I just sent you and email.,I just sent you and email.,6,26
838,No,0,I just want to double check that it is being represented properly in our currency positions.,I just want to double check that it is being represented properly in our currency positions.,16,92
839,No,0,"I just want to remind you of how much I value our relationship and tell you that I believe by working together, using all the tools at our disposal we can improve, enrich and enhance every aspect of your life.","I just want to remind you of how much I value our relationship and tell you that I believe by working together, using all the tools at our disposal we can improve, enrich and enhance every aspect of your life.",40,209
840,No,0,"I kept getting a message like ""We're sorry, this number does not accept calls from unidentified numbers"" or something like that.","I kept getting a message like ""We're sorry, this number does not accept calls from unidentified numbers"" or something like that.",21,128
841,No,0,"I know I have asked you before, but I seem to have accidentally deleted your dad and sister's email addresses.","I know I have asked you before, but I seem to have accidentally deleted your dad and sister's email addresses.",20,110
842,No,0,I know I wouldn't be getting OU tix at all if it wasn't for my contribution to the Foundation.,I know I wouldn't be getting OU tix at all if it wasn't for my contribution to the Foundation.,19,94
843,No,0,I know that you guys have been quite busy with your planning process but it has been very difficult to get the required information or time from the resources that are committed to the project.,I know that you guys have been quite busy with your planning process but it has been very difficult to get the required information or time from the resources that are committed to the project.,35,193
844,No,0,I learned about your need for a marketing intern on Craigslist and I believe that my education and professional experience make me an attractive candidate for this position.,I learned about your need for a marketing intern on Craigslist and I believe that my education and professional experience make me an attractive candidate for this position.,28,173
845,No,0,I leave it to Bruce to see if it makes sense to shorten the list further.,I leave it to Bruce to see if it makes sense to shorten the list further.,16,73
846,No,0,I left you a return voice mail regarding Scott.,I left you a return voice mail regarding Scott.,9,47
847,No,0,I look forward to being with you all again very soon!,I look forward to being with you all again very soon!,11,53
848,No,0,I look forward to continuing to work with you and the staff in London on risk management operations initiatives.,I look forward to continuing to work with you and the staff in London on risk management operations initiatives.,19,112
849,No,0,I look forward to finding a solution to this current impasse.,I look forward to finding a solution to this current impasse.,11,61
850,No,0,I look forward to having you back on $NUM; I'm moving there as soon as they get my phone/computer set up -- I'll spend half days there.,I look forward to having you back on 36; I'm moving there as soon as they get my phone/computer set up -- I'll spend half days there.,27,135
851,No,0,I look forward to hearing from you in the near future.,I look forward to hearing from you in the near future.,11,54
852,No,0,I look forward to meeting you!,I look forward to meeting you!,6,30
853,No,0,I look forward to meeting you.,I look forward to meeting you.,6,30
854,No,0,I look forward to seeing you in Dallas next week.,I look forward to seeing you in Dallas next week.,10,49
855,No,0,I look forward to seeing you in Dallas.,I look forward to seeing you in Dallas.,8,39
856,No,0,I look forward to talking further about the possibilities.,I look forward to talking further about the possibilities.,9,58
857,No,0,I look forward to welcoming you as a new member!,I look forward to welcoming you as a new member!,10,48
858,No,0,I look forward to working with you in the near future and answering any questions you might have.,I look forward to working with you in the near future and answering any questions you might have.,18,97
859,No,0,"I might be able to get to it tomorrow if its a slow bid week, if not, then by Wed of next week.","I might be able to get to it tomorrow if its a slow bid week, if not, then by Wed of next week.",23,95
860,No,0,I never did make it to Toronto this summer.,I never did make it to Toronto this summer.,9,43
861,No,0,"I noticed that a meeting is scheduled for Nov. $NUM, but an agenda was not available on the Web site.","I noticed that a meeting is scheduled for Nov. 29, but an agenda was not available on the Web site.",20,101
862,No,0,I only have $NUM - Am still trying to get a 4th.,I only have 3 - Am still trying to get a 4th.,12,48
863,No,0,I plan to write her in a couple of weeks to follow up with any additional leads I've found.,I plan to write her in a couple of weeks to follow up with any additional leads I've found.,19,91
864,No,0,I read John's message to you and agree with him that we should develop a formal plan to address how we will generate public support and address any future environmental concerns before they jump up and bite us.,I read John's message to you and agree with him that we should develop a formal plan to address how we will generate public support and address any future environmental concerns before they jump up and bite us.,38,210
865,No,0,I really think you should think about getting in on this $NUM networks deal.,I really think you should think about getting in on this 360 networks deal.,14,76
866,No,0,I received some info today in the mail regarding a new master of science program in quantitative financial economics.,I received some info today in the mail regarding a new master of science program in quantitative financial economics.,19,117
867,No,0,"I selected the late time on the email, but wanted to respond to make sure you received it.","I selected the late time on the email, but wanted to respond to make sure you received it.",18,90
868,No,0,I sent Mo an e:mail message about your stay in Houston in hopes that she may need to be in Houston at that time.,I sent Mo an e:mail message about your stay in Houston in hopes that she may need to be in Houston at that time.,24,112
869,No,0,"I sent an e:mail message yesterday saying that I could make dinner in Austin on Wednesday, October $NUM.","I sent an e:mail message yesterday saying that I could make dinner in Austin on Wednesday, October 25.",18,104
870,No,0,I shall send you more information regarding the dinner later this week.,I shall send you more information regarding the dinner later this week.,12,71
871,No,0,"I should be able to get back with you next week, hopefully with a change in our strategy!","I should be able to get back with you next week, hopefully with a change in our strategy!",18,89
872,No,0,"I should be available most of the day, so let's see how things go.","I should be available most of the day, so let's see how things go.",14,66
873,No,0,I should probably send that to them.,I should probably send that to them.,7,36
874,No,0,I sold $NUM to CES at the Allied meter for tomorrow - deal $NUM.,I sold 7000 to CES at the Allied meter for tomorrow - deal 169576.,14,64
875,No,0,I start my 1st therapy session tomorrow.,I start my 1st therapy session tomorrow.,7,40
876,No,0,"I studied and lived in Paris , France last year at a Business school, so not only did it allow me to travel throughout Europe, but I gained valuable knowledge about how companies on the other side of the world conduct business and market certain products in their industry.","I studied and lived in Paris , France last year at a Business school, so not only did it allow me to travel throughout Europe, but I gained valuable knowledge about how companies on the other side of the world conduct business and market certain products in their industry.",49,273
877,No,0,"I talked to Brian Frihart on Friday and purchased $NUM fixed forward contracts ($NUM per day for May, $NUM per day for June and $NUM per day for July) at $$NUM.","I talked to Brian Frihart on Friday and purchased 3 fixed forward contracts (1000 per day for May, 1000 per day for June and 1000 per day for July) at $2.895.",31,160
878,No,0,I talked to grandma and she said Julie wouldn't be able to make it so I already knew about that.,I talked to grandma and she said Julie wouldn't be able to make it so I already knew about that.,20,96
879,No,0,I think I left my email open at home which means I can't download it on Omnisky or Yahoo.,I think I left my email open at home which means I can't download it on Omnisky or Yahoo.,19,89
880,No,0,I think it makes more sense there.,I think it makes more sense there.,7,34
881,No,0,I think it makes sense to take out the reference to $NUM%.,I think it makes sense to take out the reference to 15%.,12,58
882,No,0,I think it will be helpful to channel the discussion.,I think it will be helpful to channel the discussion.,10,53
883,No,0,I think it's fuzzy enough that two good lawyers could give two different views--wanted to ensure that all analytic bases are covered.,I think it's fuzzy enough that two good lawyers could give two different views--wanted to ensure that all analytic bases are covered.,22,133
884,No,0,I think that I received an email from someone with the report attached.,I think that I received an email from someone with the report attached.,13,71
885,No,0,I think the legal team you have made available to us is very impressive.,I think the legal team you have made available to us is very impressive.,14,72
886,No,0,I think this internship would be a great opportunity for me to explore the publishing world as a real-world extension of my academic study of literature.,I think this internship would be a great opportunity for me to explore the publishing world as a real-world extension of my academic study of literature.,26,153
887,No,0,"I think this is actually a good thing--makes our proposal look like a much more preferable alternative by comparison, makes our support in the process more important, and sets Harvey up as the Ralph Nader equivalent in the election to fix California's broken system---a potential spoiler.","I think this is actually a good thing--makes our proposal look like a much more preferable alternative by comparison, makes our support in the process more important, and sets Harvey up as the Ralph Nader equivalent in the election to fix California's broken system---a potential spoiler.",46,288
888,No,0,I think this is an area that ISDA could provide leadership and possibly make money through a protocol.,I think this is an area that ISDA could provide leadership and possibly make money through a protocol.,18,102
889,No,0,I think you have to feel pretty good about the LM position first.,I think you have to feel pretty good about the LM position first.,13,65
890,No,0,I think you need to add another $NUM to your buy/sale activity.,"I think you need to add another 10,000 to your buy/sale activity.",12,63
891,No,0,I think you saw my thoughts about this conference in a previous email exchange with Schroeder re: Littlechild.,I think you saw my thoughts about this conference in a previous email exchange with Schroeder re: Littlechild.,18,110
892,No,0,I think your collective e-mails constitute the legal risk memo.,I think your collective e-mails constitute the legal risk memo.,10,63
893,No,0,I thought that I would give ENA a first look at this candidate.,I thought that I would give ENA a first look at this candidate.,13,63
894,No,0,I thought you would enjoy listening to the song Give Me One Reason by Tracy Chapman on Raditaz:,I thought you would enjoy listening to the song Give Me One Reason by Tracy Chapman on Raditaz:,18,95
895,No,0,"I told Dawn already, but my brother is getting married on the 16th.","I told Dawn already, but my brother is getting married on the 16th.",13,67
896,No,0,"I understand that there may be a need to give no quarter on this, but given the circumstances--i.e., we talk every day and time and resources are extremely tight--is it reasonable to temporarily suspend filling this thing out for the next $NUM days?","I understand that there may be a need to give no quarter on this, but given the circumstances--i.e., we talk every day and time and resources are extremely tight--is it reasonable to temporarily suspend filling this thing out for the next 60-90 days?",43,249
897,No,0,"I understand you will be forwarding to Jim Staffus (sp?), your VP of gov't affairs.","I understand you will be forwarding to Jim Staffus (sp?), your VP of gov't affairs.",15,83
898,No,0,I want to book them as soon as possible.,I want to book them as soon as possible.,9,40
899,No,0,I want to make certain that they did not penalize one month deals.,I want to make certain that they did not penalize one month deals.,13,66
900,No,0,I want to share a file with you.,I want to share a file with you.,8,32
901,No,0,I want to share this great coupon with you:,I want to share this great coupon with you:,9,43
902,No,0,I wanted to make sure that I had the right email address.,I wanted to make sure that I had the right email address.,12,57
903,No,0,I was hoping to get this done today.,I was hoping to get this done today.,8,36
904,No,0,I was just checking in to see if you still wanted me to help you with your online stuff.,I was just checking in to see if you still wanted me to help you with your online stuff.,19,88
905,No,0,"I was out of town last week doing some recruiting, so I am just reading your e:mail today.","I was out of town last week doing some recruiting, so I am just reading your e:mail today.",18,90
906,No,0,I was particularly pleased with how you vectored off from what started out as a computer system enhancement project and instead you brought home a solution that allows us to improve things immediately with manual processes and then upgrade to a system if we choose.,I was particularly pleased with how you vectored off from what started out as a computer system enhancement project and instead you brought home a solution that allows us to improve things immediately with manual processes and then upgrade to a system if we choose.,45,265
907,No,0,"I was really wanting to go, but can't make it.","I was really wanting to go, but can't make it.",10,46
908,No,0,I will also look into other possible dates and get availability and prices on tickets just in case.,I will also look into other possible dates and get availability and prices on tickets just in case.,18,99
909,No,0,"I will be checking to make sure you pass the ""goodies"" on.","I will be checking to make sure you pass the ""goodies"" on.",12,58
910,No,0,I will be getting with Brian Bloom this week with our comments to the plan document.,I will be getting with Brian Bloom this week with our comments to the plan document.,16,84
911,No,0,I will be here all day tomorrow.,I will be here all day tomorrow.,7,32
912,No,0,"I will be in London all of next week, and I would like to send invitations to the students about the tour and dinner.","I will be in London all of next week, and I would like to send invitations to the students about the tour and dinner.",24,117
913,No,0,"I will be out of the office the rest of the week, so check with Twanda Sweet, my assistant, for rescheduling options.","I will be out of the office the rest of the week, so check with Twanda Sweet, my assistant, for rescheduling options.",22,117
914,No,0,I will be out this afternnon and tomorrow.,I will be out this afternnon and tomorrow.,8,42
915,No,0,I will check with Mark and Trisha.,I will check with Mark and Trisha.,7,34
916,No,0,I will check with my assistant to make sure I can do it.,I will check with my assistant to make sure I can do it.,13,56
917,No,0,I will check.,I will check.,3,13
918,No,0,I will deliver the card in person in about $NUM days.,I will deliver the card in person in about 10 days.,11,53
919,No,0,I will forward to you in a separate email letters that we sent to Burton expressing our opposition to his bills and the reasons for our opposition.,I will forward to you in a separate email letters that we sent to Burton expressing our opposition to his bills and the reasons for our opposition.,27,147
920,No,0,I will get Gary to look into the Williams deal.,I will get Gary to look into the Williams deal.,10,47
921,No,0,I will get a conference room and lunch set up.,I will get a conference room and lunch set up.,10,46
922,No,0,I will get an update from Shona.,I will get an update from Shona.,7,32
923,No,0,"I will get back with you after I have talked with Scott, or I may have him leave you a message.","I will get back with you after I have talked with Scott, or I may have him leave you a message.",21,95
924,No,0,I will get the dues to you sometime this week.,I will get the dues to you sometime this week.,10,46
925,No,0,I will make sure that you are included in any subsequent meetings.,I will make sure that you are included in any subsequent meetings.,12,66
926,No,0,"I will make these phone calls myself, and will naturally treat all phone numbers that I have been given as confidential.","I will make these phone calls myself, and will naturally treat all phone numbers that I have been given as confidential.",21,120
927,No,0,I will need their e:mail addresses to do so.,I will need their e:mail addresses to do so.,9,44
928,No,0,I will send it to NUI when I hear from you.,I will send it to NUI when I hear from you.,11,43
929,No,0,I will try to get it notorized and mailed back to the lawyer today.,I will try to get it notorized and mailed back to the lawyer today.,14,67
930,No,0,I wish I could write such sweet words.,I wish I could write such sweet words.,8,38
931,No,0,"I work with Phillip Allen in West Gas Trading and he talked to Greg Piper about the letter attached below, and Greg told us to forward it to you.","I work with Phillip Allen in West Gas Trading and he talked to Greg Piper about the letter attached below, and Greg told us to forward it to you.",29,145
932,No,0,"I would be very concerned, though, given the current environment about having us listed as a sponsor.","I would be very concerned, though, given the current environment about having us listed as a sponsor.",17,101
933,No,0,"I would bet that our investor relations either have it, or can get from one of their analyst buddies.","I would bet that our investor relations either have it, or can get from one of their analyst buddies.",19,101
934,No,0,I would envision getting up to speed on business opportunities in Ontario and addressing the questions you raised.,I would envision getting up to speed on business opportunities in Ontario and addressing the questions you raised.,18,114
935,No,0,I would like for him to be on the list for this meeting as well.,I would like for him to be on the list for this meeting as well.,15,64
936,No,0,I would like to deliver as much of Midcon's gas as possible to Mobil ($NUM) for February.,"I would like to deliver as much of Midcon's gas as possible to Mobil (25,000-30,000) for February.",17,89
937,No,0,I would like to make monthly purchases (with the net amount transferred) of the existing mutual funds in each of the three accounts.,I would like to make monthly purchases (with the net amount transferred) of the existing mutual funds in each of the three accounts.,23,132
938,No,0,I would like to share a To-Do with you.,I would like to share a To-Do with you.,9,39
939,No,0,I would like to share this app with you:,I would like to share this app with you:,9,40
940,No,0,I would like to visit there next week.,I would like to visit there next week.,8,38
941,No,0,I would love to share it with you: $LINK,I would love to share it with you: $LINK,9,40
942,No,0,I would welcome your participation in any of the meetings here in Houston or on the trips that we will need to make.,I would welcome your participation in any of the meetings here in Houston or on the trips that we will need to make.,23,116
943,No,0,I'd like to bring that down and get you started with my best flavors of weed.,I'd like to bring that down and get you started with my best flavors of weed.,16,77
944,No,0,I'd like to share a Moxtra Binder with you: $LINK,I'd like to share a Moxtra Binder with you: $LINK,10,49
945,No,0,I'd like to share a clip with you from my clipboard at clipix.com,I'd like to share a clip with you from my clipboard at clipix.com,13,65
946,No,0,I'd like to share some great news with you - we have reached the milestone where we add new magazine application to the App Store every day!,I'd like to share some great news with you - we have reached the milestone where we add new magazine application to the App Store every day!,27,140
947,No,0,I'd like to share this Cliqz group with you: @kmlemanski,I'd like to share this Cliqz group with you: @kmlemanski,10,56
948,No,0,I'd like to thank you for your interest in me.,I'd like to thank you for your interest in me.,10,46
949,No,0,I'll be sending out an email on this in the next couple of hours.,I'll be sending out an email on this in the next couple of hours.,14,65
950,No,0,I'll defer to your more expert addressees on this one.,I'll defer to your more expert addressees on this one.,10,54
951,No,0,I'll forward in another email the language that the coalition has drafted and hopes Bowen and Keeley will carry.,I'll forward in another email the language that the coalition has drafted and hopes Bowen and Keeley will carry.,19,112
952,No,0,I'll forward to you Parquet's notes from the meeting.,I'll forward to you Parquet's notes from the meeting.,9,53
953,No,0,I'll forward to you for slashing.,I'll forward to you for slashing.,6,33
954,No,0,I'll get to the office around $NUM.,I'll get to the office around 130-200.,7,35
955,No,0,I'll give it back to you this evening.,I'll give it back to you this evening.,8,38
956,No,0,I'll keep thinking about and send another dispatch later today or first thing tomorrow morning.,I'll keep thinking about and send another dispatch later today or first thing tomorrow morning.,15,95
957,No,0,I'll let you know what Calger sez soon as he gets back to me.,I'll let you know what Calger sez soon as he gets back to me.,14,61
958,No,0,I'll make it explicit.,I'll make it explicit.,4,22
959,No,0,I'll review it and get back with Dawn.,I'll review it and get back with Dawn.,8,38
960,No,0,I'll send details on hen night later.,I'll send details on hen night later.,7,37
961,No,0,I'll send it as soon as you resond wether I should or not.,I'll send it as soon as you resond wether I should or not.,13,58
962,No,0,"I'll share a simple technique I use to move past bad experiences, and how I learn from them.","I'll share a simple technique I use to move past bad experiences, and how I learn from them.",18,92
963,No,0,I'll try to write a note discussing our conversation on Friday by end of day.,I'll try to write a note discussing our conversation on Friday by end of day.,15,77
964,No,0,I'm actually in Vancouver today (Monday) and tomorrow.,I'm actually in Vancouver today (Monday) and tomorrow.,8,54
965,No,0,I'm also starting to think as the LM position starts to get better managed that maybe you and Chris should take the D5's and 7EA's onto your book.,I'm also starting to think as the LM position starts to get better managed that maybe you and Chris should take the D5's and 7EA's onto your book.,28,146
966,No,0,I'm assuming that this note is no longer valid and that you're not trying to set something up for $NUM PM tomorrow (Wednesday)?,I'm assuming that this note is no longer valid and that you're not trying to set something up for 2 PM tomorrow (Wednesday)?,23,127
967,No,0,I'm back from lunch and an email and I want it now!,I'm back from lunch and an email and I want it now!,12,51
968,No,0,I'm getting convinced that the Kern neg.,I'm getting convinced that the Kern neg.,7,40
969,No,0,"I'm here to help you have a wonderful experience with Linea, so if you have suggestions, questions, or problems, please email me directly.","I'm here to help you have a wonderful experience with Linea, so if you have suggestions, questions, or problems, please email me directly.",23,138
970,No,0,I'm here to help.,I'm here to help.,4,17
971,No,0,I'm in Chicago right now.,I'm in Chicago right now.,5,25
972,No,0,I'm letting her make the first cut.,I'm letting her make the first cut.,7,35
973,No,0,I'm not getting it.,I'm not getting it.,4,19
974,No,0,"I'm not sure Felipe understands that he needs to finalize the model with me first before he sends around a ""lender package"" for the senior guys to review.","I'm not sure Felipe understands that he needs to finalize the model with me first before he sends around a ""lender package"" for the senior guys to review.",28,154
975,No,0,"I'm not sure if this is automatic or if you have to actually do something to make sure it happens, but either way, THANK YOU! Flying on this flight stinks and it would be even worse in the back of the bus!! DF","I'm not sure if this is automatic or if you have to actually do something to make sure it happens, but either way, THANK YOU! Flying on this flight stinks and it would be even worse in the back of the bus!! DF",43,209
976,No,0,"I'm on vacation myself right now, in Mpls, for my Dad's 70th birthday.","I'm on vacation myself right now, in Mpls, for my Dad's 70th birthday.",13,70
977,No,0,I'm still in San Diego and it looks like I'm going to need Monday to drive up to the bay area.,I'm still in San Diego and it looks like I'm going to need Monday to drive up to the bay area.,21,94
978,No,0,"I'm thinking that Sean ain't even a big food person, that he's not working, that Molly to bring down a king's ransom in her biz, and Tom and Karen are, after all, vegetarians.","I'm thinking that Sean ain't even a big food person, that he's not working, that Molly to bring down a king's ransom in her biz, and Tom and Karen are, after all, vegetarians.",33,175
979,No,0,I'm truly sorry for the inconvenience this may cause.,I'm truly sorry for the inconvenience this may cause.,9,53
980,No,0,I'm using the Placeme app to automatically remember and share my favorite places.,I'm using the Placeme app to automatically remember and share my favorite places.,13,81
981,No,0,"I'm working on my assistant's computer, who has sharing rights to my email.","I'm working on my assistant's computer, who has sharing rights to my email.",13,75
982,No,0,I've also attached three articles from the business section of today's Chronicle that arguably bolst er our arguments for adopting the approach that we discussed at today's meetin g.,I've also attached three articles from the business section of today's Chronicle that arguably bolst er our arguments for adopting the approach that we discussed at today's meetin g.,29,182
983,No,0,I've asked him to reach out to you and see if you'd like to schedule a time for a free consulting session.,I've asked him to reach out to you and see if you'd like to schedule a time for a free consulting session.,22,106
984,No,0,I've been here since $NUM:30am but my computer was very slow booting up and after it came on I couldn't get a connection to lotus notes.,I've been here since 8:30am but my computer was very slow booting up and after it came on I couldn't get a connection to lotus notes.,26,136
985,No,0,"I've been thinking, and I know you feel like I make all of the decisions around our house when it comes to $.","I've been thinking, and I know you feel like I make all of the decisions around our house when it comes to $.",23,109
986,No,0,"I've got $NUM on my list of admitees to call and I'm getting the ""not a valid number"" recording.","I've got 408.390.5291 on my list of admitees to call and I'm getting the ""not a valid number"" recording.",19,96
987,No,0,"I've heard two marketers say that there will be no ""exit fees"" -- i.e., no responsibility for utility debt or past or forward DWR costs.","I've heard two marketers say that there will be no ""exit fees"" -- i.e., no responsibility for utility debt or past or forward DWR costs.",25,136
988,No,0,I've just found a new way to meet people online: Twoo.com.,I've just found a new way to meet people online: Twoo.com.,11,58
989,No,0,I've known Richard $NUM years from our fraternity days together.,I've known Richard 9 years from our fraternity days together.,10,64
990,No,0,"IF Mary agrees, they will prepare and addendum to the original agreement.","IF Mary agrees, they will prepare and addendum to the original agreement.",12,73
991,No,0,"IF YOU FAIL TO ENTER HERE FOR A PCH SUPERPRIZE,","IF YOU FAIL TO ENTER HERE FOR A PCH SUPERPRIZE,",10,47
992,No,0,IMPLICATION--It seems prudent for Enron to understand better its risks of getting fingered.,IMPLICATION--It seems prudent for Enron to understand better its risks of getting fingered.,13,91
993,No,0,IT contract; Received gas at the wellhead and redelivered to the pooling points on Transco .$NUM,IT contract; Received gas at the wellhead and redelivered to the pooling points on Transco .3051,16,96
994,No,0,"If Enron does eventually decide to get into this deal, the agreements and promises that Dennis has already made may need to be revisited.","If Enron does eventually decide to get into this deal, the agreements and promises that Dennis has already made may need to be revisited.",24,137
995,No,0,"If I'm reading this correctly, the forwardhaul and the backhaul commodities are the same now.","If I'm reading this correctly, the forwardhaul and the backhaul commodities are the same now.",15,93
996,No,0,"If at any time you no longer wish to receive my astrological guidance with your free personal forecast and all the benefits of my exceptional astrological offers, simply click here, or email me at $EMAIL.","If at any time you no longer wish to receive my astrological guidance with your free personal forecast and all the benefits of my exceptional astrological offers, simply click here, or email me at bethea@myhealthwealthandhappiness.com.",35,204
997,No,0,"If he can get something the DOE thinks is a good price, they m ay just sell all the surplus power forward.","If he can get something the DOE thinks is a good price, they m ay just sell all the surplus power forward.",22,106
998,No,0,If it will expedite things and Ben will accept my signatrure then I can sign.,If it will expedite things and Ben will accept my signatrure then I can sign.,15,77
999,No,0,"If not, then this is starting to get a little old.","If not, then this is starting to get a little old.",11,50
1000,No,0,"If possible, I would like to use these two names:","If possible, I would like to use these two names:",10,49
1001,No,0,"If she chooses not to forward Mary's line to hers, she will create a new message on Mary's line that can direct callers to Vanessa.","If she chooses not to forward Mary's line to hers, she will create a new message on Mary's line that can direct callers to Vanessa.",25,131
1002,No,0,"If so, I think they actually get a $NUM% tax break on the $NUM million and change that they lose using a cash basis.","If so, I think they actually get a 46% tax break on the 1 million and change that they lose using a cash basis.",24,116
1003,No,0,"If someone from you team had organized the resumes into three groups by GPA's or majors, that would have given us a good starting point, instead of a jumble of resumes.","If someone from you team had organized the resumes into three groups by GPA's or majors, that would have given us a good starting point, instead of a jumble of resumes.",31,168
1004,No,0,"If that doesn't work, we will simply do one-on-ones over the next ten days to get everyone.","If that doesn't work, we will simply do one-on-ones over the next ten days to get everyone.",17,91
1005,No,0,"If the forecast was too low, and there's an undercollection, the utility will increase January's price forecast by ""just enough"" to make up for the December undercollection.","If the forecast was too low, and there's an undercollection, the utility will increase January's price forecast by ""just enough"" to make up for the December undercollection.",27,173
1006,No,0,"If there is no master firm agreement, we send out our General Terms and Conditions with our confirmation.","If there is no master firm agreement, we send out our General Terms and Conditions with our confirmation.",18,105
1007,No,0,If this gets to you w/b.,If this gets to you w/b.,6,24
1008,No,0,"If we do, I would like to link it to the basis plus nymex, or to the fixed price gas daily (fixed price gas daily will be rolled out during bidweek this month because of our risk in gd basis going forward).","If we do, I would like to link it to the basis plus nymex, or to the fixed price gas daily (fixed price gas daily will be rolled out during bidweek this month because of our risk in gd basis going forward).",42,206
1009,No,0,"If you add participants, the list of suggestions will update as well.","If you add participants, the list of suggestions will update as well.",12,69
1010,No,0,"If you allow us, we'll let kmlemanski know your username.","If you allow us, we'll let kmlemanski know your username.",10,57
1011,No,0,If you also want to realize these information about you own.,If you also want to realize these information about you own.,11,60
1012,No,0,"If you are expecting a baby or planning to have a baby, your doctor can run many tests to help assess the health of both you and your baby.","If you are expecting a baby or planning to have a baby, your doctor can run many tests to help assess the health of both you and your baby.",29,139
1013,No,0,"If you are looking for some tips and advice I'd also thought I'd invite you to live office hours with me, Wade.","If you are looking for some tips and advice I'd also thought I'd invite you to live office hours with me, Wade.",22,111
1014,No,0,"If you are not the named addressee you should not disseminate, distribute or copy this e-mail.","If you are not the named addressee you should not disseminate, distribute or copy this e-mail.",16,94
1015,No,0,"If you are still looking for health insurance and want to compare plans, simply click the link below:","If you are still looking for health insurance and want to compare plans, simply click the link below:",18,101
1016,No,0,"If you believe Syaiful Bahri is engaging in abusive behavior on Twitter, you may report Syaiful Bahri for spam: $LINK","If you believe Syaiful Bahri is engaging in abusive behavior on Twitter, you may report Syaiful Bahri for spam: $LINK",20,117
1017,No,0,If you choose not to keep your account after your trial has expired -- just do nothing.,If you choose not to keep your account after your trial has expired -- just do nothing.,17,87
1018,No,0,If you click will provide you with a bit more info...,If you click will provide you with a bit more info...,11,53
1019,No,0,"If you continue to receive emails after this period, please click below to contact Consumer Services:","If you continue to receive emails after this period, please click below to contact Consumer Services:",16,101
1020,No,0,If you decide not to log into soonr.com,If you decide not to log into soonr.com,8,39
1021,No,0,"If you do not want to change your password, then please ignore this e-mail and no changes will be made.","If you do not want to change your password, then please ignore this e-mail and no changes will be made.",20,103
1022,No,0,"If you do not want to receive this email from MeetMe, you can change your settings by visiting the URL below.","If you do not want to receive this email from MeetMe, you can change your settings by visiting the URL below.",21,109
1023,No,0,"If you do not wish to receive further communications like this, please click here to unsubscribe.","If you do not wish to receive further communications like this, please click here to unsubscribe.",16,97
1024,No,0,"If you don't want any more messages from us, we'd be happy to remove you from all email communication from GoHealthInsurance.","If you don't want any more messages from us, we'd be happy to remove you from all email communication from GoHealthInsurance.",21,125
1025,No,0,"If you don't want any more messages from us, we'd be happy to remove you from all email communication from IndividualHealthQuotes.","If you don't want any more messages from us, we'd be happy to remove you from all email communication from IndividualHealthQuotes.",21,130
1026,No,0,"If you don't want any more messages from us, we'd be happy to remove you from all email communication from IndividualHealthQuotes. Please visit your","If you don't want any more messages from us, we'd be happy to remove you from all email communication from IndividualHealthQuotes. Please visit your",24,148
1027,No,0,"If you don't want to receive these emails from Everpix in the future, you can safely unsubscribe: $LINK","If you don't want to receive these emails from Everpix in the future, you can safely unsubscribe: $LINK",18,103
1028,No,0,"If you don't want to receive these emails from Facebook in the future or have your email address used for friend suggestions, please follow the link below to unsubscribe.","If you don't want to receive these emails from Facebook in the future or have your email address used for friend suggestions, please follow the link below to unsubscribe.",29,170
1029,No,0,"If you don't want to receive these emails from Facebook in the future, please follow the link below to unsubscribe.","If you don't want to receive these emails from Facebook in the future, please follow the link below to unsubscribe.",20,115
1030,No,0,"If you don't want to receive this newsletter anymore, you can unsubscribe from:","If you don't want to receive this newsletter anymore, you can unsubscribe from:",13,79
1031,No,0,"If you don’t want to get an email every time someone starts following you, you can unsubscribe by clicking here: $LINK","If you don’t want to get an email every time someone starts following you, you can unsubscribe by clicking here: $LINK",21,118
1032,No,0,"If you don’t, we can’t deposit any more commissions into your bank!","If you don’t, we can’t deposit any more commissions into your bank!",12,67
1033,No,0,"If you enter our Sweepstakes, your entry will have the same chance to win as every other entry.","If you enter our Sweepstakes, your entry will have the same chance to win as every other entry.",18,95
1034,No,0,If you feel the same way please take a moment to check out $LINK,If you feel the same way please take a moment to check out $LINK,14,64
1035,No,0,If you get this w/b.,If you get this w/b.,5,20
1036,No,0,"If you have any other questions, please visit our Help Center.","If you have any other questions, please visit our Help Center.",11,62
1037,No,0,"If you have any questions about activating your account, please write to $EMAIL.","If you have any questions about activating your account, please write to support@alt12.com.",13,80
1038,No,0,"If you have any questions about the new name, please visit our FAQ at $LINK and read our blog post at $LINK explaining the reasons and important considerations.","If you have any questions about the new name, please visit our FAQ at $LINK and read our blog post at $LINK explaining the reasons and important considerations.",28,160
1039,No,0,"If you have any questions about the password reset process, please visit our Help Center.","If you have any questions about the password reset process, please visit our Help Center.",15,89
1040,No,0,"If you have any questions about these updates, you can read more on our blog or email us at $EMAIL.","If you have any questions about these updates, you can read more on our blog or email us at tos-questions@dropbox.com.",20,99
1041,No,0,If you have any questions in regards to this correspondence or wish to no longer receive such correspondence from First Choice Capital Resources please write to:,If you have any questions in regards to this correspondence or wish to no longer receive such correspondence from First Choice Capital Resources please write to:,26,161
1042,No,0,"If you have any questions or comments, write back to this email or reach us at $EMAIL.","If you have any questions or comments, write back to this email or reach us at contact@kicksend.com.",17,86
1043,No,0,If you have any questions or concerns - please contact us!,If you have any questions or concerns - please contact us!,11,58
1044,No,0,"If you have any questions or concerns, feel free to contact us at $EMAIL.","If you have any questions or concerns, feel free to contact us at ipasscode@feistapps.com.",14,73
1045,No,0,"If you have any questions or concerns, please visit our","If you have any questions or concerns, please visit our",10,55
1046,No,0,"If you have any questions or ideas, we'd love to hear them.","If you have any questions or ideas, we'd love to hear them.",12,59
1047,No,0,If you have any questions or need any assistance at implementing any of the tools please feel free to contact us in Customer Support at,If you have any questions or need any assistance at implementing any of the tools please feel free to contact us in Customer Support at,25,135
1048,No,0,"If you have any questions or need further assistance, please contact us.","If you have any questions or need further assistance, please contact us.",12,72
1049,No,0,If you have any questions please feel free to contact our support team filling our support request form: $LINK,If you have any questions please feel free to contact our support team filling our support request form: $LINK,19,110
1050,No,0,If you have any questions please reply to this receipt with any questions to contact a Wireless Billing Bill Payment Agent.,If you have any questions please reply to this receipt with any questions to contact a Wireless Billing Bill Payment Agent.,21,123
1051,No,0,"If you have any questions regarding PCHPlay&Win, please visit the pch .com:","If you have any questions regarding PCHPlay&Win, please visit the pch .com:",12,75
1052,No,0,"If you have any questions regarding this, feel free to contact us.","If you have any questions regarding this, feel free to contact us.",12,66
1053,No,0,"If you have any questions regarding your job posting, please feel free to contact the CDC at $EMAIL.","If you have any questions regarding your job posting, please feel free to contact the CDC at employers@mailman.stanford.edu.",18,100
1054,No,0,"If you have any questions, comments or concerns, please refer them to:","If you have any questions, comments or concerns, please refer them to:",12,70
1055,No,0,"If you have any questions, feel free to email our support department at $EMAIL","If you have any questions, feel free to email our support department at support@AdvancedPCTweaker.com",14,78
1056,No,0,"If you have any questions, please check the support page on our website: $LINK","If you have any questions, please check the support page on our website: $LINK",14,78
1057,No,0,"If you have any questions, please contact the list owner.","If you have any questions, please contact the list owner.",10,57
1058,No,0,"If you have any questions, please contact us.","If you have any questions, please contact us.",8,45
1059,No,0,"If you have any questions, visit our support forum at $LINK","If you have any questions, visit our support forum at $LINK",11,59
1060,No,0,"If you have any questions, we'd love to hear from you, $EMAIL.","If you have any questions, we'd love to hear from you, hello@rocketr.com.",12,62
1061,No,0,If you have any trouble please let us know by emailing us at $EMAIL.,If you have any trouble please let us know by emailing us at feedback@vlixvideo.com.,14,68
1062,No,0,"If you have questions or suggestions, please email us at $EMAIL or mail to us at:","If you have questions or suggestions, please email us at comments@moshimonsters.com or mail to us at:",16,81
1063,No,0,"If you have questions, please call us at $NUM.","If you have questions, please call us at 1-800-548-9554.",9,46
1064,No,0,"If you have questions, please email us at $EMAIL.","If you have questions, please email us at feedback@snapsync.com.",9,49
1065,No,0,"If you have received this message in error and/or you would like to be removed from our email list, please visit: $LINK Please do not reply to this email.","If you have received this message in error and/or you would like to be removed from our email list, please visit: $LINK Please do not reply to this email.",29,154
1066,No,0,If you like Revel and want to subscribe:,If you like Revel and want to subscribe:,8,40
1067,No,0,If you like to unsubscribe and stop receiving these emails click here: $LINK,If you like to unsubscribe and stop receiving these emails click here: $LINK,13,76
1068,No,0,"If you login our game from January $NUM, $NUM to January $NUM, $NUM, you will get extra $NUM AUTOSPINS!!! Hurry up & grab it!","If you login our game from January 16, 2013 to January 18, 2013, you will get extra 50 AUTOSPINS!!! Hurry up & grab it!",24,125
1069,No,0,"If you love the peace of mind of Lookout Premium, you can upgrade to keep Premium - $LINK","If you love the peace of mind of Lookout Premium, you can upgrade to keep Premium - $LINK",18,89
1070,No,0,"If you miss this deadline, we don't know when you'll be able to get access in the future.","If you miss this deadline, we don't know when you'll be able to get access in the future.",18,89
1071,No,0,"If you need help or need to contact us, please visit our","If you need help or need to contact us, please visit our",12,56
1072,No,0,"If you need some more invites for colleagues or friends, don ́t hesitate to drop us line.","If you need some more invites for colleagues or friends, don´t hesitate to drop us line.",17,89
1073,No,0,"If you need to contact us, please do not respond to this email.","If you need to contact us, please do not respond to this email.",13,63
1074,No,0,"If you no longer want to receive communication from us, please Cancel $LINK","If you no longer want to receive communication from us, please Cancel $LINK",13,75
1075,No,0,"If you no longer want to receive these emails, You can unsub","If you no longer want to receive these emails, You can unsub",12,60
1076,No,0,"If you no longer want to receive these emails, you can unsub $LINK","If you no longer want to receive these emails, you can unsub $LINK",13,66
1077,No,0,"If you no longer want us to contact you, please click below to be removed from our mailing list.","If you no longer want us to contact you, please click below to be removed from our mailing list.",19,96
1078,No,0,"If you no longer want us to contact you, please click the link below to be removed from our mailing list.","If you no longer want us to contact you, please click the link below to be removed from our mailing list.",21,105
1079,No,0,"If you no longer wish to receive emails from Scoop.it, you can unsubscribe.","If you no longer wish to receive emails from Scoop.it, you can unsubscribe.",13,75
1080,No,0,"If you no longer wish to receive marketing newsletters, you can unsubscribe here.","If you no longer wish to receive marketing newsletters, you can unsubscribe here.",13,81
1081,No,0,"If you prefer not to receive additional messages from this sender, please click on the following link to submit your request $LINK","If you prefer not to receive additional messages from this sender, please click on the following link to submit your request $LINK",22,130
1082,No,0,"If you prefer not to receive commercial email from Apple, or if you've changed your email address, please click here.","If you prefer not to receive commercial email from Apple, or if you've changed your email address, please click here.",20,117
1083,No,0,"If you prefer not to receive email from us, you can always unsubscribe with one click.","If you prefer not to receive email from us, you can always unsubscribe with one click.",16,86
1084,No,0,"If you prefer not to receive future e-mails of this type, please copy to your browser or press on this link","If you prefer not to receive future e-mails of this type, please copy to your browser or press on this link",21,107
1085,No,0,"If you prefer not to receive these tips from Dropbox, please go to $LINK","If you prefer not to receive these tips from Dropbox, please go to $LINK",14,72
1086,No,0,"If you really want to win, Jude, now is the time to act!","If you really want to win, Jude, now is the time to act!",13,56
1087,No,0,If you receive this message I correctly wrote down your e-mail address.,If you receive this message I correctly wrote down your e-mail address.,12,71
1088,No,0,If you received this in error or no longer wish to subscribe forward this email to $EMAIL,If you received this in error or no longer wish to subscribe forward this email to web@enerfax.com,17,89
1089,No,0,"If you should have any questions, please call T Jae Black at $NUM.","If you should have any questions, please call T Jae Black at 3-5800.",13,66
1090,No,0,"If you start to look at many successful folks, you will notice a number of things that they have in common...as well as a number of things that they all avoid doing.","If you start to look at many successful folks, you will notice a number of things that they have in common…as well as a number of things that they all avoid doing.",32,165
1091,No,0,"If you turn the setting off, you may not be able to use certain features until you re-enable it.","If you turn the setting off, you may not be able to use certain features until you re-enable it.",19,96
1092,No,0,"If you want to buy some products, it will be a good choice.","If you want to buy some products, it will be a good choice.",13,59
1093,No,0,If you want to discover how you could start selling $$NUM+ high value services to businesses that desperately need your help...,"If you want to discover how you could start selling $1,000+ high value services to businesses that desperately need your help...",21,127
1094,No,0,"If you want to earn $$NUM, $$NUM or even up to $$NUM a day, and you don't mind writing some short opinions up, this is the perfect opportunity for you!","If you want to earn $100, $200 or even up to $500 a day, and you don't mind writing some short opinions up, this is the perfect opportunity for you!",30,151
1095,No,0,"If you want to go to the early show, we won't be offended.","If you want to go to the early show, we won't be offended.",13,58
1096,No,0,"If you want to learn more about your data on Google and across the web, including tips and advice for staying safe online, check out $LINK","If you want to learn more about your data on Google and across the web, including tips and advice for staying safe online, check out $LINK",26,138
1097,No,0,If you want to restore backup contacts :,If you want to restore backup contacts :,8,40
1098,No,0,"If you want to see what the REAL Internet lifestyle is all about, check out this video today...","If you want to see what the REAL Internet lifestyle is all about, check out this video today…",18,95
1099,No,0,If you want to start generating pure cash profit in $NUM minutes or less...,If you want to start generating pure cash profit in 17 minutes or less...,14,75
1100,No,0,If you want to take advantage of our revolutionary new Artificial Intelligence software - code named Robot Author...,If you want to take advantage of our revolutionary new Artificial Intelligence software - code named Robot Author...,18,116
1101,No,0,"If you wish to cancel your subscription, please call the phone number below before your trial membership expires and your card will not be charged.","If you wish to cancel your subscription, please call the phone number below before your trial membership expires and your card will not be charged.",25,147
1102,No,0,If you wish to unsubscribe please go here $LINK,If you wish to unsubscribe please go here $LINK,9,47
1103,No,0,"If you would like to donate for the points, you can do so from here: $LINK or if you would like to contribute data to receive the points, this page is a good starting point: $LINK - this page shows the required amount of points for the different additional features: $LINK","If you would like to donate for the points, you can do so from here: $LINK or if you would like to contribute data to receive the points, this page is a good starting point: $LINK - this page shows the required amount of points for the different additional features: $LINK",51,272
1104,No,0,"If you would like to know who they are, where they live, and how you ca protect your family from sexual predators, please click here.","If you would like to know who they are, where they live, and how you ca protect your family from sexual predators, please click here.",25,133
1105,No,0,"If you would like to no longer receive these messages, please visit here and opt out:","If you would like to no longer receive these messages, please visit here and opt out:",16,85
1106,No,0,If you would like to remove yourself from the Blueberry Giant list click here:,If you would like to remove yourself from the Blueberry Giant list click here:,14,78
1107,No,0,If you would like to remove yourself from this list click here:,If you would like to remove yourself from this list click here:,12,63
1108,No,0,"If you would like to stop receiving emails from Life Reimagined, then please $LINK click here to unsubscribe.","If you would like to stop receiving emails from Life Reimagined, then please $LINK click here to unsubscribe.",18,109
1109,No,0,"If you would like to stop receiving messages from us, Unsubscribe.","If you would like to stop receiving messages from us, Unsubscribe.",11,66
1110,No,0,"If you would like to update your email preferences, $LINK please click here .","If you would like to update your email preferences, $LINK please click here .",14,77
1111,No,0,"If you would no longer like to receive email from us, please $LINK","If you would no longer like to receive email from us, please $LINK",13,66
1112,No,0,"If you would no longer like to receive messages from us, please click the link.","If you would no longer like to receive messages from us, please click the link.",15,79
1113,No,0,"If you would no longer like to receive such offers, please click on the link and and we will remove you:","If you would no longer like to receive such offers, please click on the link and and we will remove you:",21,104
1114,No,0,"If you would not like to receive any more deals from this advertiser, please remove yourself here $LINK or send postal mail to Feedback, $NUM West 22nd Street, Suite $NUM, NY, NY $NUM.","If you would not like to receive any more deals from this advertiser, please remove yourself here $LINK or send postal mail to Feedback, 20 West 22nd Street, Suite 908, NY, NY 10010.",33,184
1115,No,0,If you would prefer to change the frequency of these email or stop them completely there are links at the bottom with instructions.,If you would prefer to change the frequency of these email or stop them completely there are links at the bottom with instructions.,23,131
1116,No,0,"If you’re winning and need to close out the match, you can switch to a defensive class with an LMG or Marksman Rifle.","If you&rsquo;re winning and need to close out the match, you can switch to a defensive class with an LMG or Marksman Rifle.",23,117
1117,No,0,"If you'd like to be able to earn up to $$NUM/hr in your spare time, check out this new video that was just posted:","If you'd like to be able to earn up to $100/hr in your spare time, check out this new video that was just posted:",24,114
1118,No,0,If you'd like to unsubscribe and stop receiving these emails click here: $LINK,If you'd like to unsubscribe and stop receiving these emails click here: $LINK,13,78
1119,No,0,"If you'd like to unsubscribe from Kik's marketing emails and updates, please click this link - $LINK","If you'd like to unsubscribe from Kik's marketing emails and updates, please click this link - $LINK",17,100
1120,No,0,"If you'd like to unsubscribe from all future LocalJobsFrenzy email advertisements, please click here.","If you'd like to unsubscribe from all future LocalJobsFrenzy email advertisements, please click here.",14,101
1121,No,0,"If you'd like, you can unsubscribe:","If you'd like, you can unsubscribe:",6,35
1122,No,0,"If you'd no longer like to receive communication from us, please click on the unsubscribe link.","If you'd no longer like to receive communication from us, please click on the unsubscribe link.",16,95
1123,No,0,"If you'd prefer to wait for the non-beta version, that will be available by the end of April.","If you'd prefer to wait for the non-beta version, that will be available by the end of April.",18,93
1124,No,0,"If you're looking for work, or just want to make some part time money on the side, please come check out the jobs we have available.","If you're looking for work, or just want to make some part time money on the side, please come check out the jobs we have available.",26,132
1125,No,0,"If you're thinking about getting a new card, we can help!","If you're thinking about getting a new card, we can help!",11,57
1126,No,0,"If you're unsure which loan type or program is right for you or what the next step is, don't worry you can contact us anytime and we will guide you along the way.","If you're unsure which loan type or program is right for you or what the next step is, don't worry you can contact us anytime and we will guide you along the way.",33,162
1127,No,0,"If you've ever thought about pursuing Criminal Justice, now is a great time to act.","If you've ever thought about pursuing Criminal Justice, now is a great time to act.",15,83
1128,No,0,"In Section $NUM(d), we promise that we haven't provided any gift of any kind to customers.","In Section 4.11(d), we promise that we haven't provided any gift of any kind to customers.",16,90
1129,No,0,"In a motion on the Senate floor, lawmakers killed an amendment to a broader bankruptcy reform bill that opponents said was a dangerous proposal that would have opened the door to involuntary bankruptcy filings by troubled California utilities.","In a motion on the Senate floor, lawmakers killed an amendment to a broader bankruptcy reform bill that opponents said was a dangerous proposal that would have opened the door to involuntary bankruptcy filings by troubled California utilities.",38,243
1130,No,0,"In a recent CommodityLogic staff meeting, I took stock of the number of people and projects that I have provided from Energy Operations to that team.","In a recent CommodityLogic staff meeting, I took stock of the number of people and projects that I have provided from Energy Operations to that team.",26,149
1131,No,0,"In a summary page provided by NWNG, a list of all state and federal agency actions against the company was available.","In a summary page provided by NWNG, a list of all state and federal agency actions against the company was available.",21,117
1132,No,0,"In case I can not make the meeting, I have printed the attachment.","In case I can not make the meeting, I have printed the attachment.",13,66
1133,No,0,"In case you haven't already marked your calendars, tomorrow will be my two year anniversary with the company.","In case you haven't already marked your calendars, tomorrow will be my two year anniversary with the company.",18,109
1134,No,0,In don't need to be in the e-mail loop.,In don't need to be in the e-mail loop.,9,39
1135,No,0,"In fact, folks are still trying to get the Commission to reject the IS and approve the one that we worked on (though the chances of that are not huge, at this point).","In fact, folks are still trying to get the Commission to reject the IS and approve the one that we worked on (though the chances of that are not huge, at this point).",33,166
1136,No,0,"In fact, the IRS has expanded the options this year for obtaining a filing extension.","In fact, the IRS has expanded the options this year for obtaining a filing extension.",15,85
1137,No,0,"In order to give some information about the nutritive value of this mushroom, two species of truffles have been examinated: rtuber melanosporum Vitt._ (valuable black truffle from Norcia or Spoleto) and rtuber magnatum Pico_ (valuable white truffle from Piemonte or Acqualagna).","In order to give some information about the nutritive value of this mushroom, two species of truffles have been examinated: rtuber melanosporum Vitt._ (valuable black truffle from Norcia or Spoleto) and rtuber magnatum Pico_ (valuable white truffle from Piemonte or Acqualagna).",41,278
1138,No,0,"In order to succeed, it is critical to get as many members of the Silicon Valley Manufactures' Group to join in the effort and participate actively, particularly in the media effort.","In order to succeed, it is critical to get as many members of the Silicon Valley Manufactures' Group to join in the effort and participate actively, particularly in the media effort.",31,182
1139,No,0,"In other words, if an employee is working on developing something within Enron that our competitors do not know about, expertfinder could provide them with that data/strategy.","In other words, if an employee is working on developing something within Enron that our competitors do not know about, expertfinder could provide them with that data/strategy.",27,175
1140,No,0,"In particular, Debbie does not like to drive at night any more.","In particular, Debbie does not like to drive at night any more.",12,63
1141,No,0,"In styles for every decor, at prices to please every budget.","In styles for every decor, at prices to please every budget.",11,60
1142,No,0,"In sum, the bill, in its current form, prohibits businesses and consumers from chosing an alternative energy service provider, like Enron.","In sum, the bill, in its current form, prohibits businesses and consumers from chosing an alternative energy service provider, like Enron.",21,138
1143,No,0,"In sum, the letter: expresses our commitment to continue working together to resolve the credit $NUM issues,and, requests payment for power previously delivered to CDWR and pre-payment for $NUM any new deliveries.","In sum, the letter: expresses our commitment to continue working together to resolve the credit 20 issues,and, requests payment for power previously delivered to CDWR and pre-payment for 20 any new deliveries.",32,213
1144,No,0,"In the meantime, NewPower will send a welcome letter notifying you of the effective date of your NewPower service.","In the meantime, NewPower will send a welcome letter notifying you of the effective date of your NewPower service.",19,114
1145,No,0,India based Global Software Engineering facility provides full range of IT services encompassing entire lifecycle.,India based Global Software Engineering facility provides full range of IT services encompassing entire lifecycle.,15,114
1146,No,0,"Indiana -- Donnell Harvey, $NUM, Fr., Florida: Harvey is getting rave reviews for his work ethic in workouts, and he didn't leave school early without some sort of assurance he could go in the first round.","Indiana -- Donnell Harvey, 6-8, Fr., Florida: Harvey is getting rave reviews for his work ethic in workouts, and he didn't leave school early without some sort of assurance he could go in the first round.",36,205
1147,No,0,"Instead of creating such a system, which apparently turned out to be mostly a manual system anyway, ECS is going to pay us a monthly fee to monitor CD's system peaks ourselves and decide when we need to get off line.","Instead of creating such a system, which apparently turned out to be mostly a manual system anyway, ECS is going to pay us a monthly fee to monitor CD's system peaks ourselves and decide when we need to get off line.",41,216
1148,No,0,"Instead of sending $ in and pulling $ out every month, I am going to stop sending $ into the CMA account starting this month.","Instead of sending $ in and pulling $ out every month, I am going to stop sending $ into the CMA account starting this month.",25,125
1149,No,0,InsuranceQuotes.com Reminder: Your Auto Insurance Policy Expires in $NUM Weeks,InsuranceQuotes.com Reminder: Your Auto Insurance Policy Expires in 2 Weeks,10,78
1150,No,0,Invoices and charges were discussed which So cal had charged to their management and handling of PCB's on their system.,Invoices and charges were discussed which So cal had charged to their management and handling of PCB's on their system.,20,119
1151,No,0,"Is it your dream to meet Lil Bub, sing with Beyoncé or climb Kilimanjaro?","Is it your dream to meet Lil Bub, sing with Beyoncé or climb Kilimanjaro?",14,73
1152,No,0,Is one of our agenda items to make sure that someone's attending any such hearings and reporting back?,Is one of our agenda items to make sure that someone's attending any such hearings and reporting back?,18,102
1153,No,0,Is your new address working?,Is your new address working?,5,28
1154,No,0,"Issues include salaries of employees hired by buyer (effect of Enron severance plan), other benefits for divested employees (including unvested stock options, insurance, vacation, etc.), process for divesture, payment of severance obligations, possible redeployment, etc.","Issues include salaries of employees hired by buyer (effect of Enron severance plan), other benefits for divested employees (including unvested stock options, insurance, vacation, etc.), process for divesture, payment of severance obligations, possible redeployment, etc.",35,271
1155,No,0,It ain't your voice on voicemail.,It ain't your voice on voicemail.,6,33
1156,No,0,It allows me to read news from many sources including Google Reader and easily access twitter and facebook.,It allows me to read news from many sources including Google Reader and easily access twitter and facebook.,18,107
1157,No,0,It gets increasingly important every time Richardson opens his gawd-fersaken mouth.,It gets increasingly important every time Richardson opens his gawd-fersaken mouth.,11,83
1158,No,0,It gets the company out of the spotlight and might have some real attraction for deal starved investors... esp at this price level.,It gets the company out of the spotlight and might have some real attraction for deal starved investors... esp at this price level.,23,131
1159,No,0,"It has always been necessary, if you want to reach or maintain a management position, to come up with a coherent leadership strategy.","It has always been necessary, if you want to reach or maintain a management position, to come up with a coherent leadership strategy.",23,133
1160,No,0,It is always a risk to pull together an audience of $NUM and deliver something worthwhile.,It is always a risk to pull together an audience of 90 and deliver something worthwhile.,16,90
1161,No,0,It is intended exclusively for the individual or entity to which it is addressed.,It is intended exclusively for the individual or entity to which it is addressed.,14,81
1162,No,0,It is ok to provide the requested information.,It is ok to provide the requested information.,8,46
1163,No,0,It is one of the few elements which have to bridge the budget and the cash flow statement.,It is one of the few elements which have to bridge the budget and the cash flow statement.,18,90
1164,No,0,It lets you browse the Top Applications of any country from your iPhone or iPod Touch.,It lets you browse the Top Applications of any country from your iPhone or iPod Touch.,16,86
1165,No,0,"It may be easier for my assistant to coordate these things in Houston than for you assistant to attempt that from London, given the time difference.","It may be easier for my assistant to coordate these things in Houston than for you assistant to attempt that from London, given the time difference.",26,148
1166,No,0,"It now seems that FERC has realized that it has a biz meeting in D.C. on the 13th, which makes having a meeting in San Diego on the 12th somewhat difficult.","It now seems that FERC has realized that it has a biz meeting in D.C. on the 13th, which makes having a meeting in San Diego on the 12th somewhat difficult.",31,156
1167,No,0,It really makes her mad when she does.,It really makes her mad when she does.,8,38
1168,No,0,"It seems like the weeks get longer and longer, doesn't it?","It seems like the weeks get longer and longer, doesn't it?",11,58
1169,No,0,It sounds like it gives us more flexibility.,It sounds like it gives us more flexibility.,8,44
1170,No,0,It was good to see the kids getting along as well as they did.,It was good to see the kids getting along as well as they did.,14,62
1171,No,0,It was great to get your note today.,It was great to get your note today.,8,36
1172,No,0,It was such a wonderful surprize to get the nice Halloween card and the adorable picture of Sam.,It was such a wonderful surprize to get the nice Halloween card and the adorable picture of Sam.,18,96
1173,No,0,"It will be unfortunate to miss her on my trip, but based on my commitments in Houston and Rick Causey's desire to move forward on providing trading operations support to Fernley, next week is the best for me to be in London.","It will be unfortunate to miss her on my trip, but based on my commitments in Houston and Rick Causey's desire to move forward on providing trading operations support to Fernley, next week is the best for me to be in London.",42,224
1174,No,0,It's December and we can sleep again: NaNoWriMo $NUM,It's December and we can sleep again: NaNoWriMo 2013,9,52
1175,No,0,It's a new app that lets you create and answer polls - and even earn money while doing it!,It's a new app that lets you create and answer polls - and even earn money while doing it!,19,90
1176,No,0,"It's against my nature, but I'm getting pretty close to giving up.","It's against my nature, but I'm getting pretty close to giving up.",12,66
1177,No,0,It's the best chance there is to $NUM) get a real market and $NUM) keep Edison out of bankruptcy.,It's the best chance there is to 1) get a real market and 2) keep Edison out of bankruptcy.,19,97
1178,No,0,It's too bad that the training provider can't be as responsive!,It's too bad that the training provider can't be as responsive!,11,63
1179,No,0,It's true that over the last $NUM months I have not always been able to pay attention to the flood of e-mails this project generates each day.,It's true that over the last 6 months I have not always been able to pay attention to the flood of e-mails this project generates each day.,27,142
1180,No,0,Item $NUM: Monday General News $LINK,Item 1: Monday General News $LINK,6,36
1181,No,0,Item $NUM: Wednesday General News $LINK,Item 1: Wednesday General News $LINK,6,39
1182,No,0,Items immediately available:,Items immediately available:,3,28
1183,No,0,I’d like only five minutes of your time to connect briefly to answer any questions you have on our material and discuss how uTest may be able to aid in your own testing initiatives.,I’d like only five minutes of your time to connect briefly to answer any questions you have on our material and discuss how uTest may be able to aid in your own testing initiatives.,34,181
1184,No,0,I’d love to hear your feedback on the app so please feel free to contact me anytime.,I’d love to hear your feedback on the app so please feel free to contact me anytime.,17,84
1185,No,0,"I’m graduating this week from Ithaca College with a degree in English and Creative Writing, and I believe that my experience in publishing and marketing would make me a great fit for your office.","I’m graduating this week from Ithaca College with a degree in English and Creative Writing, and I believe that my experience in publishing and marketing would make me a great fit for your office.",34,195
1186,No,0,"I’m passing you the correct link right now $LINK , because you’re a subscriber.","I’m passing you the correct link right now $LINK , because you’re a subscriber.",14,79
1187,No,0,Jamie Heathorn passed me your details as a user who ran out of space on their trial so this 1GB upgrade will protect the rest of your files.,Jamie Heathorn passed me your details as a user who ran out of space on their trial so this 1GB upgrade will protect the rest of your files.,28,140
1188,No,0,Jana: I have set up an interview for ttomorrow afternoon with Mason.,Jana: I have set up an interview for ttomorrow afternoon with Mason.,12,68
1189,No,0,"Jean, the $6M was a negotiated settlement between me and Marty Rosenberg of several old disputes as we moved forward in the restructuring of the Independence plant earlier in the year - Ruth added little other than administrative support.","Jean, the $6M was a negotiated settlement between me and Marty Rosenberg of several old disputes as we moved forward in the restructuring of the Independence plant earlier in the year - Ruth added little other than administrative support.",39,238
1190,No,0,"Jeff, feel free to send any comments directly to Jennifer (and copy me, too, since I'm always interested in your comments).","Jeff, feel free to send any comments directly to Jennifer (and copy me, too, since I'm always interested in your comments).",21,123
1191,No,0,Jennifer Bruhn Manpower Professional - National Recruiting Professional Recruiter Email: $EMAIL,Jennifer Bruhn Manpower Professional - National Recruiting Professional Recruiter Email: jennifer.bruhn@na.manpower.com,11,95
1192,No,0,"Jennifer, you are very welcome and I look forward to continuing to work with you - all the best.","Jennifer, you are very welcome and I look forward to continuing to work with you - all the best.",19,96
1193,No,0,"Jere, I understand your frustruation and I am very motived to prove out the insurance product; however, I do think John has a legitimate concern (especially given the fact that this group blew up very publically internally and externally and we need to repair the image internally and market perception externally in order to be successful in the future) surrounding multiple groups covering the same customers with different stories.","Jere, I understand your frustruation and I am very motived to prove out the insurance product; however, I do think John has a legitimate concern (especially given the fact that this group blew up very publically internally and externally and we need to repair the image internally and market perception externally in order to be successful in the future) surrounding multiple groups covering the same customers with different stories.",69,434
1194,No,0,Joanie found the email from CALP stating they did receive the wire payment.,Joanie found the email from CALP stating they did receive the wire payment.,13,75
1195,No,0,"John, I asked Brian to investigate taking a number of ESA's engineering folks into his central Technical Services group.","John, I asked Brian to investigate taking a number of ESA's engineering folks into his central Technical Services group.",19,120
1196,No,0,Jordan01235 can now play!,Jordan01235 can now play!,4,25
1197,No,0,"Jose, I think the supplemental info you have provided is outstanding and helpful to the lenders in understanding the overall picture and the history.","Jose, I think the supplemental info you have provided is outstanding and helpful to the lenders in understanding the overall picture and the history.",24,149
1198,No,0,"Jude, in the event that you experience technical difficulties with our new layout or if you would like to share your thoughts about it with me, please email me at $EMAIL or just hit the reply button to this email","Jude, in the event that you experience technical difficulties with our new layout or if you would like to share your thoughts about it with me, please email me at bethea@myhealthwealthandhappiness.com or just hit the reply button to this email",40,212
1199,No,0,"Judging from your e-mail, it sounds like you had some fun in your exercises- I guess that English degree is finally paying off.","Judging from your e-mail, it sounds like you had some fun in your exercises- I guess that English degree is finally paying off.",23,127
1200,No,0,July has ended... BUT there is still time to take advantage of MONTH-END,July has ended... BUT there is still time to take advantage of MONTH-END,13,72
1201,No,0,June $NUM $NUM: Fertile Day $NUM - Est due date $NUM/$NUM/$NUM $NUM: Fertile Day $NUM - Est due date $NUM/$NUM/$NUM $NUM: Fertile Day $NUM - Est due date $NUM/$NUM/$NUM $NUM: Fertile Day $NUM - most likely to ovulate $NUM: Fertile Day $NUM - Est due date $NUM/$NUM/$NUM $NUM: Period Day $NUM $NUM: Period Day $NUM,June 2011 13: Fertile Day 1 - Est due date 02/28/12 14: Fertile Day 2 - Est due date 02/28/12 15: Fertile Day 3 - Est due date 02/28/12 16: Fertile Day 4 - most likely to ovulate 17: Fertile Day 5 - Est due date 02/28/12 29: Period Day 1 30: Period Day 2,55,313
1202,No,0,June was an awesome month at Shareaholic!,June was an awesome month at Shareaholic!,7,41
1203,No,0,Just after lunch if possible.,Just after lunch if possible.,5,29
1204,No,0,"Just between thee and me, I think this note gets to some of the challenges we faced and discussed as part of our ""group gropes"" over the last several months.","Just between thee and me, I think this note gets to some of the challenges we faced and discussed as part of our ""group gropes"" over the last several months.",30,157
1205,No,0,Just click on the link below to view this note I want to share with you.,Just click on the link below to view this note I want to share with you.,16,72
1206,No,0,"Just learned that California's key small consumer group, TURN, will be sending a letter to the PUC saying that it would be a violation of due process to issue on Thursday the sorts of orders the PUC is comtemplating without first giving folks a chance to comment.","Just learned that California's key small consumer group, TURN, will be sending a letter to the PUC saying that it would be a violation of due process to issue on Thursday the sorts of orders the PUC is comtemplating without first giving folks a chance to comment.",47,263
1207,No,0,Just looking for someone to finance the development of my land.,Just looking for someone to finance the development of my land.,11,63
1208,No,0,Just looking forward to the weekend.,Just looking forward to the weekend.,6,36
1209,No,0,"Just want to add that $NUM) if we're uneasy about wearing the full requirements risk, then focusing on offering a purely wholesale deal can still be very attractive, given SDG&E's blunders w.r.t.","Just want to add that 1) if we're uneasy about wearing the full requirements risk, then focusing on offering a purely wholesale deal can still be very attractive, given SDG&E's blunders w.r.t.",32,195
1210,No,0,Just wanted to make sure that we have him on the right list.,Just wanted to make sure that we have him on the right list.,13,60
1211,No,0,KO somehow gets the information from CGAS.,KO somehow gets the information from CGAS.,7,42
1212,No,0,Kari just wrote me an email expressing great appreciation for the materials.,Kari just wrote me an email expressing great appreciation for the materials.,12,76
1213,No,0,Kate Spade: Up to $NUM% Off Surprise Sale + Extra $NUM% Off When You Buy Two or More Select Items,Kate Spade: Up to 75% Off Surprise Sale + Extra 20% Off When You Buy Two or More Select Items,20,97
1214,No,0,"Katherine L. wants to share the movie 'My Movie from MAR $NUM, $NUM' with you!","Katherine L. wants to share the movie 'My Movie from MAR 5, 2013' with you!",15,78
1215,No,0,Kayla01235 can now play!,Kayla01235 can now play!,4,24
1216,No,0,Keep spending time getting advice from Barbara.,Keep spending time getting advice from Barbara.,7,47
1217,No,0,Ken: currently we get outside E-mails from PIRA and Enerfax on a daily basis.,Ken: currently we get outside E-mails from PIRA and Enerfax on a daily basis.,14,77
1218,No,0,"Kevin, how do we get at the transmission without buying the entire company?","Kevin, how do we get at the transmission without buying the entire company?",13,75
1219,No,0,Kick off Your Half-Year Resolution on July $NUM.,Kick off Your Half-Year Resolution on July 11.,8,48
1220,No,0,"Kimat, I copied Sep forward on deal $NUM to deal $NUM and changed the counterparty to new power.","Kimat, I copied Sep forward on deal 202939 to deal 380571 and changed the counterparty to new power.",18,96
1221,No,0,LAST CALL BEFORE CHRISTMAS,LAST CALL BEFORE CHRISTMAS,4,26
1222,No,0,LAST DAY TO BOGO + $NUM% OFF + FREE SHIPPING!,LAST DAY TO BOGO + 15% OFF + FREE SHIPPING!,10,45
1223,No,0,LAST DAY TO BOGO + FREE SHIPPING!,LAST DAY TO BOGO + FREE SHIPPING!,7,33
1224,No,0,LAST WEEKEND TO BOGO + $NUM% OFF + FREE SHIPPING!,LAST WEEKEND TO BOGO + 15% OFF + FREE SHIPPING!,10,49
1225,No,0,LAST-MINUTE HALLOWEEN COSTUME IDEAS: waldo halloween costume $LINK,LAST-MINUTE HALLOWEEN COSTUME IDEAS: waldo halloween costume $LINK,8,66
1226,No,0,Last Week $LINK,Last Week $LINK,3,15
1227,No,0,"Last year, a survey by ratings agency Nielsen found that YouTube is the go-to platform for teenagers looking to listen to or discover new...","Last year, a survey by ratings agency Nielsen found that YouTube is the go-to platform for teenagers looking to listen to or discover new...",24,140
1228,No,0,"Lastly, and I think this is just administrative stuff, Kristi's Roth IRA does not show up on the web or on the statements we receive in the mail.","Lastly, and I think this is just administrative stuff, Kristi's Roth IRA does not show up on the web or on the statements we receive in the mail.",28,145
1229,No,0,Laura: Attached are the letters that I referenced in the previous email.,Laura: Attached are the letters that I referenced in the previous email.,12,72
1230,No,0,Life is busy at Enron and I literally receive hundreds of e:mails every week.,Life is busy at Enron and I literally receive hundreds of e:mails every week.,14,77
1231,No,0,"Listen, I have your email adress but not your phone #.","Listen, I have your email adress but not your phone #.",11,54
1232,No,0,Litigation by persons who lose their jobs as a result of the transaction and who choose not to sign the waiver for double the severance benefits is possible.,Litigation by persons who lose their jobs as a result of the transaction and who choose not to sign the waiver for double the severance benefits is possible.,28,157
1233,No,0,Longer tasks can cause you to lose focus on your initial project and cost you time when you try to restart.,Longer tasks can cause you to lose focus on your initial project and cost you time when you try to restart.,21,107
1234,No,0,Look forward to drinking a few beers.,Look forward to drinking a few beers.,7,37
1235,No,0,Look forward to meeting on Wednesday.,Look forward to meeting on Wednesday.,6,37
1236,No,0,Look forward to meeting you on Saturday.,Look forward to meeting you on Saturday.,7,40
1237,No,0,Look forward to meeting you.,Look forward to meeting you.,5,28
1238,No,0,Look forward to reviewing your proposal.,Look forward to reviewing your proposal.,6,40
1239,No,0,Look forward tot he dinner on the 14th of May.,Look forward tot he dinner on the 14th of May.,10,46
1240,No,0,Looking forward to chilling out by the pool for a week and doing nothing.,Looking forward to chilling out by the pool for a week and doing nothing.,14,73
1241,No,0,Looking forward to hearing from you.,Looking forward to hearing from you.,6,36
1242,No,0,Looking forward to it.,Looking forward to it.,4,22
1243,No,0,Looking forward to seeing you.,Looking forward to seeing you.,5,30
1244,No,0,Looks like we are getting another $$NUM,"Looks like we are getting another $5,000.00",7,39
1245,No,0,"Lynch's failure to ""ensure that the commission's Aug. $NUM, $NUM, emergency order on long-term contracts was quickly implemented has placed the state budget at risk for costs now at least $NUM% higher,"" the letter said.","Lynch's failure to ""ensure that the commission's Aug. 3, 2000, emergency order on long-term contracts was quickly implemented has placed the state budget at risk for costs now at least 40% higher,"" the letter said.",35,219
1246,No,0,ME Cancun Complete - All-Inclusive,ME Cancun Complete - All-Inclusive,5,34
1247,No,0,ME Cancun Complete by Melia - All-Inclusive,ME Cancun Complete by Melia - All-Inclusive,7,43
1248,No,0,"MG Metals -- handled issues surrounding termination of Rudolph Wolff employees, including separation agreements, negotiations with counsel, etc. Project Falcon -- reviewed diligence reports, client discussions.","MG Metals -- handled issues surrounding termination of Rudolph Wolff employees, including separation agreements, negotiations with counsel, etc. Project Falcon -- reviewed diligence reports, client discussions.",26,210
1249,No,0,March $NUM $NUM: Period Day $NUM $NUM: Period Day $NUM $NUM: Period Day $NUM $NUM: Period Day $NUM $NUM: Period Day $NUM $NUM: Period Day $NUM $NUM: Period Day $NUM $NUM: Fertile Day $NUM - Est due date $NUM/$NUM/$NUM $NUM: Fertile Day $NUM - Est due date $NUM/$NUM/$NUM $NUM: Fertile Day $NUM - Est due date $NUM/$NUM/$NUM $NUM: Fertile Day $NUM - most likely to ovulate,March 2011 12: Period Day 1 13: Period Day 2 14: Period Day 3 15: Period Day 4 16: Period Day 5 17: Period Day 6 18: Period Day 7 28: Fertile Day 1 - Est due date 12/17/11 29: Fertile Day 2 - Est due date 12/17/11 30: Fertile Day 3 - Est due date 12/17/11 31: Fertile Day 4 - most likely to ovulate,66,371
1250,No,0,Mark Haedicke requested I forward the attached drawing.,Mark Haedicke requested I forward the attached drawing.,8,55
1251,No,0,"Mark Taylor wanted to hold up transferring confirm responsibility to Calgary, so we still need to provide excellent service to them.","Mark Taylor wanted to hold up transferring confirm responsibility to Calgary, so we still need to provide excellent service to them.",21,132
1252,No,0,Mark Taylor will send a list of proposed topics for the European conference.,Mark Taylor will send a list of proposed topics for the European conference.,13,76
1253,No,0,"Mark, this is great - giving the increased exposure/politics in some of these markets it makes a lot of sense.","Mark, this is great - giving the increased exposure/politics in some of these markets it makes a lot of sense.",20,110
1254,No,0,Married folks with kids... get a baby sitter!!!,Married folks with kids... get a baby sitter!!!,8,47
1255,No,0,Marvelous modern treasures you won't want to miss.,Marvelous modern treasures you won't want to miss.,8,50
1256,No,0,May make a difference in information provided.,May make a difference in information provided.,7,46
1257,No,0,McDonald's and Burger King collide and we want to know which fast food restaurant do you prefer.,McDonald's and Burger King collide and we want to know which fast food restaurant do you prefer.,17,96
1258,No,0,Me Jump - The Ultimate Addictive Arcade Game $$NUM BrothersApps,Me Jump - The Ultimate Addictive Arcade Game $0.99 BrothersApps,10,63
1259,No,0,"Meanwhile, I would like to inform you that your hosting account is already active and ready to be used.","Meanwhile, I would like to inform you that your hosting account is already active and ready to be used.",19,103
1260,No,0,"Memeo C1 is a simple way for employees to access and update important business documents across computers and mobile devices, without your IT Admin having to give up security and control.","Memeo C1 is a simple way for employees to access and update important business documents across computers and mobile devices, without your IT Admin having to give up security and control.",31,187
1261,No,0,"Memory-maker or nightmare -- could be a toss up, but maybe worth the try.","Memory-maker or nightmare -- could be a toss up, but maybe worth the try.",14,73
1262,No,0,"Message received on Wednesday, December 31st at $NUM:$NUM PM CST","Message received on Wednesday, December 31st at 6:00 PM CST",10,64
1263,No,0,Mesut Özil is that kind of a player that you need to watch with $NUM% concentration to see what exactly he does on field.,Mesut Özil is that kind of a player that you need to watch with 101% concentration to see what exactly he does on field.,24,121
1264,No,0,"Michael Tribolet and I (about $NUM% Michael) have put together a rough cut analysis of the core/noncore structure, and some scenarios Hertzberg has asked for.","Michael Tribolet and I (about 99% Michael) have put together a rough cut analysis of the core/noncore structure, and some scenarios Hertzberg has asked for.",25,158
1265,No,0,Mick does not think there are any other outstanding issues for transport as a methodology has been established and agreed upon for $NUM/$NUM forward.,Mick does not think there are any other outstanding issues for transport as a methodology has been established and agreed upon for 1/2000 forward.,24,149
1266,No,0,"Mike's wife decided not to make the trip, so he won't be using the tickets.","Mike's wife decided not to make the trip, so he won't be using the tickets.",15,75
1267,No,0,Mitchell Falls ~ Western Australia $LINK,Mitchell Falls ~ Western Australia $LINK,6,40
1268,No,0,Mom: Oh! Did you get a job??!,Mom: Oh! Did you get a job??!,7,29
1269,No,0,Monday OneDay Coupon Codes!,Monday OneDay Coupon Codes!,4,27
1270,No,0,Monday OneDay Sale! Instant Rebate!,Monday OneDay Sale! Instant Rebate!,5,35
1271,No,0,Monday through Friday:,Monday through Friday:,3,22
1272,No,0,"Monday, April 16th","Monday, April 16th",3,18
1273,No,0,"Monday, August 6th","Monday, August 6th",3,18
1274,No,0,"Monday, June 4th ညီ ညီ လြင္ - $LINK","Monday, June 4th ညီ ညီ လြင္ - $LINK",8,35
1275,No,0,"Monday, May 14th","Monday, May 14th",3,16
1276,No,0,More arrows for our quiver in trying to get out the truth.,More arrows for our quiver in trying to get out the truth.,12,58
1277,No,0,More top books this week:,More top books this week:,5,25
1278,No,0,Morgan McKeel retweeted za☪h @ZACHARYDUPUIS relationship like this please $LINK,Morgan McKeel retweeted za☪h @ZACHARYDUPUIS relationship like this please $LINK,10,79
1279,No,0,"Most of these are the wrong people, but they should be able to get you to the right person.","Most of these are the wrong people, but they should be able to get you to the right person.",19,91
1280,No,0,"Move to Prohibit Customer Choice As you may know, AB1X, the bill that the Legislature recently passed and the Governor signed, gives the California Department of Water Resources the authority to buy power on behalf of the utilities.","Move to Prohibit Customer Choice As you may know, AB1X, the bill that the Legislature recently passed and the Governor signed, gives the California Department of Water Resources the authority to buy power on behalf of the utilities.",38,232
1281,No,0,"Mr. Lay discussed the core/noncore proposal extensively during his trip to Sacramento several weeks ago when, as you recall, he visited Sacramento and met with a variety of legislators from both sides of the aisle to discuss solutions to California's electricity crisis.","Mr. Lay discussed the core/noncore proposal extensively during his trip to Sacramento several weeks ago when, as you recall, he visited Sacramento and met with a variety of legislators from both sides of the aisle to discuss solutions to California's electricity crisis.",42,270
1282,No,0,"Mr. Stewart, as per you voice mail request to me on Feb. $NUM, $NUM, attached is the correspondance concerning the reqeust to replace the mixing valves with carbuerators at the Northern Natural Gas, Spraberry Plant.","Mr. Stewart, as per you voice mail request to me on Feb. 20, 2001, attached is the correspondance concerning the reqeust to replace the mixing valves with carbuerators at the Northern Natural Gas, Spraberry Plant.",35,215
1283,No,0,Ms Bennett: Thanks for the voicemail.,Ms Bennett: Thanks for the voicemail.,6,37
1284,No,0,Must start emailing around.....,Must start emailing around.....,4,31
1285,No,0,"My Dear Friend, I am now using The Sites Preview, and it's really fun and inspirational.","My Dear Friend, I am now using The Sites Preview, and it's really fun and inspirational.",16,88
1286,No,0,My address is:,My address is:,3,14
1287,No,0,My contacts at The New Power company said you should call this number $NUM.,My contacts at The New Power company said you should call this number 1-888-926-9988.,14,75
1288,No,0,My e-mail address is changed to mark.e.haedicke.enron.com,My e-mail address is changed to mark.e.haedicke.enron.com,7,57
1289,No,0,My flight gets into S.D. at at $NUM:$NUM on southwest.,My flight gets into S.D. at at 8:35 on southwest.,10,54
1290,No,0,My flowers have not been delivered.,My flowers have not been delivered.,6,35
1291,No,0,My focus is to help Enron people get back to work (Permanent or Contract openings).,My focus is to help Enron people get back to work (Permanent or Contract openings).,15,83
1292,No,0,My mail stop is EB 3125A.,My mail stop is EB 3125A.,6,25
1293,No,0,"My opinion at this point is that she can do it, so long as it is on her own time and using her own resources, and, of course, provided that she reveals no Enron-specific information.","My opinion at this point is that she can do it, so long as it is on her own time and using her own resources, and, of course, provided that she reveals no Enron-specific information.",35,182
1294,No,0,My reading of the email to all employees is that it does not include temporary employees.,My reading of the email to all employees is that it does not include temporary employees.,16,89
1295,No,0,"My schedule is extremely flexible, and I would like to start working as soon as possible.","My schedule is extremely flexible, and I would like to start working as soon as possible.",16,89
1296,No,0,My system shows ENA delivered $NUM to Canajoharie and $NUM to Tenn-Wright one day (you though little ol' ENA was taking advantage of you).,"My system shows ENA delivered 130,000 to Canajoharie and 5,000 to Tenn-Wright one day (you though little ol' ENA was taking advantage of you).",24,138
1297,No,0,NYISO Customer Relations staff has sent this e-mail notice to you because a resolution is included.,NYISO Customer Relations staff has sent this e-mail notice to you because a resolution is included.,16,99
1298,No,0,Nancy and Mary took the budget news well.,Nancy and Mary took the budget news well.,8,41
1299,No,0,NeatConnect's Wi-Fi capability lets you put it wherever your paper is.,NeatConnect's Wi-Fi capability lets you put it wherever your paper is.,11,70
1300,No,0,"Need to get status of those conversations.My understanding was that, if there's a problem with the decision, perhaps our filing would be pushed a bit past the Tuesday.","Need to get status of those conversations.My understanding was that, if there's a problem with the decision, perhaps our filing would be pushed a bit past the Tuesday.",28,167
1301,No,0,"Needless to say, given the Governor's press release, I'm a little concerned about what he might want.","Needless to say, given the Governor's press release, I'm a little concerned about what he might want.",17,101
1302,No,0,No goods or services were provided in consideration of this gift.,No goods or services were provided in consideration of this gift.,11,65
1303,No,0,No problem - our mobile portal lets you get to your files on the move as well!,No problem - our mobile portal lets you get to your files on the move as well!,17,78
1304,No,0,No problem with the plan to send a demand letter to El Paso on the measurement issue.,No problem with the plan to send a demand letter to El Paso on the measurement issue.,17,85
1305,No,0,"No, I didn't get the message that Cara had called.","No, I didn't get the message that Cara had called.",10,50
1306,No,0,"Nokia estimates it is likely to earn $NUM European cents a share in the first quarter, in line with estimates it provided in January.","Nokia estimates it is likely to earn 19 European cents a share in the first quarter, in line with estimates it provided in January.",24,133
1307,No,0,None as of right now.,None as of right now.,5,21
1308,No,0,"Not all Foundation members are getting OU tix any more, so I continue to consider myself lucky to continue getting tickets at all.","Not all Foundation members are getting OU tix any more, so I continue to consider myself lucky to continue getting tickets at all.",23,130
1309,No,0,Not only will you save money but you'll also have more control over the healthier options.,Not only will you save money but you'll also have more control over the healthier options.,16,90
1310,No,0,Note there is at least one issue we ought to think about a bit more--whether to have Stan imply there may be other goodies available other than the Hobbs Line.,Note there is at least one issue we ought to think about a bit more--whether to have Stan imply there may be other goodies available other than the Hobbs Line.,30,159
1311,No,0,Notes: Task Created on $NUM/$NUM/$NUM.,Notes: Task Created on 03/28/2011.,5,38
1312,No,0,"Nothing substantial came up on Helsinki, so it was fine that we didn't get to talk today.","Nothing substantial came up on Helsinki, so it was fine that we didn't get to talk today.",17,89
1313,No,0,Now Is a Great Time to Compare Homeowners Quotes in Zephyrhills:,Now Is a Great Time to Compare Homeowners Quotes in Zephyrhills:,11,64
1314,No,0,Now as Low as $$NUM Ocean View!,Now as Low as $99 Ocean View!,7,31
1315,No,0,Now we'd like to draw your attention to another news-making issue: Net neutrality.,Now we'd like to draw your attention to another news-making issue: Net neutrality.,13,82
1316,No,0,Now you can post images on the Ring’s message board,Now you can post images on the Ring’s message board,10,51
1317,No,0,"Now, show us you want to win $$NUMOOO.OO Every Week For Life by clicking below and searching at PCHSearch&Win.","Now, show us you want to win $5,OOO.OO Every Week For Life by clicking below and searching at PCHSearch&Win.",19,110
1318,No,0,"Now, that may not hold water in next session, but at least it makes sure Sacramento picks up the issue.","Now, that may not hold water in next session, but at least it makes sure Sacramento picks up the issue.",20,103
1319,No,0,"ON the other two items, I'll send you separate emails on each.","ON the other two items, I'll send you separate emails on each.",12,62
1320,No,0,"Of course, this week is also a great time to discuss with your kids what Easter is all about.","Of course, this week is also a great time to discuss with your kids what Easter is all about.",19,93
1321,No,0,Often I think too literally and narrowly and forget about the importance of spin.,Often I think too literally and narrowly and forget about the importance of spin.,14,81
1322,No,0,"Oh great, the knuckleheads at PG&E will get SoCal all spooked.","Oh great, the knuckleheads at PG&E will get SoCal all spooked.",11,62
1323,No,0,Oil Pollution Act-OPA $NUM plans had been prepared and were up to date,Oil Pollution Act-OPA 90 plans had been prepared and were up to date,13,70
1324,No,0,"Ok to talk to him, I just don't want to get his expectations up.","Ok to talk to him, I just don't want to get his expectations up.",14,64
1325,No,0,"On Feb $NUM, $NUM, at $NUM:$NUM PM, I Use This App sent a direct message on Twitter:","On Feb 26, 2013, at 11:00 PM, I Use This App sent a direct message on Twitter:",17,84
1326,No,0,"On Friday, October $NUM, $NUM, M3iworks & SVMG proudly launched SVMG's new website--designed to be the ""go-to"" site for SVMG member companies, legislators representing Silicon Valley, and public and private sector entities concerned about key Silicon Valley quality-of-life issues and what employers and legislators are doing to address the critical challenges we face.","On Friday, October 26, 2001, M3iworks & SVMG proudly launched SVMG's new website--designed to be the ""go-to"" site for SVMG member companies, legislators representing Silicon Valley, and public and private sector entities concerned about key Silicon Valley quality-of-life issues and what employers and legislators are doing to address the critical challenges we face.",53,369
1327,No,0,"On July $NUM, $NUM, picplz will shut down permanently and all photos and data will be deleted.","On July 3, 2012, picplz will shut down permanently and all photos and data will be deleted.",17,94
1328,No,0,"On May 3rd, we discovered suspicious network activity on the LastPass internal network.","On May 3rd, we discovered suspicious network activity on the LastPass internal network.",13,87
1329,No,0,"On November $NUM, YouTube will honor the artists you love in a global celebration with live performances by Lady Gaga, Eminem, Arcade Fire and more.","On November 3, YouTube will honor the artists you love in a global celebration with live performances by Lady Gaga, Eminem, Arcade Fire and more.",25,148
1330,No,0,"On a different note, the current Monterrey control budget is showing a $$NUM3M negative variance from the original control budget.","On a different note, the current Monterrey control budget is showing a $5.3M negative variance from the original control budget.",20,130
1331,No,0,"On the days where deal $NUM is applicable, the purchases and sale should balance out; no flow.","On the days where deal 135563 is applicable, the purchases and sale should balance out; no flow.",17,94
1332,No,0,"On the means of delivery, I am not sure from your note whether or not I fully understand the intent.","On the means of delivery, I am not sure from your note whether or not I fully understand the intent.",20,100
1333,No,0,"Once again, we get in on Saturday (10th) about 9pm.","Once again, we get in on Saturday (10th) about 9pm.",10,51
1334,No,0,"Once the Bundeskartellamt gives its blessing, we expect to see Covisint up and running in $NUM days.""","Once the Bundeskartellamt gives its blessing, we expect to see Covisint up and running in 30 days.""",17,101
1335,No,0,"Once you update your app, youʼll no longer have access to the social network.","Once you update your app, youʼll no longer have access to the social network.",14,77
1336,No,0,"Once you've reached that limit, you'll receive an alert asking if you'd like to purchase the full version which has no limit on the number of list items you can create.","Once you've reached that limit, you'll receive an alert asking if you'd like to purchase the full version which has no limit on the number of list items you can create.",31,168
1337,No,0,One Week to Christmas,One Week to Christmas,4,21
1338,No,0,"One day, I want to learn how to crawl in a ventilation shaft.","One day, I want to learn how to crawl in a ventilation shaft.",13,61
1339,No,0,One has to submit testimony to get certified!,One has to submit testimony to get certified!,8,45
1340,No,0,One is a word file with a suggested list of business leaders that we might bring into the discussions.,One is a word file with a suggested list of business leaders that we might bring into the discussions.,19,102
1341,No,0,"One of these four short plans can help you start now, building not just your Bible-reading confidence, but even your faith in God through His Word:","One of these four short plans can help you start now, building not just your Bible-reading confidence, but even your faith in God through His Word:",26,147
1342,No,0,"One thing I'm not clear on and that I couldn't find in the syllabus is, what's the format for the write up?","One thing I'm not clear on and that I couldn't find in the syllabus is, what's the format for the write up?",22,107
1343,No,0,"Opps, I'm late for a meeting!","Opps, I'm late for a meeting!",6,29
1344,No,0,Or were u at now,Or were u at now,5,16
1345,No,0,Our QCF director will take you to lunch after the seminar.,Our QCF director will take you to lunch after the seminar.,11,58
1346,No,0,"Our goal is to direct orders to the market center offering the best possible execution price, without consideration of order flow payments.","Our goal is to direct orders to the market center offering the best possible execution price, without consideration of order flow payments.",22,139
1347,No,0,Our guy John Neslage is trying to pull together exactly what you're requesting.,Our guy John Neslage is trying to pull together exactly what you're requesting.,13,79
1348,No,0,Our intention is to fedex the ISDA out to Steve tonight.,Our intention is to fedex the ISDA out to Steve tonight.,11,56
1349,No,0,"Our kids will get out of school on Friday, May $NUM.","Our kids will get out of school on Friday, May 25.",11,52
1350,No,0,Our subcommitte is meeting tomorrow to try to close the deal on a proposed solution.,Our subcommitte is meeting tomorrow to try to close the deal on a proposed solution.,15,84
1351,No,0,Our website will bring you as much information as we can find to this... $LINK,Our website will bring you as much information as we can find to this... $LINK,15,78
1352,No,0,"Over the last several years, Dominion Transmission has worked hard providing additional value to producers on its gathering system and through innovative projects and joint ventures.","Over the last several years, Dominion Transmission has worked hard providing additional value to producers on its gathering system and through innovative projects and joint ventures.",26,182
1353,No,0,"PCHSearch&Win, we'd like to share this exciting information with you right now!","PCHSearch&Win, we'd like to share this exciting information with you right now!",12,79
1354,No,0,PS I apoligize if you got this email message twice; I have two email,PS I apoligize if you got this email message twice; I have two email,14,68
1355,No,0,Parquet ever get in touch with you?,Parquet ever get in touch with you?,7,35
1356,No,0,"Pat/Christian: I'm assuming that the IOUs wouldn't be dumb enough to recommend something that would have an adverse effect on DWR's creditworthiness, but wanted to make sure you had a chance to review--just in case they're not as smart as I assume.","Pat/Christian: I'm assuming that the IOUs wouldn't be dumb enough to recommend something that would have an adverse effect on DWR's creditworthiness, but wanted to make sure you had a chance to review--just in case they're not as smart as I assume.",42,248
1357,No,0,Paul Kaufman mentioned that you'd like to see the testimony that Steve Kean (at a congressional field hearing in San Diego) and I (at a FERC field hearing in San Diego) gave a few weeks ago.,Paul Kaufman mentioned that you'd like to see the testimony that Steve Kean (at a congressional field hearing in San Diego) and I (at a FERC field hearing in San Diego) gave a few weeks ago.,36,190
1358,No,0,"Paul: Here's additional info for the ""curtailment"" data that we're pulling together.","Paul: Here's additional info for the ""curtailment"" data that we're pulling together.",12,84
1359,No,0,Paul: Here's additional info for the curtailment data that we're pulling together.,Paul: Here's additional info for the curtailment data that we're pulling together.,12,82
1360,No,0,Per my previous e-mail.,Per my previous e-mail.,4,23
1361,No,0,"Per my voice mail message, attached is a draft memo regarding Brent's role in London.","Per my voice mail message, attached is a draft memo regarding Brent's role in London.",15,85
1362,No,0,"Per my voicemail, attached is a proposed statement to open the Executive Committee meeting on Monday.","Per my voicemail, attached is a proposed statement to open the Executive Committee meeting on Monday.",16,101
1363,No,0,"Per my voicemail, we will need the executed guaranty by Tuesday, October $NUM $NUM, $NUM.","Per my voicemail, we will need the executed guaranty by Tuesday, October 2 4, 2000.",15,89
1364,No,0,"Per our discussion, attached is my rough draft of the Legal Script.","Per our discussion, attached is my rough draft of the Legal Script.",12,67
1365,No,0,Per your requests attached is a $NUM year proposal for Firm Transportation on Oasis to deliver gas to Lone Star Kerrville.,Per your requests attached is a 1 year proposal for Firm Transportation on Oasis to deliver gas to Lone Star Kerrville.,21,122
1366,No,0,"Permitting and Air Quality Issues Developers of distributed (i.e., =$NUM&on-site=$NUM) generation that is $NUM MWs or greater must receive certification from the California Energy Commission an d therefore face all of the impediments to development that large-scale generation faces.","Permitting and Air Quality Issues Developers of distributed (i.e., =01&on-site=018) generation that is 50 MWs or greater must receive certification from the California Energy Commission an d therefore face all of the impediments to development that large-scale generation faces.",39,283
1367,No,0,"Permitting and Air Quality Issues Developers of distributed (i.e., =$NUM&on-site=$NUM) generation that is $NUM MWs or greater must receive certification from the California Energy Commission an d therefore faces all of the impediments to development that large-scale generation faces.","Permitting and Air Quality Issues Developers of distributed (i.e., =01&on-site=018) generation that is 50 MWs or greater must receive certification from the California Energy Commission an d therefore faces all of the impediments to development that large-scale generation faces.",39,284
1368,No,0,Plan includes eventual connections to existing and planned trans-Pacific systems.,Plan includes eventual connections to existing and planned trans-Pacific systems.,10,81
1369,No,0,Please click the link below to confirm that you'd like to receive emails from Home Based Business Sign Ups.,Please click the link below to confirm that you'd like to receive emails from Home Based Business Sign Ups.,19,107
1370,No,0,"Please click the link below to confirm your email address, so that we can let you know when people are trying to chat with you!","Please click the link below to confirm your email address, so that we can let you know when people are trying to chat with you!",25,127
1371,No,0,"Please do not hesitate to email with any questions you may have, and once again thank you for all your support!","Please do not hesitate to email with any questions you may have, and once again thank you for all your support!",21,111
1372,No,0,"Please don't reply to this email, if you need to reach us please email customer service by clicking on this link:","Please don't reply to this email, if you need to reach us please email customer service by clicking on this link:",21,113
1373,No,0,"Please feel free to contact a counselor at $NUM x $NUM, if you need further assistance.","Please feel free to contact a counselor at 1-800-769-3571 x 1910, if you need further assistance.",16,87
1374,No,0,"Please know that at Pogo, we don't want to send you information you don't want to receive.","Please know that at Pogo, we don't want to send you information you don't want to receive.",17,90
1375,No,0,Please reach out to us anytime if you have questions or suggestions at $EMAIL.,Please reach out to us anytime if you have questions or suggestions at support@gyft.com.,14,78
1376,No,0,"Positive Living Tip of the Day Monday January $NUM, $NUM Your Environment Do you live or work in an environment that creates undue stress in your life?","Positive Living Tip of the Day Monday January 29, 2001 Your Environment Do you live or work in an environment that creates undue stress in your life?",27,151
1377,No,0,"Preferably Tu, W, Th, the week of the 11th.","Preferably Tu, W, Th, the week of the 11th.",9,43
1378,No,0,Prentice ever get back to you regarding logistics about tomorrow nite?,Prentice ever get back to you regarding logistics about tomorrow nite?,11,70
1379,No,0,"Prentice said that she didn't get it, so just wanted to make sure that it wasn't lost in cyberspace somewhere.","Prentice said that she didn't get it, so just wanted to make sure that it wasn't lost in cyberspace somewhere.",20,110
1380,No,0,Presentations and discussion: $NUM:$NUM - $NUM:$NUM a.m.,Presentations and discussion: 8:15 - 9:30 a.m.,7,56
1381,No,0,Presents sure to please every personality—and every budget.,Presents sure to please every personality&mdash;and every budget.,8,59
1382,No,0,Presents to please just about everyone—at prices that will more than please you.,Presents to please just about everyone&mdash;at prices that will more than please you.,13,80
1383,No,0,President Obama on Monday responded to growing concerns about the nation's battered housing market by unveiling a plan to help reduce the monthly mortgage payment of homeowners who owe more than their properties are worth.,President Obama on Monday responded to growing concerns about the nation's battered housing market by unveiling a plan to help reduce the monthly mortgage payment of homeowners who owe more than their properties are worth.,35,222
1384,No,0,Pretty much as soon as I can get all my shit together.,Pretty much as soon as I can get all my shit together.,12,54
1385,No,0,Probably wouldn't hurt to log the same call or e:mail in to the rest of the guys on the list.,Probably wouldn't hurt to log the same call or e:mail in to the rest of the guys on the list.,20,93
1386,No,0,Property in the Emerald Triangle... Forever yours and complete with a crew to grow the dankest headiest medicine nature can provide.,Property in the Emerald Triangle... Forever yours and complete with a crew to grow the dankest headiest medicine nature can provide.,21,132
1387,No,0,Prospective students should discuss these options with a school representative.If you wish to unsubscribe please go here $LINK,Prospective students should discuss these options with a school representative.If you wish to unsubscribe please go here $LINK,18,126
1388,No,0,Proven ability to hire and retain talented people Ability to create a sense of urgency for the over-achievement of plan revenue targets.,Proven ability to hire and retain talented people Ability to create a sense of urgency for the over-achievement of plan revenue targets.,22,136
1389,No,0,QFs who voluntarily switched to PX pricing have been getting paid full PX prices (and there seem to be a couple of thousand MWs that have switched.,QFs who voluntarily switched to PX pricing have been getting paid full PX prices (and there seem to be a couple of thousand MWs that have switched.,27,147
1390,No,0,Questions which arose during my discussions with Sue Garven today concerning the turbine performance and associated warranty and TAA issues.,Questions which arose during my discussions with Sue Garven today concerning the turbine performance and associated warranty and TAA issues.,20,140
1391,No,0,Quora keeps throwing mouth-watering insults at me:,Quora keeps throwing mouth-watering insults at me:,7,50
1392,No,0,RE: the tx buyout announced on Friday.,RE: the tx buyout announced on Friday.,7,38
1393,No,0,"REVISED VERSION: CARACAS PROGRAM - Tuesday, June $NUM, $NUM PANEL: ECONOMIC, FINANCIAL AND POLITICAL OUTLOOK FOR VENEZUELA Registration and breakfast: $NUM:$NUM - $NUM:$NUM a.m.","REVISED VERSION: CARACAS PROGRAM - Tuesday, June 12, 2001 PANEL: ECONOMIC, FINANCIAL AND POLITICAL OUTLOOK FOR VENEZUELA Registration and breakfast: 7:30 - 8:00 a.m.",24,177
1394,No,0,Readr gives users $NUM days of FREE reading upon download and $NUM minutes FREE reading every month thereafter.,Readr gives users 7 days of FREE reading upon download and 20 minutes FREE reading every month thereafter.,18,111
1395,No,0,"Rebecca, lets just go forward with HPL on Thursday - Tex Mex, after going through with the deal team, still has some issues to be resolved.","Rebecca, lets just go forward with HPL on Thursday - Tex Mex, after going through with the deal team, still has some issues to be resolved.",26,139
1396,No,0,"RedDot provides software that enables business users to simply maintain their web site by ""clicking on the red dot"".","RedDot provides software that enables business users to simply maintain their web site by ""clicking on the red dot"".",19,116
1397,No,0,RedDot provides software that enables business users to simply maintain their web site by clicking on the red dot.,RedDot provides software that enables business users to simply maintain their web site by clicking on the red dot.,19,114
1398,No,0,"Regarding my homework assignment, I checked my records and, lo and behold, I am completely vested.","Regarding my homework assignment, I checked my records and, lo and behold, I am completely vested.",16,98
1399,No,0,"Remember, life's too short to get too worried about it.","Remember, life's too short to get too worried about it.",10,55
1400,No,0,"Rest assured if you don't want to sell any of your projects you don't need to do anything, all your work is kept private.","Rest assured if you don't want to sell any of your projects you don't need to do anything, all your work is kept private.",24,121
1401,No,0,Rex: We are trying to make this as limited as possible.,Rex: We are trying to make this as limited as possible.,11,55
1402,No,0,"Richard S. Friedman Hughes Hubbard & Reed LLP $NUM South Grand Ave., 36th Floor Los Angeles, CA $NUM Ph: ($NUM) $NUM Fax: ($NUM) $NUM Email: $EMAIL","Richard S. Friedman Hughes Hubbard & Reed LLP 350 South Grand Ave., 36th Floor Los Angeles, CA 90071 Ph: (213) 613-2836 Fax: (213) 613-2950 Email: friedman@hugheshubbard.com",26,147
1403,No,0,Right after that another lady in the group is getting married next week (I think) so we gave her a wedding shower.,Right after that another lady in the group is getting married next week (I think) so we gave her a wedding shower.,22,114
1404,No,0,"Rodeo BBQ tickets, golf tourneys, etc.) and provide Enron goodies to people all the time.","Rodeo BBQ tickets, golf tourneys, etc.) and provide Enron goodies to people all the time.",15,89
1405,No,0,Rosanna Migliaccio Vice President Robert Walters Associates ($NUM) $NUM Fax: ($NUM) $NUM mailto:$EMAIL,Rosanna Migliaccio Vice President Robert Walters Associates (212) 704-9900 Fax: (212) 704-4312 mailto:rosanna@robertwalters.com,13,102
1406,No,0,SCARY GOOD DEALS - $NUM DAYS TO SAVE!,SCARY GOOD DEALS - 2 DAYS TO SAVE!,8,37
1407,No,0,SCARY GOOD DEALS - FINAL DAY TO SAVE!,SCARY GOOD DEALS - FINAL DAY TO SAVE!,8,37
1408,No,0,SEARCH NOW IF YOU WANT TO WIN!,SEARCH NOW IF YOU WANT TO WIN!,7,30
1409,No,0,SERC- For Saturday we sold 200MW (HE15-$NUM for a $NUM hour take) @ $$NUM.,SERC- For Saturday we sold 200MW (HE15-19 for a 5 hour take) @ $80.00.,14,74
1410,No,0,"SOCO, OPC will be on the bid for Monday.","SOCO, OPC will be on the bid for Monday.",9,40
1411,No,0,Sally asked me to forward this to you FYI.,Sally asked me to forward this to you FYI.,9,42
1412,No,0,Sally will need to discuss this with Leslie next week when they return to the office and get back with you then.,Sally will need to discuss this with Leslie next week when they return to the office and get back with you then.,22,112
1413,No,0,Sally's recommendation to include Joannie is necessary to make sure everyone knows The Plan for the Enron board dinner and any other future Enron/Lay joint function that Ken and I might host.,Sally's recommendation to include Joannie is necessary to make sure everyone knows The Plan for the Enron board dinner and any other future Enron/Lay joint function that Ken and I might host.,32,191
1414,No,0,Sanjeev will come for an informal interview on Friday.,Sanjeev will come for an informal interview on Friday.,9,54
1415,No,0,"Saturday January $NUM, $NUM $NUM:00pm $NUM Park Avenue (corner 68th St.) Tel.","Saturday January 19, 2002 2:00pm 680 Park Avenue (corner 68th St.) Tel.",12,77
1416,No,0,"Saturday night I will be staying in Round Rock (going to Paige's homecoming in Georgetown), but Neil will still be at the Hyatt.","Saturday night I will be staying in Round Rock (going to Paige's homecoming in Georgetown), but Neil will still be at the Hyatt.",23,128
1417,No,0,"Saudi, thanks, but I'll wait until you and I can play it together.","Saudi, thanks, but I'll wait until you and I can play it together.",13,66
1418,No,0,"Save all the places you want to show your friends into a collection in Everplaces, which you can easily share with anyone visiting you.","Save all the places you want to show your friends into a collection in Everplaces, which you can easily share with anyone visiting you.",24,135
1419,No,0,Say you are out and about and you see something interesting - an awesome shop or an apartment you'd like to rent.,Say you are out and about and you see something interesting - an awesome shop or an apartment you'd like to rent.,22,113
1420,No,0,Search Now if You Want to Win,Search Now if You Want to Win,7,29
1421,No,0,See separate e:mail for contact names and numbers in Operations while I am out.,See separate e:mail for contact names and numbers in Operations while I am out.,14,79
1422,No,0,See you Monday!,See you Monday!,3,15
1423,No,0,See you Sunday.,See you Sunday.,3,15
1424,No,0,"See you on Friday, April the 27th.","See you on Friday, April the 27th.",7,34
1425,No,0,See you on Monday.,See you on Monday.,4,18
1426,No,0,See you tomorrow!,See you tomorrow!,3,17
1427,No,0,See you tomorrow.,See you tomorrow.,3,17
1428,No,0,"Seeing is believing, so we'd like to offer you another chance to try Flow, free.","Seeing is believing, so we'd like to offer you another chance to try Flow, free.",15,80
1429,No,0,Sent it Monday night.,Sent it Monday night.,4,21
1430,No,0,"Sent you a project proposal last Thursday on behalf of Dasovich, Guinney, Sama and Vavrek and just wanted to make sure that you received it.","Sent you a project proposal last Thursday on behalf of Dasovich, Guinney, Sama and Vavrek and just wanted to make sure that you received it.",25,140
1431,No,0,"September $NUM, $NUM, Late Night: $LINK","September 4, 2011, Late Night: $LINK",6,39
1432,No,0,"Seriously, the agenda doesn't seem to have any flavor of escalation, which is great given the lack of attractive alternatives for our team right now.","Seriously, the agenda doesn't seem to have any flavor of escalation, which is great given the lack of attractive alternatives for our team right now.",25,149
1433,No,0,"Service Release $NUM for Poser $NUM and Poser Poser Pro $NUM, plus PoserFusion $NUM plug-ins are now available.","Service Release 2 for Poser 10 and Poser Poser Pro 2014, plus PoserFusion 2014 plug-ins are now available.",18,111
1434,No,0,Services like $NUM And Me let people understand themselves better by analyzing their genome.,Services like 23 And Me let people understand themselves better by analyzing their genome.,14,92
1435,No,0,Shares of FuelCell closed down $$NUM to $$NUM in Wednesday trading.,Shares of FuelCell closed down $4.44 to $72.13 in Wednesday trading.,11,67
1436,No,0,She also forwarded this message to several other women outside of our church.,She also forwarded this message to several other women outside of our church.,13,77
1437,No,0,"She can provide you with any information and/or assistance that you need and can also get you in contact with Edelman, the PR firm directing the media effort.","She can provide you with any information and/or assistance that you need and can also get you in contact with Edelman, the PR firm directing the media effort.",28,158
1438,No,0,She can stuff the little sucker if I get all the other stuff.,She can stuff the little sucker if I get all the other stuff.,13,61
1439,No,0,She has also been discussing the utilities with outside counsel and we may be able to open more up for trading.,She has also been discussing the utilities with outside counsel and we may be able to open more up for trading.,21,111
1440,No,0,She is planning on attending SMSU in Springfiel d in the fall.,She is planning on attending SMSU in Springfiel d in the fall.,12,62
1441,No,0,"She may not be the person to talk with regarding displaying a boat, but will very likely be able to give the correct contact.","She may not be the person to talk with regarding displaying a boat, but will very likely be able to give the correct contact.",24,125
1442,No,0,She was also wondering about details of dinner - said in the last meeting it had been discussed to possibly do a western theme - with jeans (?).,She was also wondering about details of dinner - said in the last meeting it had been discussed to possibly do a western theme - with jeans (?).,28,144
1443,No,0,She will send out a revised spreadsheet on Thursday.,She will send out a revised spreadsheet on Thursday.,9,52
1444,No,0,Shop online and receive a $$NUM service credit Offer available while supplies last.,Shop online and receive a $30 service credit Offer available while supplies last.,13,83
1445,No,0,Should I send the other info.,Should I send the other info.,6,29
1446,No,0,"Since Sunday $NUM August $NUM, you have been invited by $NUM of your contacts to join Netlog, the social community for over $NUM million members.","Since Sunday 28 August 2011, you have been invited by 2 of your contacts to join Netlog, the social community for over 83 million members.",25,145
1447,No,0,"Since hundreds of years ago, the Kama Sutra is a guideline for man how to please a woman in a relationship.","Since hundreds of years ago, the Kama Sutra is a guideline for man how to please a woman in a relationship.",21,107
1448,No,0,"Since this offer may expire at anytime, you might want to hurry and participate now!","Since this offer may expire at anytime, you might want to hurry and participate now!",15,84
1449,No,0,"Since we are selling deliverd gas, the Receipt and Delivery volumes should be the same.","Since we are selling deliverd gas, the Receipt and Delivery volumes should be the same.",15,87
1450,No,0,"Slow browser may need to wait $NUM seconds for your email to appear, then scroll to view.","Slow browser may need to wait 15 seconds for your email to appear, then scroll to view.",17,89
1451,No,0,So I am asking all MyLifeOrganized customers to consider writing at least short review for MLO-iPad on AppStore mentioning what you like and probably what you want to improve.,So I am asking all MyLifeOrganized customers to consider writing at least short review for MLO-iPad on AppStore mentioning what you like and probably what you want to improve.,29,175
1452,No,0,So I can see why you would receive my mail on occassion if someone is either making an educated guess on the address or referencing my old card.,So I can see why you would receive my mail on occassion if someone is either making an educated guess on the address or referencing my old card.,28,144
1453,No,0,So I can't make this meeting.,So I can't make this meeting.,6,29
1454,No,0,"So as long as they buy spot, they can meet the benchmark and pass everything through.","So as long as they buy spot, they can meet the benchmark and pass everything through.",16,85
1455,No,0,So how do you stand out from the crowd?,So how do you stand out from the crowd?,9,39
1456,No,0,"So if she makes the next two dances, then she will be in $NUM out of $NUM dances for the football season.","So if she makes the next two dances, then she will be in 8 out of 10 dances for the football season.",22,105
1457,No,0,"So if you want to save money, better jump to it.","So if you want to save money, better jump to it.",11,48
1458,No,0,"So, I'm not going to San Antonion, just heading for GTown tomorrow.","So, I'm not going to San Antonion, just heading for GTown tomorrow.",12,67
1459,No,0,"So, in order to correctly estimate our economics, I changed the price on the delivery to reflect how the deal will settle.","So, in order to correctly estimate our economics, I changed the price on the delivery to reflect how the deal will settle.",22,122
1460,No,0,"So, why not make the most of it?","So, why not make the most of it?",8,32
1461,No,0,Solution: $NUM) Don't make the PX a monopoly.,Solution: 1) Don't make the PX a monopoly.,8,45
1462,No,0,Sometimes you want to deal with something later.,Sometimes you want to deal with something later.,8,48
1463,No,0,Sorry about not getting back to you sooner.,Sorry about not getting back to you sooner.,8,43
1464,No,0,Sorry for the delay in getting back to you .,Sorry for the delay in getting back to you .,10,44
1465,No,0,"Sorry if it made things, well, fidgety.","Sorry if it made things, well, fidgety.",7,39
1466,No,0,Sorry that I had to cancel and that it took so long for me to get back with you.,Sorry that I had to cancel and that it took so long for me to get back with you.,19,80
1467,No,0,Sorry we couldn't make it yesterday.,Sorry we couldn't make it yesterday.,6,36
1468,No,0,Sorry wrong address,Sorry wrong address,3,19
1469,No,0,Sorry you didn't make to have a beer after the final.,Sorry you didn't make to have a beer after the final.,11,53
1470,No,0,"Sorry, I read the other email first--you guys have me covered quite well.","Sorry, I read the other email first--you guys have me covered quite well.",13,73
1471,No,0,"Sorry, sometimes my Dwarven side gets the better of me, but I really, really want everyone to join us this year.","Sorry, sometimes my Dwarven side gets the better of me, but I really, really want everyone to join us this year.",21,112
1472,No,0,Sounds like the IOUs will get some financial support from Davis tomorrow (at least in words).,Sounds like the IOUs will get some financial support from Davis tomorrow (at least in words).,16,93
1473,No,0,"Southeast Beaches Kickoff Sale! Hurry, Offers End at Midnight Tomorrow!","Southeast Beaches Kickoff Sale! Hurry, Offers End at Midnight Tomorrow!",10,71
1474,No,0,"Southwest Airlines e-mail update for August $NUM, $NUM","Southwest Airlines e-mail update for August 21, 2001",8,54
1475,No,0,"Speaking of cheese, I spoke with Jeff Green last night, and under the circumstances, he'd prefer to do the Dome road next summer (when he's up doing more work on my property.","Speaking of cheese, I spoke with Jeff Green last night, and under the circumstances, he'd prefer to do the Dome road next summer (when he's up doing more work on my property.",32,174
1476,No,0,Spill reporting history and notifications to the state agency were available for review,Spill reporting history and notifications to the state agency were available for review,13,87
1477,No,0,"Stan Horton appreciates the invitation; however, he is unable to attend.","Stan Horton appreciates the invitation; however, he is unable to attend.",11,72
1478,No,0,Stan is in DC today but will be back in the office tomorrow morning.,Stan is in DC today but will be back in the office tomorrow morning.,14,68
1479,No,0,Steve Kean asked that I be the Enron participant at a Women in Business panel discussion at Columbia School of Business.,Steve Kean asked that I be the Enron participant at a Women in Business panel discussion at Columbia School of Business.,21,120
1480,No,0,Steve: Jim mentioned that Ken Lay was trying to talk to Glynn today about getting the PX credit issue resolved.,Steve: Jim mentioned that Ken Lay was trying to talk to Glynn today about getting the PX credit issue resolved.,20,111
1481,No,0,Stop checking your email-aren't you on vacation?,Stop checking your email-aren't you on vacation?,7,48
1482,No,0,Sue stopped by and wanted to discuss your email re: launching missiles over email to the world.,Sue stopped by and wanted to discuss your email re: launching missiles over email to the world.,17,95
1483,No,0,Summary of yesterdays meeting attached,Summary of yesterdays meeting attached,5,38
1484,No,0,Sure family walk - I get the message (finally) I will communicate with you via E-Mail.,Sure family walk - I get the message (finally) I will communicate with you via E-Mail.,16,86
1485,No,0,"Sure, we all need a little pick-me-up every now and then in the form of a latte or a new outfit, but by the time you're $NUM, you've probably figured out which expenditures make you really happy and which fizzle fast.","Sure, we all need a little pick-me-up every now and then in the form of a latte or a new outfit, but by the time you're 30, you've probably figured out which expenditures make you really happy and which fizzle fast.",41,217
1486,No,0,"Take $NUM% off* online with coupon code ZZSANTA through Monday, December 16th, $NUM.","Take 20% off* online with coupon code ZZSANTA through Monday, December 16th, 2013.",13,84
1487,No,0,"Take health insurance for instance, we can provide you with competitive quotes for the top insurance companies in the nation.","Take health insurance for instance, we can provide you with competitive quotes for the top insurance companies in the nation.",20,125
1488,No,0,"Take homeowners insurance for instance, we can provide you with competitive quotes for the top insurance companies in the nation.","Take homeowners insurance for instance, we can provide you with competitive quotes for the top insurance companies in the nation.",20,129
1489,No,0,Taking a break from my sabbatical tomorrow at $NUM:$NUM to interview @guygavrielkay onstage at St Ann's Academy.,Taking a break from my sabbatical tomorrow at 7:30 to interview @guygavrielkay onstage at St Ann's Academy.,17,112
1490,No,0,Taking place on Friday the 15th.,Taking place on Friday the 15th.,6,32
1491,No,0,Target date: Nov. 15th and Dec. $NUM cut off,Target date: Nov. 15th and Dec. 1 cut off,9,44
1492,No,0,Terms of Use and Privacy Policy and Safety Information are applicable to this site.,Terms of Use and Privacy Policy and Safety Information are applicable to this site.,14,83
1493,No,0,Thank you for all of the emails.,Thank you for all of the emails.,7,32
1494,No,0,Thank you for following me.,Thank you for following me.,5,27
1495,No,0,"Thank you for installing our Staunton's Group Pass, we hope you enjoy using it.","Thank you for installing our Staunton's Group Pass, we hope you enjoy using it.",14,79
1496,No,0,Thank you for the email.,Thank you for the email.,5,24
1497,No,0,Thank you for your time and I look forward to hearing from you.,Thank you for your time and I look forward to hearing from you.,13,63
1498,No,0,Thanks -- I now know that you read notes mail messages very promptly!,Thanks -- I now know that you read notes mail messages very promptly!,13,69
1499,No,0,"Thanks Susan, that makes sense.","Thanks Susan, that makes sense.",5,31
1500,No,0,Thanks a lot and I look forward to seeing you guys on Wednesday.,Thanks a lot and I look forward to seeing you guys on Wednesday.,13,64
1501,No,0,Thanks and talk to you on Wednesday.,Thanks and talk to you on Wednesday.,7,36
1502,No,0,Thanks for sending a single check.,Thanks for sending a single check.,6,34
1503,No,0,Thanks for sending me your thoughts from the meeting you attended.,Thanks for sending me your thoughts from the meeting you attended.,11,66
1504,No,0,Thanks for the e-mail.,Thanks for the e-mail.,4,22
1505,No,0,Thanks for the email regarding my baby.,Thanks for the email regarding my baby.,7,39
1506,No,0,Thanks for the email.,Thanks for the email.,4,21
1507,No,0,"Thanks for the info, I see a couple of changes I need to make.","Thanks for the info, I see a couple of changes I need to make.",14,62
1508,No,0,"Thanks, but ain't gonna happen this week.","Thanks, but ain't gonna happen this week.",7,41
1509,No,0,Thanx for Nav's address.,Thanx for Nav's address.,4,24
1510,No,0,"That KN Wattenberg order is excellent for us on the jurisdictional issue, so maybe the longer we wait the better the law will get for us.","That KN Wattenberg order is excellent for us on the jurisdictional issue, so maybe the longer we wait the better the law will get for us.",26,137
1511,No,0,"That article, you may recall, is where ECS agreed to create a computerized system that would monitor Continental Divide's electric system utilization and warn when their system peaks were occurring and then automatically take the compressor offline (subject to manual override) so we and ECS could avoid peak period demand charges.","That article, you may recall, is where ECS agreed to create a computerized system that would monitor Continental Divide's electric system utilization and warn when their system peaks were occurring and then automatically take the compressor offline (subject to manual override) so we and ECS could avoid peak period demand charges.",51,331
1512,No,0,That format would make it easier for me to transfer the info.,That format would make it easier for me to transfer the info.,12,61
1513,No,0,That is the only gibberish that you should be receiving.,That is the only gibberish that you should be receiving.,10,56
1514,No,0,That means you didn't send me the attachment.,That means you didn't send me the attachment.,8,45
1515,No,0,That power shortage Friday cut us off in the middle of our conversation about the appropriate tax language to use for a confirmation evidencing a trade between Teeside Power Financing Limited and RMT.,That power shortage Friday cut us off in the middle of our conversation about the appropriate tax language to use for a confirmation evidencing a trade between Teeside Power Financing Limited and RMT.,33,200
1516,No,0,That probably would make next week better for me than this week.,That probably would make next week better for me than this week.,12,64
1517,No,0,That should bring available cash for equities to: $$NUM,"That should bring available cash for equities to: $190,000",9,55
1518,No,0,That should make life fun for you!,That should make life fun for you!,7,34
1519,No,0,"That sounds nice but if we continue to make programs for M.O.P., I would like to use the short ones.","That sounds nice but if we continue to make programs for M.O.P., I would like to use the short ones.",20,100
1520,No,0,"That was his concern yesterday, and Kim's note really doesn't address that.","That was his concern yesterday, and Kim's note really doesn't address that.",12,75
1521,No,0,That will make good airplane material tomorrow.,That will make good airplane material tomorrow.,7,47
1522,No,0,That would send a pretty strong signal to the market that we are serious about deadlines.,That would send a pretty strong signal to the market that we are serious about deadlines.,16,89
1523,No,0,That's what confused me because I remember us sending in a fax nom.,That's what confused me because I remember us sending in a fax nom.,13,67
1524,No,0,"The CPUC gets out of the way and stops the practice of ""after-the-fact"" reviews of power purchases.","The CPUC gets out of the way and stops the practice of ""after-the-fact"" reviews of power purchases.",17,99
1525,No,0,The CPUC gets out of the way and stops the practice of after-the-fact reviews of power purchases.,The CPUC gets out of the way and stops the practice of after-the-fact reviews of power purchases.,17,97
1526,No,0,"The Celtics covet him, too, but Cleveland might not give them the chance because of the Cavs' need for size with the uncertainty in their frontcourt.","The Celtics covet him, too, but Cleveland might not give them the chance because of the Cavs' need for size with the uncertainty in their frontcourt.",26,149
1527,No,0,The Celtics need size but can't let a scorer get past them in the draft.,The Celtics need size but can't let a scorer get past them in the draft.,15,72
1528,No,0,The East Desk is having a meeting tomorrow at the same time to discuss the split out of the East Desk into $NUM new books.,The East Desk is having a meeting tomorrow at the same time to discuss the split out of the East Desk into 11 new books.,25,122
1529,No,0,"The Enron attendees for tomorrow's meeting are: Ken Lay, Marty Sunde and Bob Williams.","The Enron attendees for tomorrow's meeting are: Ken Lay, Marty Sunde and Bob Williams.",14,86
1530,No,0,The FERC Wednesday proposed limiting the California Power Exchange's price setting mechanism to $$NUM a megawatt-hour.,The FERC Wednesday proposed limiting the California Power Exchange's price setting mechanism to $150 a megawatt-hour.,16,118
1531,No,0,"The Notice of Intent air permit application for the Crawford C/S was mailed to the State of New Mexico, Air Quality Bureau.","The Notice of Intent air permit application for the Crawford C/S was mailed to the State of New Mexico, Air Quality Bureau.",22,123
1532,No,0,The Prime Minister of Japan didn't show up and actually it is expected that he is out of a job on a no confidence vote last night.,The Prime Minister of Japan didn't show up and actually it is expected that he is out of a job on a no confidence vote last night.,27,130
1533,No,0,The Republican lawmakers said the commission is responsible for nearly forcing the utilities into bankruptcy.,The Republican lawmakers said the commission is responsible for nearly forcing the utilities into bankruptcy.,15,109
1534,No,0,The Rockets need scorers and Alexander will produce during individual workouts.,The Rockets need scorers and Alexander will produce during individual workouts.,11,79
1535,No,0,The StatMill Web Site provides members of American Forest & Paper Association with immediate access to their statistical reports.,The StatMill Web Site provides members of American Forest & Paper Association with immediate access to their statistical reports.,19,129
1536,No,0,The Texas Desk needs to get a new product created.,The Texas Desk needs to get a new product created.,10,50
1537,No,0,The above will be held at the Houston Club and will be quite a fun event.,The above will be held at the Houston Club and will be quite a fun event.,16,73
1538,No,0,The address for St. Mary's church is as follows:,The address for St. Mary's church is as follows:,9,48
1539,No,0,"The applicable product numbers are $NUM, $NUM, $NUM, and $NUM.","The applicable product numbers are 33462, 33464, 33491, and 33492.",10,62
1540,No,0,The assistants pick up our lines and amtel us when voice mails have been left.),The assistants pick up our lines and amtel us when voice mails have been left.),15,79
1541,No,0,"The attendees are operations focussed and may be interested in issues such as siting, interconnection and environmental issues.","The attendees are operations focussed and may be interested in issues such as siting, interconnection and environmental issues.",18,127
1542,No,0,"The available times for the live telephone interview would be $NUM:30pm CT, $NUM:30pm CT, and $NUM:30pm CT.","The available times for the live telephone interview would be 5:30pm CT, 6:30pm CT, and 7:30pm CT.",17,107
1543,No,0,The best of luck getting organized.,The best of luck getting organized.,6,35
1544,No,0,The big issue getting in the way of the deal $NUM continues to be credit.,The big issue getting in the way of the deal 20 continues to be credit.,15,73
1545,No,0,"The biggest artists from every genre, sharing one stage for a legendary weekend in Vegas.","The biggest artists from every genre, sharing one stage for a legendary weekend in Vegas.",15,89
1546,No,0,"The budget, and the R's desire to mess with Davis, are prolonging things a bit.","The budget, and the R's desire to mess with Davis, are prolonging things a bit.",15,79
1547,No,0,The burger war heats up! McDonald's and Burger King collide and we want to know which fast food restaurant do you prefer.,The burger war heats up! McDonald's and Burger King collide and we want to know which fast food restaurant do you prefer.,22,121
1548,No,0,The class schedule hasn't required an afternoon dose as of yet.,The class schedule hasn't required an afternoon dose as of yet.,11,63
1549,No,0,The closing dinner for the big financing will be on Feb. $NUM.,The closing dinner for the big financing will be on Feb. 8.,12,62
1550,No,0,The counseling session provided us with the information needed to provide you options and discuss workable solutions that will help to improve your finances.,The counseling session provided us with the information needed to provide you options and discuss workable solutions that will help to improve your finances.,24,157
1551,No,0,The delivery point is Rayne.,The delivery point is Rayne.,5,28
1552,No,0,The delivery to the citygate should be on the big FOM deal ticket comingled with everything else.,The delivery to the citygate should be on the big FOM deal ticket comingled with everything else.,17,97
1553,No,0,The document you gave me is the form assignment letter that I have prepared for many Bridgeline personnel.,The document you gave me is the form assignment letter that I have prepared for many Bridgeline personnel.,18,106
1554,No,0,"The evualtion and written discussion of each disicpline is based upon the availability of records, documents and discussions with NWNG personnel.","The evualtion and written discussion of each disicpline is based upon the availability of records, documents and discussions with NWNG personnel.",21,145
1555,No,0,The first email was what I sent to Burton and Susan.,The first email was what I sent to Burton and Susan.,11,52
1556,No,0,The first step to determining the legacy you want to leave behind is establishing strong values that are important to pass on.,The first step to determining the legacy you want to leave behind is establishing strong values that are important to pass on.,22,126
1557,No,0,"The following title is scheduled for removal on Wednesday, August 28th.","The following title is scheduled for removal on Wednesday, August 28th.",11,71
1558,No,0,"The gold master arrived from Apple yesterday like a little gift from heaven, and we're happy to finally be able to give you the releasable iOS7-compatible version of the Aviary iOS SDK.","The gold master arrived from Apple yesterday like a little gift from heaven, and we're happy to finally be able to give you the releasable iOS7-compatible version of the Aviary iOS SDK.",32,185
1559,No,0,"The great national experiment to open the sale of electricity to competition, which California has been largely credited with pioneering, was supposed to lower prices by freeing consumers from the monopolistic grip of government regulated utilities.","The great national experiment to open the sale of electricity to competition, which California has been largely credited with pioneering, was supposed to lower prices by freeing consumers from the monopolistic grip of government regulated utilities.",36,249
1560,No,0,"The guy negotiating the bill on behalf of IEP told me that there's a $NUM% chance that it will make it out of the Senate by the end of next week, which means that it still has quite a ways to go.","The guy negotiating the bill on behalf of IEP told me that there's a 35-40% chance that it will make it out of the Senate by the end of next week, which means that it still has quite a ways to go.",42,195
1561,No,0,The insurance policies were not available at the time of this due diligence to determine policy applicability and coverage amounts for this site.,The insurance policies were not available at the time of this due diligence to determine policy applicability and coverage amounts for this site.,23,145
1562,No,0,"The intersection between publishing and technology would be the perfect fit for me, and the innovation behind BookVibe is so exciting.","The intersection between publishing and technology would be the perfect fit for me, and the innovation behind BookVibe is so exciting.",21,134
1563,No,0,"The kids love our home tradition for the game, and weren't sure that they wanted to give that up.","The kids love our home tradition for the game, and weren't sure that they wanted to give that up.",19,97
1564,No,0,"The latest piece of news is your possible chapter $NUM filing, and I've been raking my mind trying to see if you guys will be taken care of in that case.","The latest piece of news is your possible chapter 7 filing, and I've been raking my mind trying to see if you guys will be taken care of in that case.",31,153
1565,No,0,The meeting between Skilling & the Governor went well.,The meeting between Skilling & the Governor went well.,9,54
1566,No,0,"The meeting is about the balancing act--profits vs. principles, short vs. long-term needs, and listening to multiple stakeholders.","The meeting is about the balancing act--profits vs. principles, short vs. long-term needs, and listening to multiple stakeholders.",18,130
1567,No,0,"The meeting is about the balancing act-profits vs. principles, short vs. long-term needs, and listening to multiple stakeholders.","The meeting is about the balancing act-profits vs. principles, short vs. long-term needs, and listening to multiple stakeholders.",18,129
1568,No,0,"The meeting was convened at the request of Doug Arnell, but Jeff Shankman thinks that there is no need for formal meetings: we can ask them for the information directly on as needed basis.","The meeting was convened at the request of Doug Arnell, but Jeff Shankman thinks that there is no need for formal meetings: we can ask them for the information directly on as needed basis.",34,188
1569,No,0,"The mornings will be the best time to learn, but you can spend as much time as you want.","The mornings will be the best time to learn, but you can spend as much time as you want.",19,88
1570,No,0,The new HomeRun by Deem offer for $$NUM for Two Admissions to a Bridal Expo at Chateau Elan on August 18th is up here: $LINK,The new HomeRun by Deem offer for $10 for Two Admissions to a Bridal Expo at Chateau Elan on August 18th is up here: $LINK,25,124
1571,No,0,"The new HomeRun by Deem offer for $$NUM for Two Tickets to the Killian Hall Wedding Expo on Sunday, July 14th is up here: $LINK","The new HomeRun by Deem offer for $10 for Two Tickets to the Killian Hall Wedding Expo on Sunday, July 14th is up here: $LINK",25,127
1572,No,0,The new HomeRun by Deem offer for $$NUM for Four Drop-In Children’s Fitness Classes & Four Weeks of Unlimited Gym Access is up here: $LINK,The new HomeRun by Deem offer for $29 for Four Drop-In Children’s Fitness Classes &amp; Four Weeks of Unlimited Gym Access is up here: $LINK,25,138
1573,No,0,The new HomeRun by Deem offer for $$NUM for a Student Assessment and $NUM Weeks of $NUMHour Math or English Classes is up here: $LINK,The new HomeRun by Deem offer for $49 for a Student Assessment and 4 Weeks of 1-Hour Math or English Classes is up here: $LINK,25,133
1574,No,0,"The new product will be a day product like our current Katy and HSC Pool products, so it will be a fixed price product for next day gas delivered at the Corpus location.","The new product will be a day product like our current Katy and HSC Pool products, so it will be a fixed price product for next day gas delivered at the Corpus location.",33,169
1575,No,0,The nightly feedings are close at hand!!,The nightly feedings are close at hand!!,7,40
1576,No,0,The online team has scheduled a new employee training for tomorrow and at $NUM:$NUM am Tom Moran and I are going to give a presentation on online approval procedures.,The online team has scheduled a new employee training for tomorrow and at 10:30 am Tom Moran and I are going to give a presentation on online approval procedures.,29,166
1577,No,0,The only red flag is the perception of marketers being in the same room together.,The only red flag is the perception of marketers being in the same room together.,15,81
1578,No,0,The plan of getting short for OCT bidweek no longer applies because of reduced basis risk in OCT basis.,The plan of getting short for OCT bidweek no longer applies because of reduced basis risk in OCT basis.,19,103
1579,No,0,The position unites all the Field Operations actions together with the world wide corporate business plan:,The position unites all the Field Operations actions together with the world wide corporate business plan:,16,106
1580,No,0,The position unites all the Field Operations actions together with the world wide corporate business plan: $NUM.,The position unites all the Field Operations actions together with the world wide corporate business plan: 1.,17,112
1581,No,0,"The problem is that a clear target list, joint accountabilities and schedule between the groups has not been rolled out which was discussed at Columbia Lakes.","The problem is that a clear target list, joint accountabilities and schedule between the groups has not been rolled out which was discussed at Columbia Lakes.",26,158
1582,No,0,"The purpose of my visit is in regard to my Global Risk Management Operations role, I believe that Rick Causey met with you regarding some operations support that Brent and I will provide to Fernley during a transition period prior to the arrival and during the assimilation of Michael Jordan, the JP Morgan staffer that Fernley has hired.","The purpose of my visit is in regard to my Global Risk Management Operations role, I believe that Rick Causey met with you regarding some operations support that Brent and I will provide to Fernley during a transition period prior to the arrival and during the assimilation of Michael Jordan, the JP Morgan staffer that Fernley has hired.",58,338
1583,No,0,"The reason I ask is that OLER is revising all Enron policies right now, and I think that the harassment prevention policy is being revised as well.","The reason I ask is that OLER is revising all Enron policies right now, and I think that the harassment prevention policy is being revised as well.",27,147
1584,No,0,The reason I'm concerned is that when my brother moved he did a change of address and my mail has been screwed up ever since.,The reason I'm concerned is that when my brother moved he did a change of address and my mail has been screwed up ever since.,25,125
1585,No,0,The referenced Diamond Shamrock/Koch joint venture would like to execute the same one.,The referenced Diamond Shamrock/Koch joint venture would like to execute the same one.,13,86
1586,No,0,The remote computers that you want to access must be on and running the PocketCloud Companion app.,The remote computers that you want to access must be on and running the PocketCloud Companion app.,17,98
1587,No,0,The residual liquid binds with the butter to make the pasta succulent.,The residual liquid binds with the butter to make the pasta succulent.,12,70
1588,No,0,"The rest of the morning will be spent in breakout teams, with assignments to come up with specific action steps to strengthen operating controls, improve the accuracy of information provided and move toward best practices in providing mid and back office services within Enron.","The rest of the morning will be spent in breakout teams, with assignments to come up with specific action steps to strengthen operating controls, improve the accuracy of information provided and move toward best practices in providing mid and back office services within Enron.",44,277
1589,No,0,The returns and value provided by these companies will be primarily be based on the timing of new production and their asset base and they will realize (on a relative basis) very little from the trading.,The returns and value provided by these companies will be primarily be based on the timing of new production and their asset base and they will realize (on a relative basis) very little from the trading.,36,203
1590,No,0,The risk is showing the value of SJ to Socal topock (currently wide spreads for $NUM) on the transport when it actually has less value delivering to Mojave topock.,The risk is showing the value of SJ to Socal topock (currently wide spreads for 2001) on the transport when it actually has less value delivering to Mojave topock.,29,163
1591,No,0,"The sale of the assets came about in the attempt to ""trim the fat"" (or manage earnings, you make the call).","The sale of the assets came about in the attempt to ""trim the fat"" (or manage earnings, you make the call).",21,107
1592,No,0,"The sale of the assets came about in the attempt to trim the fat (or manage earnings, you make the call).","The sale of the assets came about in the attempt to trim the fat (or manage earnings, you make the call).",21,105
1593,No,0,The short bonus questionnaire will take under $NUM minutes to complete.,The short bonus questionnaire will take under 2 minutes to complete.,11,71
1594,No,0,The short bonus survey will take under $NUM minutes to finish.,The short bonus survey will take under 2 minutes to finish.,11,62
1595,No,0,The students in the class are were very smart -- many of them already have experience in the energy industries -- and we believe the course puts them in a position to immediately contribute to any energy-related organization that they would join.,The students in the class are were very smart -- many of them already have experience in the energy industries -- and we believe the course puts them in a position to immediately contribute to any energy-related organization that they would join.,42,246
1596,No,0,"The three iWork apps - Pages, Numbers and Keynote - have been available on the iPad since the tablet's debut in April $NUM.","The three iWork apps - Pages, Numbers and Keynote - have been available on the iPad since the tablet's debut in April 2010.",23,123
1597,No,0,The top book pick for you this week comes from Katie Kieffer who discussed:,The top book pick for you this week comes from Katie Kieffer who discussed:,14,75
1598,No,0,The topics covered in the manual addressed all environmenatl issues that the company appeared to be involved with.,The topics covered in the manual addressed all environmenatl issues that the company appeared to be involved with.,18,114
1599,No,0,"The turbines will be assigned to two sister Delaware LLCS: CA Energy Development I, LLC and CA Energy Development II, LLC.","The turbines will be assigned to two sister Delaware LLCS: CA Energy Development I, LLC and CA Energy Development II, LLC.",21,122
1600,No,0,"Then definition of the operating standards that we must uphold, discussion, plans on reporting and buy in on these.","Then definition of the operating standards that we must uphold, discussion, plans on reporting and buy in on these.",19,115
1601,No,0,"Then, on Sunday, I did something and now can't get the computer to load up windows.","Then, on Sunday, I did something and now can't get the computer to load up windows.",16,83
1602,No,0,There are a number of people here in Houston that could probably give you a read on her based on very recent experience.,There are a number of people here in Houston that could probably give you a read on her based on very recent experience.,23,120
1603,No,0,There are four of us that are not playing tomorrow?,There are four of us that are not playing tomorrow?,10,51
1604,No,0,There are only TWO DAYS LEFT to save up to $NUM% on select styles for the entire family!,There are only TWO DAYS LEFT to save up to 50% on select styles for the entire family!,18,88
1605,No,0,"There could be a play to get a hefty sum up front from a consulting firm to partner with us - we impart our risk knowledge, they get the edge in the marketplace from pairing with us, we take our upfront payment, they do most of the grinding work - not necessarily a bad model.","There could be a play to get a hefty sum up front from a consulting firm to partner with us - we impart our risk knowledge, they get the edge in the marketplace from pairing with us, we take our upfront payment, they do most of the grinding work - not necessarily a bad model.",55,276
1606,No,0,"There has been a change in plans, the dinner is now going to be held at Pastor Beth's.","There has been a change in plans, the dinner is now going to be held at Pastor Beth's.",18,86
1607,No,0,There is also a position open for Director of Development of Rice University and I have contacted Malcolm Gillis and Christie Patrick happens to be meeting with him today so she is going to mention that I am interested.,There is also a position open for Director of Development of Rice University and I have contacted Malcolm Gillis and Christie Patrick happens to be meeting with him today so she is going to mention that I am interested.,39,219
1608,No,0,There is also hope that any deal would be used as a way to get Pacific Gas & Electric Co. out of bankruptcy.,There is also hope that any deal would be used as a way to get Pacific Gas & Electric Co. out of bankruptcy.,23,108
1609,No,0,"There is an Enron happy hour for Beth that I will stop by at $NUM:$NUM that night, but I expect to be free after that.","There is an Enron happy hour for Beth that I will stop by at 6:30 that night, but I expect to be free after that.",25,118
1610,No,0,There is not enough data on it to make an educated decision.,There is not enough data on it to make an educated decision.,12,60
1611,No,0,"There is sheer disaster that impacts many companies/locations (which may require one approach), and then there is nusance stuff (frozen freeways in Houston, etc.) that really requires an updated contact list and set of notification procedures.","There is sheer disaster that impacts many companies/locations (which may require one approach), and then there is nusance stuff (frozen freeways in Houston, etc.) that really requires an updated contact list and set of notification procedures.",36,243
1612,No,0,"There may be some slight changes before the forum begins, but this will give you a good idea of the topics to be covered and the other speakers who will address the group.","There may be some slight changes before the forum begins, but this will give you a good idea of the topics to be covered and the other speakers who will address the group.",33,171
1613,No,0,There was a general discussion about whether going to numbers made it seem more competitive.,There was a general discussion about whether going to numbers made it seem more competitive.,15,92
1614,No,0,"There were references to a $NUM document in the ""Baseline"" report for specific parameters, but there may have been an update to target contamination level requirements since that date and therefore, I used $NUM ppm which is a general action level for most states for total petroleum hydrocarbons.","There were references to a 1989 document in the ""Baseline"" report for specific parameters, but there may have been an update to target contamination level requirements since that date and therefore, I used 10,000 ppm which is a general action level for most states for total petroleum hydrocarbons.",48,296
1615,No,0,"There were references to a $NUM document in the Baseline report for specific parameters, but there may have been an update to target contamination level requirements since that date and therefore, I used $NUM ppm which is a general action level for most states for total petroleum hydrocarbons.","There were references to a 1989 document in the Baseline report for specific parameters, but there may have been an update to target contamination level requirements since that date and therefore, I used 10,000 ppm which is a general action level for most states for total petroleum hydrocarbons.",48,294
1616,No,0,"Therefore, I think the questions which Tozzinni needs to address are along the lines of:","Therefore, I think the questions which Tozzinni needs to address are along the lines of:",15,88
1617,No,0,These are my hours: 8am to 5pm,These are my hours: 8am to 5pm,7,30
1618,No,0,"These changes will take effect October $NUM, $NUM and will apply to your account from this date forward.","These changes will take effect October 17, 2013 and will apply to your account from this date forward.",18,104
1619,No,0,"These deals are going to accelerate--very confidentially, they are directly linked to getting the universe connected to Enron On-line, our very successful B2B website.","These deals are going to accelerate--very confidentially, they are directly linked to getting the universe connected to Enron On-line, our very successful B2B website.",24,167
1620,No,0,These technologies carry great promise for addressing some of the challenges currently faced by regulators and market participants alike.,These technologies carry great promise for addressing some of the challenges currently faced by regulators and market participants alike.,19,137
1621,No,0,"They also won two special judges awards - not given out every time, but only when the judges want to especially recognize achievements.","They also won two special judges awards - not given out every time, but only when the judges want to especially recognize achievements.",23,135
1622,No,0,They are being re-deployed out of the upstream services group and have significant experience and relationships in the producer services market segment.,They are being re-deployed out of the upstream services group and have significant experience and relationships in the producer services market segment.,22,152
1623,No,0,They are sending me a brochure.,They are sending me a brochure.,6,31
1624,No,0,They are taking him out of the hospital tomorrow or Wed.,They are taking him out of the hospital tomorrow or Wed.,11,56
1625,No,0,They discuss countless ways to get the new duds you want without the price tag you have come to expect.,They discuss countless ways to get the new duds you want without the price tag you have come to expect.,20,103
1626,No,0,They helped me book my room over the phone.,They helped me book my room over the phone.,9,43
1627,No,0,They intend to give it to Debra Bowen first thing next week.,They intend to give it to Debra Bowen first thing next week.,12,60
1628,No,0,"They land and the pilot turns to Stumpy, ""By golly, I did everything I could think of to get you to yell out, but you didn't.""","They land and the pilot turns to Stumpy, ""By golly, I did everything I could think of to get you to yell out, but you didn't.""",26,126
1629,No,0,"They land and the pilot turns to Stumpy, By golly, I did everything I could think of to get you to yell out, but you didn't.","They land and the pilot turns to Stumpy, By golly, I did everything I could think of to get you to yell out, but you didn't.",26,124
1630,No,0,They plan to launch a campaign next week telling businesses in S.D. that the best thing to leave Sempra and switch to another provider.,They plan to launch a campaign next week telling businesses in S.D. that the best thing to leave Sempra and switch to another provider.,24,135
1631,No,0,"They were completely outclassed against the one (albeit right now, the best team in the country) good team they have played.","They were completely outclassed against the one (albeit right now, the best team in the country) good team they have played.",21,124
1632,No,0,They'll send me the data if we need it.,They'll send me the data if we need it.,9,39
1633,No,0,Think about how your experience and skills fit into the job description of a position you want to apply for.,Think about how your experience and skills fit into the job description of a position you want to apply for.,20,108
1634,No,0,This Friday and Saturday take $NUM% off our entire collection of women's and girls Flurry Mocs* + take an additional $NUM% off all regular priced merchandise with coupon code $NUM.**,This Friday and Saturday take 50% off our entire collection of women's and girls Flurry Mocs* + take an additional 30% off all regular priced merchandise with coupon code 251415618.**,30,182
1635,No,0,This amount of time should be adequate to put together a short study on your different options.,This amount of time should be adequate to put together a short study on your different options.,17,95
1636,No,0,This case is killing me! $NUM) I had to get before $NUM AM today.,This case is killing me! 1) I had to get before 10 AM today.,14,65
1637,No,0,This deal is for deliveries to Storage.,This deal is for deliveries to Storage.,7,39
1638,No,0,This e-mail and any attached files may be confidential and subject to attorney/client privilege.,This e-mail and any attached files may be confidential and subject to attorney/client privilege.,14,96
1639,No,0,"This e-mail is to follow up our conversation Friday, June1st regarding a sponsorship for the National Bar Association Convention to be held in Dallas July $NUM - August $NUM, $NUM.","This e-mail is to follow up our conversation Friday, June1st regarding a sponsorship for the National Bar Association Convention to be held in Dallas July 28 - August 4, 2001.",30,180
1640,No,0,"This email is being sent on behalf of Enotem by Opt-Intelligence, to confirm your opt-in to the Enotem offer on PandaResearch.com at $NUM:$NUM PM $NUM/$NUM/$NUM.","This email is being sent on behalf of Enotem by Opt-Intelligence, to confirm your opt-in to the Enotem offer on PandaResearch.com at 10:07 PM 06/26/14.",25,161
1641,No,0,This email is powered by GMS (Global Messaging Software) Engine.,This email is powered by GMS (Global Messaging Software) Engine.,10,64
1642,No,0,"This form of contract assumes that the equipment will be procurred by the Owner, with the understanding that we have not resolved the issue of the timing of the procurement of the equipment, and how it will be procurred.","This form of contract assumes that the equipment will be procurred by the Owner, with the understanding that we have not resolved the issue of the timing of the procurement of the equipment, and how it will be procurred.",39,220
1643,No,0,This free tell-a-friend service is made possible by our sponsors:,This free tell-a-friend service is made possible by our sponsors:,10,65
1644,No,0,This has strong support in the track and field community and may be the most important advantage that Houston has over competing cities. John has a $NUMminute video he would like to show you that features some very strong endorsements of the Astrodome track and field facility from some of the most important people in track and field worldwide.,This has strong support in the track and field community and may be the most important advantage that Houston has over competing cities. John has a 10-minute video he would like to show you that features some very strong endorsements of the Astrodome track and field facility from some of the most important people in track and field worldwide.,59,345
1645,No,0,This idea may not have any merit or you may not have a need around metals.,This idea may not have any merit or you may not have a need around metals.,16,74
1646,No,0,This is a Cyber Monday deal you won't want to miss.,This is a Cyber Monday deal you won&#39;t want to miss.,11,51
1647,No,0,This is a media enriched email.,This is a media enriched email.,6,31
1648,No,0,This is a new one for us and they are taking their sweet time on getting the paper work back to us.,This is a new one for us and they are taking their sweet time on getting the paper work back to us.,22,99
1649,No,0,"This is a post-only message, please do not reply.","This is a post-only message, please do not reply.",9,49
1650,No,0,"This is a system that I've created, tested, tweaked and fine-tuned to make me over 1k every single day - online...","This is a system that I've created, tested, tweaked and fine-tuned to make me over 1k every single day - online...",21,114
1651,No,0,This is freeware.,This is freeware.,3,17
1652,No,0,This is really starting to get wierd.,This is really starting to get wierd.,7,37
1653,No,0,This is the most prepared we will have ever been for the weekend.,This is the most prepared we will have ever been for the weekend.,13,65
1654,No,0,This is the perfect time to start taking paid surveys and I look forward to welcoming you as our newest member!,This is the perfect time to start taking paid surveys and I look forward to welcoming you as our newest member!,21,111
1655,No,0,This is very early in development but we have high expectations in this area.,This is very early in development but we have high expectations in this area.,14,77
1656,No,0,"This is your opportunity to meet wonderful people, build fulfilling relationships and make a difference in the lives of aging adults and their families.","This is your opportunity to meet wonderful people, build fulfilling relationships and make a difference in the lives of aging adults and their families.",24,152
1657,No,0,This is your shot to look good while your soaking in the sun enjoying an ice cold summer drink.,This is your shot to look good while your soaking in the sun enjoying an ice cold summer drink.,19,95
1658,No,0,This isn't the right guy but he can get you to someone - Mike Garred x35488.,This isn't the right guy but he can get you to someone - Mike Garred x35488.,16,76
1659,No,0,This issue will be addressed under the section of the Linnton Manufactured Gas Plant.,This issue will be addressed under the section of the Linnton Manufactured Gas Plant.,14,85
1660,No,0,This just did it all for me.,This just did it all for me.,7,28
1661,No,0,"This letter addresses our attempts to find a solution to the PCB problem, and that remediation technologies are not presently available to operate effectively at the site given the sites unique characterisstics.","This letter addresses our attempts to find a solution to the PCB problem, and that remediation technologies are not presently available to operate effectively at the site given the sites unique characterisstics.",32,211
1662,No,0,This message is provided for informational purposes and should not be construed as a solicitation or offer to buy or sell any securities or related financial instruments.,This message is provided for informational purposes and should not be construed as a solicitation or offer to buy or sell any securities or related financial instruments.,27,170
1663,No,0,"This might be one of those ""let me get Alan to help me for a free lunch"" things.","This might be one of those ""let me get Alan to help me for a free lunch"" things.",18,80
1664,No,0,"This month, we launched a new Premium feature to search inside documents attached to notes, added PDF annotation and new tools in Skitch for fast and friendly feedback, and redesigned Evernote Food for Android to help you remember all the food you love.","This month, we launched a new Premium feature to search inside documents attached to notes, added PDF annotation and new tools in Skitch for fast and friendly feedback, and redesigned Evernote Food for Android to help you remember all the food you love.",43,253
1665,No,0,"This project, Entelligence, has been endorsed by Greg Whalley and Jeff Shankman and is currently under development for delivery later this quarter.","This project, Entelligence, has been endorsed by Greg Whalley and Jeff Shankman and is currently under development for delivery later this quarter.",22,147
1666,No,0,This should allow us to have another discussion.,This should allow us to have another discussion.,8,48
1667,No,0,"This special collection has just what you need with entertaining movies like Despicable Me and The Smurfs, and hilarious TV shows such as SpongeBob SquarePants and Phineas and Ferb — all for under $$NUM each.","This special collection has just what you need with entertaining movies like Despicable Me and The Smurfs, and hilarious TV shows such as SpongeBob SquarePants and Phineas and Ferb — all for under $10 each.",35,208
1668,No,0,"This support was fully effective with the help of World Bank after a summit meeting in London, on the financial analysis on financial stability issues fluctuating their economy with the international global standard.","This support was fully effective with the help of World Bank after a summit meeting in London, on the financial analysis on financial stability issues fluctuating their economy with the international global standard.",33,216
1669,No,0,This tension has given people lots of heartburn.,This tension has given people lots of heartburn.,8,48
1670,No,0,This value should not be given to Sharp unless he bears the cost of the facilities.,This value should not be given to Sharp unless he bears the cost of the facilities.,16,83
1671,No,0,This was the second e:mail that I had sent to Kim regarding Brent with no reply back.,This was the second e:mail that I had sent to Kim regarding Brent with no reply back.,17,85
1672,No,0,"This week I stayed at 52nd and Madison, time before I stayed at either $NUM or 77th and Madison.","This week I stayed at 52nd and Madison, time before I stayed at either 72 or 77th and Madison.",19,96
1673,No,0,"This week on Qwiki, creators carve cat faces onto Halloween pumpkins, we discover the beauty of Hawaii's Lanai Island, and Banksy makes his mark in New York City.","This week on Qwiki, creators carve cat faces onto Halloween pumpkins, we discover the beauty of Hawaii's Lanai Island, and Banksy makes his mark in New York City.",28,162
1674,No,0,"This week on Qwiki, we visit New York Fashion Week, fans get up close with Mumford & Sons, and a creator goes cliff diving off Hawaii's Waimea Bay.","This week on Qwiki, we visit New York Fashion Week, fans get up close with Mumford & Sons, and a creator goes cliff diving off Hawaii's Waimea Bay.",28,147
1675,No,0,This weekend you'll earn Double XP on all Multiplayer and Squads play.,This weekend you'll earn Double XP on all Multiplayer and Squads play.,12,70
1676,No,0,This will close at midnight tonight.,This will close at midnight tonight.,6,36
1677,No,0,This will let you access your JeeoSuite by entering a friendly url into your web-browser.,This will let you access your JeeoSuite by entering a friendly url into your web-browser.,15,89
1678,No,0,"This workbook has a number of worksheets including: a) pkrs o&m - this details the o&m costs for the sold peakers assuming we own throught Q2 - charged to the OOC; b) driftPrepay - shows the detail as provided netting drift and pre-pay expenses - not all that relevant if you assume that increasing drift will be offset by larger monetizations; c) Summary - overall completed income statement - note that non-external capital charges are added back to reach EBIT; d) commercial income - guts of the commercial budget; e) group expenses - shows the detail on ENA net groups expenses, EIS/ENW/IT non-allocable, corporate charges not allocated to specific commercial groups and bonus/other comp; f) HP&L - takes a cut at HP&L income statement and balance sheet in $NUM assuming a sale by the end of Q2 - this needs some sit down work with Redmond; g) Balance Sheet Allocations - this defines by group the capital employed, assets to be sold and new capital expenditures expected in $NUM - then calculates a net capital and depreciation charge; h) Balance Sheet - this defines the existing balance sheet with no anticipated sales or increases by vehicle (ie) Enserco, JEDI, etc - merchant investments are charged @ a blended rate of $NUM% and strategic investments are charged @ a blended rate of $NUM%.","This workbook has a number of worksheets including: a) pkrs o&m - this details the o&m costs for the sold peakers assuming we own throught Q2 - charged to the OOC; b) driftPrepay - shows the detail as provided netting drift and pre-pay expenses - not all that relevant if you assume that increasing drift will be offset by larger monetizations; c) Summary - overall completed income statement - note that non-external capital charges are added back to reach EBIT; d) commercial income - guts of the commercial budget; e) group expenses - shows the detail on ENA net groups expenses, EIS/ENW/IT non-allocable, corporate charges not allocated to specific commercial groups and bonus/other comp; f) HP&L - takes a cut at HP&L income statement and balance sheet in 2001 assuming a sale by the end of Q2 - this needs some sit down work with Redmond; g) Balance Sheet Allocations - this defines by group the capital employed, assets to be sold and new capital expenditures expected in 2001 - then calculates a net capital and depreciation charge; h) Balance Sheet - this defines the existing balance sheet with no anticipated sales or increases by vehicle (ie) Enserco, JEDI, etc - merchant investments are charged @ a blended rate of 15% and strategic investments are charged @ a blended rate of 9%.",222,1299
1679,No,0,"This would be included in the section under Commercial Support, added as an additional bullet point beneath the one that addresses Business Analysis and Reporting (I believe that these bullet points are on Page $NUM of the draft memo).","This would be included in the section under Commercial Support, added as an additional bullet point beneath the one that addresses Business Analysis and Reporting (I believe that these bullet points are on Page 3 of the draft memo).",39,235
1680,No,0,"This year, we're putting the spotlight on you for the chance to perform in front of thousands of screaming fans and open for music star, Chase Rice, while he is on tour promoting his new album,","This year, we're putting the spotlight on you for the chance to perform in front of thousands of screaming fans and open for music star, Chase Rice, while he is on tour promoting his new album,",36,193
1681,No,0,"Though you hopefully did not mean to, my feeling were very hurt by your last one and I just cannot deal with that again right now.","Though you hopefully did not mean to, my feeling were very hurt by your last one and I just cannot deal with that again right now.",26,130
1682,No,0,"Though you'll be subject to interest and possible penalty charges for late payment of your taxes, you'll avoid being hit with a late-filing penalty, which runs a steep five percent a month (up to a maximum $NUM percent.)","Though you'll be subject to interest and possible penalty charges for late payment of your taxes, you'll avoid being hit with a late-filing penalty, which runs a steep five percent a month (up to a maximum 25 percent.)",38,220
1683,No,0,"Through that hard work, I believe that I have your confidence in my ability to deliver results.","Through that hard work, I believe that I have your confidence in my ability to deliver results.",17,95
1684,No,0,"Through the following brief survey, I'd like to find out what you love about Fanhattan, and what we need to do more of to earn your love.","Through the following brief survey, I'd like to find out what you love about Fanhattan, and what we need to do more of to earn your love.",27,137
1685,No,0,Tim and I had both had Lee as a professor and I've been talking him about this conference alot and have no problem delivering whatever the news is.,Tim and I had both had Lee as a professor and I've been talking him about this conference alot and have no problem delivering whatever the news is.,28,147
1686,No,0,Tim: I think this is Rob's new email address.,Tim: I think this is Rob's new email address.,9,45
1687,No,0,"Tim: I've worked hard with these guys to try to make this conference the best that it could be, but it ain't quite there.","Tim: I've worked hard with these guys to try to make this conference the best that it could be, but it ain't quite there.",24,121
1688,No,0,Time to get back into studying.,Time to get back into studying.,6,31
1689,No,0,Tino and Dennis offered DOE $NUM% of the $$ from the surplus power sales until a certain target is hit (probably a target equivalent to DOE's current PNM rate less $NUM%) and then $NUM% of any additional $$.,Tino and Dennis offered DOE 70% of the $$ from the surplus power sales until a certain target is hit (probably a target equivalent to DOE's current PNM rate less 10%) and then 30% of any additional $$.,38,207
1690,No,0,Title: Meeting,Title: Meeting,2,14
1691,No,0,"To claim your offer, reply today so we can help you activate your account before your trial expires.","To claim your offer, reply today so we can help you activate your account before your trial expires.",18,100
1692,No,0,"To execute the transition, California should ho ld a competitive solicitation in which competing service providers would bid f or the right to serve segments, or =$NUM&tranches,=$NUM of utility load.","To execute the transition, California should ho ld a competitive solicitation in which competing service providers would bid f or the right to serve segments, or =01&tranches,=018 of utility load.",30,199
1693,No,0,"To find out how to add a title, turn the page...If you want to add a title, simply touch the very top of the page.","To find out how to add a title, turn the page...If you want to add a title, simply touch the very top of the page.",25,114
1694,No,0,"To this end, I have recently studied possible options for reaching the targeted savings.","To this end, I have recently studied possible options for reaching the targeted savings.",14,88
1695,No,0,To view your invitation click the web address below or copy and paste it into your web browser: $LINK,To view your invitation click the web address below or copy and paste it into your web browser: http://www.sendomatic.com/servlets/v?e=61945&u=742518,19,101
1696,No,0,"To-Do: K work at Jeffrey's on Sat., $NUM/$NUM/$NUM from $NUM:45pm - $NUM:00pm.","To-Do: K work at Jeffrey's on Sat., 05/28/2011 from 3:45pm - 10:00pm.",12,78
1697,No,0,Today I wanted to give you access to my Home Study Course.,Today I wanted to give you access to my Home Study Course.,12,58
1698,No,0,"Today at TechCrunch Disrupt SF, Naval Ravikant of AngelList, Balaji Srinivasan of genomics startup Counsyl, and Cameron and Tyler Winklevoss took to the stage to discuss all things Bitcoin with...","Today at TechCrunch Disrupt SF, Naval Ravikant of AngelList, Balaji Srinivasan of genomics startup Counsyl, and Cameron and Tyler Winklevoss took to the stage to discuss all things Bitcoin with…",30,196
1699,No,0,Today we are proud to introduce Business Management Apps that bring you a new way to manage more of your business from a single location.,Today we are proud to introduce Business Management Apps that bring you a new way to manage more of your business from a single location.,25,137
1700,No,0,Today we're celebrating our birthday and we want to give you a birthday gift as our way to say thank you :),Today we're celebrating our birthday and we want to give you a birthday gift as our way to say thank you :),22,107
1701,No,0,"Today, we are pleased to announce a new revision of our SDK, that brings a massive improvement for use cases such as this one: a new image recognition mode that lets you disable **partial matching**.","Today, we are pleased to announce a new revision of our SDK, that brings a massive improvement for use cases such as this one: a new image recognition mode that lets you disable **partial matching**.",35,199
1702,No,0,"Today, you have a chance to earn a pack Mr. Clean's Magic Eraser.","Today, you have a chance to earn a pack Mr. Clean's Magic Eraser.",13,65
1703,No,0,Together they will execute the visions of the company into reality.,Together they will execute the visions of the company into reality.,11,67
1704,No,0,Tokatee Falls.,Tokatee Falls.,2,14
1705,No,0,"Tomorrow and Wednesday are pretty bad, but Thursday and Friday are wide open.","Tomorrow and Wednesday are pretty bad, but Thursday and Friday are wide open.",13,77
1706,No,0,"Tomorrow: stand with #Manning, #Assange, #WikiLeaks on Cablegate anniversary.","Tomorrow: stand with #Manning, #Assange, #WikiLeaks on Cablegate anniversary.",9,77
1707,No,0,Tonight is yoga night.,Tonight is yoga night.,4,22
1708,No,0,Too bad about the write-off but I did enjoy the LJM story in the WSJ.,Too bad about the write-off but I did enjoy the LJM story in the WSJ.,15,69
1709,No,0,Top $NUM PG&E creditors Bank of New York ($$NUM billion) California Power Exchange ($$NUM billion) Bankers Trust Co. ($$NUM billion) California Independent System Operator ($$NUM billion) Bank of America ($$NUM million) U.S. Bank ($$NUM million) Calpine Gilroy Cogeneration ($$NUM million) Calpine Greenleaf ($$NUM million) Crocket Cogeneration ($$NUM million) Calpine King City ($$NUM million) E-mail David Lazarus at $EMAIL.,Top 10 PG&E creditors Bank of New York ($2.2 billion) California Power Exchange ($1.9 billion) Bankers Trust Co. ($1.3 billion) California Independent System Operator ($1.1 billion) Bank of America ($938 million) U.S. Bank ($310 million) Calpine Gilroy Cogeneration ($57 million) Calpine Greenleaf ($49 million) Crocket Cogeneration ($48 million) Calpine King City ($45 million) E-mail David Lazarus at dlazarus@sfchronicle.com.,58,426
1710,No,0,Top posts this week on Google+,Top posts this week on Google+,6,30
1711,No,0,"Touch up your make-up, put a ribbon in your hair > and be > > fresh looking.","Touch up your make-up, put a ribbon in your hair > and be > > fresh looking.",17,76
1712,No,0,Tough getting going this morning.,Tough getting going this morning.,5,33
1713,No,0,Toyota is planning to sell $NUM Highlanders in calendar year $NUM.,"Toyota is planning to sell 70,000 Highlanders in calendar year 2001.",11,66
1714,No,0,Trading voicemail with Jessie Knight (trying to get him to appear at the hearing).,Trading voicemail with Jessie Knight (trying to get him to appear at the hearing).,14,82
1715,No,0,Trending this week,Trending this week,3,18
1716,No,0,"Trey is going to get Playstation $NUM once they become available, so you may want to find a game for the new machine.","Trey is going to get Playstation 2 once they become available, so you may want to find a game for the new machine.",23,117
1717,No,0,"Trey, Unfortunately, I do not know of any position at Enron that would be available.","Trey, Unfortunately, I do not know of any position at Enron that would be available.",15,84
1718,No,0,"Tried to call, but I think your voicemail is messed up out there today.","Tried to call, but I think your voicemail is messed up out there today.",14,71
1719,No,0,"Tried to leave you a voice mail message, but no one in the office knew how to transfer my call into voice mail.","Tried to leave you a voice mail message, but no one in the office knew how to transfer my call into voice mail.",23,111
1720,No,0,"Triple Lutz -- provided support for potential divestiture (e.g., data room, PSA review, direct negotiations with potential buyer, etc.).","Triple Lutz -- provided support for potential divestiture (e.g., data room, PSA review, direct negotiations with potential buyer, etc.).",19,136
1721,No,0,Twitter helps you stay connected with what's happening right now and with the people and organizations you care about.,Twitter helps you stay connected with what's happening right now and with the people and organizations you care about.,19,118
1722,No,0,Two Weeks Of Free Learning At lynda.com,Two Weeks Of Free Learning At lynda.com,7,39
1723,No,0,"Two action items: a) Print out for John - Commercial Income & Summary worksheets for his comment and review & b) Start putting completed commercial packages together for distribution/further comment by the business units in the next couple of weeks - include detailed income statement, headcount, balance sheet (including expected increases,decreases, capital charge and depreciation), leave pages open for goals & objectives and target customer list.","Two action items: a) Print out for John - Commercial Income & Summary worksheets for his comment and review & b) Start putting completed commercial packages together for distribution/further comment by the business units in the next couple of weeks - include detailed income statement, headcount, balance sheet (including expected increases,decreases, capital charge and depreciation), leave pages open for goals & objectives and target customer list.",66,451
1724,No,0,UNSUBSCRIBE: If you do not want to receive these alerts use the following link to unsubscribe.,UNSUBSCRIBE: If you do not want to receive these alerts use the following link to unsubscribe.,16,94
1725,No,0,"Uncle Fern and I are still looking to come back to NJ, so my dream plan this summer would be to move back.... Other than that we’ll be indoors a lot.","Uncle Fern and I are still looking to come back to NJ, so my dream plan this summer would be to move back.... Other than that we’ll be indoors a lot.",31,149
1726,No,0,Unclear to me whether this approach would give the power plant optimal access to the power grid for sales of surplus power.,Unclear to me whether this approach would give the power plant optimal access to the power grid for sales of surplus power.,22,123
1727,No,0,"Under the NM statute, we may get $NUM years worth of recovery ( or more, I guess, if they did something to toll the SOL).","Under the NM statute, we may get 6 years worth of recovery ( or more, I guess, if they did something to toll the SOL).",25,121
1728,No,0,Unfortunately I am not going to be able to accept your generous offer to attend the Indy $NUM.,Unfortunately I am not going to be able to accept your generous offer to attend the Indy 500.,18,94
1729,No,0,Unfortunately we have a lot of late nights waiting on systems - like we are right now.,Unfortunately we have a lot of late nights waiting on systems - like we are right now.,17,86
1730,No,0,"Unfortunately, I need to reschedule.","Unfortunately, I need to reschedule.",5,36
1731,No,0,"Unfortunately, Sally is not available on Thursday either - she will be at the Enron Management conference in San Antonio Thursday & Friday.","Unfortunately, Sally is not available on Thursday either - she will be at the Enron Management conference in San Antonio Thursday & Friday.",23,139
1732,No,0,"Unfortunately, do to Mr. Lay's schedule he will not be able to participate.","Unfortunately, do to Mr. Lay's schedule he will not be able to participate.",13,75
1733,No,0,"Unfortunately, her recent health problems will curtail her involvement going forward.","Unfortunately, her recent health problems will curtail her involvement going forward.",11,85
1734,No,0,"Union is treated as a synthetic storage on Sithe, so we do not keep inventory profit schedules.","Union is treated as a synthetic storage on Sithe, so we do not keep inventory profit schedules.",17,95
1735,No,0,Up to $NUM% Off Furniture at Target! Offer Ends $NUM/$NUM.,Up to 30% Off Furniture at Target! Offer Ends 7/12.,10,58
1736,No,0,Update your email preferences to make sure you receive the messages you want to receive.,Update your email preferences to make sure you receive the messages you want to receive.,15,88
1737,No,0,"Updated: Thursday, January $NUM, $NUM $NUM:$NUM AM?ET ?Email this article to a friend!","Updated: Thursday, January 25, 2001 08:36 AM?ET ?Email this article to a friend!",13,86
1738,No,0,Upin looks to Ariba and i2 Technologies as examples of companies that are actually delivering.,Upin looks to Ariba and i2 Technologies as examples of companies that are actually delivering.,15,94
1739,No,0,"Urturn, $NUM Rivington Street, Shoreditch, London EC2A 3DT","Urturn, 1-3 Rivington Street, Shoreditch, London EC2A 3DT",8,58
1740,No,0,Via a US Controller - will plan and manage the US Budget for expenses and payroll.,Via a US Controller - will plan and manage the US Budget for expenses and payroll.,16,82
1741,No,0,"Via.Me is a limited time promotion, get it while it is free and earn $NUM AppRedeem points towards Gift Codes and Cash from Amazon, Starbucks, Xbox, PayPal and many others!","Via.Me is a limited time promotion, get it while it is free and earn 700 AppRedeem points towards Gift Codes and Cash from Amazon, Starbucks, Xbox, PayPal and many others!",30,172
1742,No,0,"Viggy, did we get the info from our briefing on the matrix to the no-shows like Steve Harris and John Dushinske (and Bob if he was a no show?)","Viggy, did we get the info from our briefing on the matrix to the no-shows like Steve Harris and John Dushinske (and Bob if he was a no show?)",29,142
1743,No,0,"Vote as many times as you want until Sept. $NUM and help make someone's dream come true - the winner will open for Montgomery Gentry in Richmond, Va on Thursday, September 19th!","Vote as many times as you want until Sept. 11 and help make someone's dream come true - the winner will open for Montgomery Gentry in Richmond, Va on Thursday, September 19th!",32,177
1744,No,0,WEEK OF $NUM/$NUM,WEEK OF 10/16,3,17
1745,No,0,Wallace has carefully prepared her material.,Wallace has carefully prepared her material.,6,44
1746,No,0,"Wanted to get the date on your calendar, however.","Wanted to get the date on your calendar, however.",9,49
1747,No,0,"We (kids and me) will not eat until we get home, but it will be ready when you get home.","We (kids and me) will not eat until we get home, but it will be ready when you get home.",20,88
1748,No,0,"We all know that this can be almost impossible on EPNG, but because of the current price levels at Socal and the basins, Enron needs to call each customer and notify them of their cuts with an explanation of the pipeline cuts each day to avoid any potential penalties.","We all know that this can be almost impossible on EPNG, but because of the current price levels at Socal and the basins, Enron needs to call each customer and notify them of their cuts with an explanation of the pipeline cuts each day to avoid any potential penalties.",49,268
1749,No,0,"We also maintain reasonable physical, electronic, and procedural safeguards in compliance with applicable laws and regulations to protect your nonpublic personal information.","We also maintain reasonable physical, electronic, and procedural safeguards in compliance with applicable laws and regulations to protect your nonpublic personal information.",22,174
1750,No,0,"We are continuing to handle month end close, and get all volumes scheduled daily.","We are continuing to handle month end close, and get all volumes scheduled daily.",14,81
1751,No,0,"We are continuously receiving new positions for qualified technical professionals, so check back frequently.","We are continuously receiving new positions for qualified technical professionals, so check back frequently.",14,108
1752,No,0,"We are getting considerable traction with the idea of using a ""benchmark"" to judge utility purchases, similar in concept to what's in place on the gas side.","We are getting considerable traction with the idea of using a ""benchmark"" to judge utility purchases, similar in concept to what's in place on the gas side.",27,156
1753,No,0,"We are getting considerable traction with the idea of using a benchmark to judge utility purchases, similar in concept to what's in place on the gas side.","We are getting considerable traction with the idea of using a benchmark to judge utility purchases, similar in concept to what's in place on the gas side.",27,154
1754,No,0,We are going to JasonTidwell's wededding in Galveston Saturday - it starts at $NUM p.m.,We are going to JasonTidwell's wededding in Galveston Saturday - it starts at 6 p.m.,15,87
1755,No,0,We are hoping that your schedule will be open between the days of Tues.,We are hoping that your schedule will be open between the days of Tues.,14,71
1756,No,0,We are looking forward to you presenting at the conference.,We are looking forward to you presenting at the conference.,10,59
1757,No,0,We are not prepared to pay the suppliers for July.,We are not prepared to pay the suppliers for July.,10,50
1758,No,0,We are now flying out after the meeting on Friday on the company plane.,We are now flying out after the meeting on Friday on the company plane.,14,71
1759,No,0,We are out on Thursday afternoon.,We are out on Thursday afternoon.,6,33
1760,No,0,We are running out of time to finalize the budgeting process.,We are running out of time to finalize the budgeting process.,11,61
1761,No,0,We are sending you by messenger today a subpoena that we received last night asking that you produce documents and appear to give testimony before the SEC.,We are sending you by messenger today a subpoena that we received last night asking that you produce documents and appear to give testimony before the SEC.,27,155
1762,No,0,We are still together.,We are still together.,4,22
1763,No,0,We are supposed to leave tomorrow.,We are supposed to leave tomorrow.,6,34
1764,No,0,We are usually extremely busy during bidweek and we will be short handed.,We are usually extremely busy during bidweek and we will be short handed.,13,73
1765,No,0,We are waiting to see if I'm going to be in town on Thursday to make plans.,We are waiting to see if I'm going to be in town on Thursday to make plans.,17,75
1766,No,0,"We are working on a term sheet, and I will be in NYC later this week to continue negotations with the customer.","We are working on a term sheet, and I will be in NYC later this week to continue negotations with the customer.",22,111
1767,No,0,We are working on the PPA tomorrow.,We are working on the PPA tomorrow.,7,35
1768,No,0,We at Options are committed to providing you with tools and information you can use to help make informed decisions about indoor air quality (IAQ) and your business.,We at Options are committed to providing you with tools and information you can use to help make informed decisions about indoor air quality (IAQ) and your business.,28,165
1769,No,0,"We can help you find the best rates on your health insurance, no matter your age.","We can help you find the best rates on your health insurance, no matter your age.",16,81
1770,No,0,We can help you make $$NUM from home this month...,We can help you make $2500 from home this month...,10,50
1771,No,0,We can help.,We can help.,3,12
1772,No,0,"We can't wait to send the daily updates on Coupons you want via email, so please click the following link to activate your subscription immediately:","We can't wait to send the daily updates on Coupons you want via email, so please click the following link to activate your subscription immediately:",25,148
1773,No,0,"We can't wait to send the updates you want via email, so please click the following link to activate your subscription immediately:","We can't wait to send the updates you want via email, so please click the following link to activate your subscription immediately:",22,131
1774,No,0,We did not get out early last night.,We did not get out early last night.,8,36
1775,No,0,"We did not get this info., so Sitara was not adjusted.","We did not get this info., so Sitara was not adjusted.",11,54
1776,No,0,We discussed this with Mike last night.,We discussed this with Mike last night.,7,39
1777,No,0,"We do have a monthly fee of $$NUM that we are receiving from Bridgeline that, while small, you could include in our revenue line to date.","We do have a monthly fee of $16,000 that we are receiving from Bridgeline that, while small, you could include in our revenue line to date.",26,137
1778,No,0,"We do have a project entity to use, and Accounting (and Global Finace) have been involved on the MTM and off balance sheet issues.","We do have a project entity to use, and Accounting (and Global Finace) have been involved on the MTM and off balance sheet issues.",24,130
1779,No,0,We finally got your postcards this week.,We finally got your postcards this week.,7,40
1780,No,0,We find out next week what we are having...can't wait.,We find out next week what we are having...can't wait.,10,54
1781,No,0,We got a list of questions on various Online Trading issues from the Products Control Group which appears to be the group the will be managing the Online Trading HelpDesk.,We got a list of questions on various Online Trading issues from the Products Control Group which appears to be the group the will be managing the Online Trading HelpDesk.,30,171
1782,No,0,We have a few seats available and would like to offer you $$NUM off the regular seminar price.,We have a few seats available and would like to offer you $150 off the regular seminar price.,18,94
1783,No,0,We have a noon appointment with John Foster THIS Wednesday.,We have a noon appointment with John Foster THIS Wednesday.,10,59
1784,No,0,"We have been able to grant a limited number of these requests in the past, and would now like to make this opportunity somewhat more widely available to the producers.","We have been able to grant a limited number of these requests in the past, and would now like to make this opportunity somewhat more widely available to the producers.",30,167
1785,No,0,We have checked with our department and our lawyers are not aware of any such contracts as you described in your e-mail.,We have checked with our department and our lawyers are not aware of any such contracts as you described in your e-mail.,22,120
1786,No,0,We have discussed this before but I think this is important to send out and $NUM officially address.,We have discussed this before but I think this is important to send out and 20 officially address.,18,100
1787,No,0,We have given my time and the resources from the group.,We have given my time and the resources from the group.,11,55
1788,No,0,"We have identified three options: Amend AB1X The amendments, which are attached to this email, would clarify that a) the $NUM PUC would accept as =$NUM&prudent and reasonable=$NUM all purchase costs incur red by DWR, and b) the PUC is obligated to include in rates the charges necessary to ensure that DWR fully recovers its costs of power purchases.","We have identified three options: Amend AB1X The amendments, which are attached to this email, would clarify that a) the 20 PUC would accept as =01&prudent and reasonable=018 all purchase costs incur red by DWR, and b) the PUC is obligated to include in rates the charges necessary to ensure that DWR fully recovers its costs of power purchases.",59,350
1789,No,0,"We have it in as $NUM, as you do in this e-mail.","We have it in as 2,500, as you do in this e-mail.",12,48
1790,No,0,"We have made substantial progress over the past few months, and as such, we’d like to invite you to try a demo of our smart email organizer online.","We have made substantial progress over the past few months, and as such, we’d like to invite you to try a demo of our smart email organizer online.",28,147
1791,No,0,We have some grand ideas and need only your name and influence to make this a successful evening for TUTS!You and your wife may be as involved or not involved as you like!We would like to top the funds raised by this current year's event that was Co -Chaired by Chuck and Kim Watson .They helped TUTS to raise over $$NUM.,"We have some grand ideas and need only your name and influence to make this a successful evening for TUTS!You and your wife may be as involved or not involved as you like!We would like to top the funds raised by this current year's event that was Co -Chaired by Chuck and Kim Watson .They helped TUTS to raise over $350,000.",61,321
1792,No,0,We have the new guys up and running and hope to really make some things happen from here on out.,We have the new guys up and running and hope to really make some things happen from here on out.,20,96
1793,No,0,"We have tried to combine the presentation with another recruiting trip, but we have to many conflicting schedules.","We have tried to combine the presentation with another recruiting trip, but we have to many conflicting schedules.",18,114
1794,No,0,We heard from many of you regarding the financial hardship this shut down may cause Schultz area producers while a gas delivery alternative was being constructed.,We heard from many of you regarding the financial hardship this shut down may cause Schultz area producers while a gas delivery alternative was being constructed.,26,162
1795,No,0,We hope you enjoy and come back to us anytime.,We hope you enjoy and come back to us anytime.,10,46
1796,No,0,We hope you enjoy our new Application!,We hope you enjoy our new Application!,7,38
1797,No,0,We know life can get hectic and that's where we can help.,We know life can get hectic and that's where we can help.,12,57
1798,No,0,"We leave the choice to you, because we are available either night...","We leave the choice to you, because we are available either night...",12,68
1799,No,0,"We like to think of GitHub as the best way to build and ship software, and it's great to have you on board!","We like to think of GitHub as the best way to build and ship software, and it's great to have you on board!",23,107
1800,No,0,"We look forward to finding out which apps you know and love, and welcome you on a journey of app discovery.","We look forward to finding out which apps you know and love, and welcome you on a journey of app discovery.",21,107
1801,No,0,We make no representation or warranty as to the absence of viruses in this e-mail or any attachments.,We make no representation or warranty as to the absence of viruses in this e-mail or any attachments.,18,101
1802,No,0,We may send this out a couple of days late.,We may send this out a couple of days late.,10,43
1803,No,0,We ought to talk to Lou to make sure we have the latest info as I haven't talked to him since Thursday.,We ought to talk to Lou to make sure we have the latest info as I haven't talked to him since Thursday.,22,103
1804,No,0,"We received your $NUM $NUM:$NUM:$NUM application, and want to help you with your financial needs.","We received your 2014-07-01 21:35:53 application, and want to help you with your financial needs.",15,97
1805,No,0,We remain committed to serving producers throughout the Appalachian Basin and hope this operating decision addresses the concerns voiced by you.,We remain committed to serving producers throughout the Appalachian Basin and hope this operating decision addresses the concerns voiced by you.,21,144
1806,No,0,We remain excited and optimistic about the possibilities of a joint project.,We remain excited and optimistic about the possibilities of a joint project.,12,76
1807,No,0,We request that you review and submit your membership documents electronically in order to expedite your proposal approval process and to avoid any creditor delays.,We request that you review and submit your membership documents electronically in order to expedite your proposal approval process and to avoid any creditor delays.,25,164
1808,No,0,We seemed to have brought it back here this week as we are really having spring weather.,We seemed to have brought it back here this week as we are really having spring weather.,17,88
1809,No,0,"We should be back next week, though.","We should be back next week, though.",7,36
1810,No,0,"We should definitely set up a time to grab dinner, coffee, anything - i would really love that.","We should definitely set up a time to grab dinner, coffee, anything - i would really love that.",18,95
1811,No,0,We should not have to give another full blown session in the future.,We should not have to give another full blown session in the future.,13,68
1812,No,0,We sincerely do apologize for any inconvenience this may cause you and your users and expect to have this service restored as soon as possible.,We sincerely do apologize for any inconvenience this may cause you and your users and expect to have this service restored as soon as possible.,25,143
1813,No,0,We still haven't pulled the trigger on arbitration of the OneOk imbalance (the measurement issue) but we are getting closer.,We still haven't pulled the trigger on arbitration of the OneOk imbalance (the measurement issue) but we are getting closer.,20,124
1814,No,0,We understand you'd like to change your password.,We understand you'd like to change your password.,8,49
1815,No,0,"We want to have an internal conference call at $NUM (instato discuss the enovate intercompany loans, and address any issues raised by the Enron commercial/financial team.","We want to have an internal conference call at 330 (instato discuss the enovate intercompany loans, and address any issues raised by the Enron commercial/financial team.",26,170
1816,No,0,We want to help you get the most from the exciting world of eReading.,We want to help you get the most from the exciting world of eReading.,14,69
1817,No,0,"We want to help you understand your credit history and improve your knowledge about your credit score, and we hope you'll use your free trial membership to take advantage of the many benefits","We want to help you understand your credit history and improve your knowledge about your credit score, and we hope you'll use your free trial membership to take advantage of the many benefits",33,191
1818,No,0,We want to personally thank you for agreeing to join the Energy Committee of the C.T. Bauer College of Business Dean's Advisory Board (Current Committee Members Attached).,We want to personally thank you for agreeing to join the Energy Committee of the C.T. Bauer College of Business Dean's Advisory Board (Current Committee Members Attached).,27,171
1819,No,0,We went into the FERC proceeding believing that the Chief ALJ was not likely to give us a good decision.,We went into the FERC proceeding believing that the Chief ALJ was not likely to give us a good decision.,20,104
1820,No,0,"We were also only able to get in our $NUM% of nominations with NWPL's help, as they extended the nomination deadline for us.","We were also only able to get in our 80% of nominations with NWPL's help, as they extended the nomination deadline for us.",23,124
1821,No,0,We were just up to our ears in a project that had to go out on the Wednesday following Labor Day.,We were just up to our ears in a project that had to go out on the Wednesday following Labor Day.,21,97
1822,No,0,"We will be sure to get this informaiton to you by Friday of this week, so that you can provide Mark with a copy when he is in the London office on Monday.","We will be sure to get this informaiton to you by Friday of this week, so that you can provide Mark with a copy when he is in the London office on Monday.",33,154
1823,No,0,We will let you know when you can apply for the private or public beta testing.,We will let you know when you can apply for the private or public beta testing.,16,79
1824,No,0,We will make sure that the deals are on the correct counterparty (North or South),We will make sure that the deals are on the correct counterparty (North or South),15,81
1825,No,0,We will pay all of those people's expenses and of course the business leaders will be on board with the hiring and the weather guys will $NUM be expected to be a valuable team player and resource to their group.,We will pay all of those people's expenses and of course the business leaders will be on board with the hiring and the weather guys will 20 be expected to be a valuable team player and resource to their group.,40,211
1826,No,0,We will see if Auburn is for real this weekend.,We will see if Auburn is for real this weekend.,10,47
1827,No,0,"We would also like to invite this person to an informal dinner on the previous evening, Monday $NUM November at $NUM, at the Hotel Beau-Rivage in Geneva ($NUM quai du Mont-Blanc, $NUM Geneva, Tel.","We would also like to invite this person to an informal dinner on the previous evening, Monday 5 November at 19.30, at the Hotel Beau-Rivage in Geneva (13 quai du Mont-Blanc, 1201 Geneva, Tel.",34,196
1828,No,0,We would do this to the extent Judy could get the capacity.,We would do this to the extent Judy could get the capacity.,12,59
1829,No,0,"We would like to offer you $NUM FREE days of Anywhere Access Pack ,our most popular feature!","We would like to offer you 7 FREE days of Anywhere Access Pack ,our most popular feature!",17,92
1830,No,0,"We would propose lifting the cap through amendment s to SB27X, which is designed to facilitate development of distributed generation.","We would propose lifting the cap through amendment s to SB27X, which is designed to facilitate development of distributed generation.",20,133
1831,No,0,We'd like to introduce you to our Home Job Search Engine.,We'd like to introduce you to our Home Job Search Engine.,11,57
1832,No,0,We'd like to share with you a few things that are brand spankin' new:,We'd like to share with you a few things that are brand spankin' new:,14,69
1833,No,0,We'll be prepared to help in away way you see fit.),We'll be prepared to help in away way you see fit.),11,51
1834,No,0,We'll be sending out shortly a follow-up email with directions to the Tremont Hotel in Galveston and the agenda.,We'll be sending out shortly a follow-up email with directions to the Tremont Hotel in Galveston and the agenda.,19,112
1835,No,0,We'll just get through this day and start over tomorrow.,We'll just get through this day and start over tomorrow.,10,56
1836,No,0,We're going to try (fingers crossed) to leave tomorrow afternoon.,We're going to try (fingers crossed) to leave tomorrow afternoon.,10,65
1837,No,0,"We've grown very quickly these last few weeks and have been listening to feedback and working feverishly on making Opuss an even better place to write, read and share.","We've grown very quickly these last few weeks and have been listening to feedback and working feverishly on making Opuss an even better place to write, read and share.",29,167
1838,No,0,We've tried to tell everyone but I bet you still get phonecalls until we are out of it.,We've tried to tell everyone but I bet you still get phonecalls until we are out of it.,18,87
1839,No,0,"Wednesday, August 2nd, change to Continental flight no.","Wednesday, August 2nd, change to Continental flight no.",8,55
1840,No,0,Weekend in Rotterdam marta_blogdiviaggi $LINK,Weekend in Rotterdam marta_blogdiviaggi $LINK,5,45
1841,No,0,"Well, I didn't get this out to you before I left the office last night.","Well, I didn't get this out to you before I left the office last night.",15,71
1842,No,0,"We’d like to continue sending you important information about your credit report, but only if you want us to.","We’d like to continue sending you important information about your credit report, but only if you want us to.",19,109
1843,No,0,"We’d like to invite you to be one of the first to try it, so we’re giving you early access to the iWork for iCloud beta.","We’d like to invite you to be one of the first to try it, so we’re giving you early access to the iWork for iCloud beta.",26,120
1844,No,0,We’re excited to report that you can now access your entire address book from Ringya in addition to your Rings...making Ringya THE place for reaching everyone you need to contact!,We’re excited to report that you can now access your entire address book from Ringya in addition to your Rings…making Ringya THE place for reaching everyone you need to contact!,30,179
1845,No,0,What do I get if I break the chain?,What do I get if I break the chain?,9,35
1846,No,0,"What do you hear from Ben? Anthony called me last week, just to chat.","What do you hear from Ben? Anthony called me last week, just to chat.",14,69
1847,No,0,What do your January memories look like?,What do your January memories look like?,7,40
1848,No,0,What made it worse was the freezing weather coming in.,What made it worse was the freezing weather coming in.,10,54
1849,No,0,What other topics would you like to read on Dygest?,What other topics would you like to read on Dygest?,10,51
1850,No,0,What time is dinner by the way.,What time is dinner by the way.,7,31
1851,No,0,What's a dealerboard.,What's a dealerboard.,3,21
1852,No,0,"When I went back to make my final additions to the list, the systerm was already closed--Paul had approved the first round, which I guess shuts it down.","When I went back to make my final additions to the list, the systerm was already closed--Paul had approved the first round, which I guess shuts it down.",28,152
1853,No,0,"When this is complete, I'd like to send to the larger distribution list.","When this is complete, I'd like to send to the larger distribution list.",13,72
1854,No,0,"When we get a weather report for the new day, we enter the projected low temp and the spread into the file.","When we get a weather report for the new day, we enter the projected low temp and the spread into the file.",22,107
1855,No,0,When we talked about me speaking at the conference in Nov. Enron's management conference had not yet been scheduled.,When we talked about me speaking at the conference in Nov. Enron's management conference had not yet been scheduled.,19,116
1856,No,0,"When you download the utipulp' s statistics, you always get the historical statistics.","When you download the utipulp' s statistics, you always get the historical statistics.",13,86
1857,No,0,"When you interview for a job, you will answer the same questions almost ever time you discuss the position with the hiring manager.","When you interview for a job, you will answer the same questions almost ever time you discuss the position with the hiring manager.",23,131
1858,No,0,"When your friends see your note, they can pray for you and comment to give encouragement.","When your friends see your note, they can pray for you and comment to give encouragement.",16,89
1859,No,0,Where do you want to go?,Where do you want to go?,6,24
1860,No,0,Where is my free lunch and my New Power golf shirt?,Where is my free lunch and my New Power golf shirt?,11,51
1861,No,0,"Whether reading an email that reminds you to schedule a family get-together or finding a favorite video that you want to share, we want to ensure you can move across Gmail, Calendar, Search, YouTube, or whatever your life calls for with ease.","Whether reading an email that reminds you to schedule a family get-together or finding a favorite video that you want to share, we want to ensure you can move across Gmail, Calendar, Search, YouTube, or whatever your life calls for with ease.",42,242
1862,No,0,"Whether you are at a friend's house or an internet cafe, your personal web portal lets you view your files quickly and easily.","Whether you are at a friend's house or an internet cafe, your personal web portal lets you view your files quickly and easily.",23,126
1863,No,0,"Whether you're reading an email that reminds you to schedule a family get-together or finding a favorite video that you want to share, we want to ensure you can move across Gmail, Calendar, Search, YouTube, or whatever your life calls for with ease.","Whether you're reading an email that reminds you to schedule a family get-together or finding a favorite video that you want to share, we want to ensure you can move across Gmail, Calendar, Search, YouTube, or whatever your life calls for with ease.",43,249
1864,No,0,White House officials said they don't discuss such allegations.,White House officials said they don't discuss such allegations.,9,63
1865,No,0,"Why we love this trend: not just reserved for sneakers, laced-up looks are an effortless way to transition your style from summer to fall.","Why we love this trend: not just reserved for sneakers, laced-up looks are an effortless way to transition your style from summer to fall.",24,138
1866,No,0,"Will be a key player in determining the budget and sales planning (P&L) of the company for Sales and Services Monitor and control all sales reports, professional service reports to achieve P&L objectives.","Will be a key player in determining the budget and sales planning (P&L) of the company for Sales and Services Monitor and control all sales reports, professional service reports to achieve P&L objectives.",33,204
1867,No,0,Will email to you within hour.,Will email to you within hour.,6,30
1868,No,0,"With my recent travel, I am days (maybe weeks) behind on e:mail.","With my recent travel, I am days (maybe weeks) behind on e:mail.",12,64
1869,No,0,"With so many people putting their names into the raffle, you might want to hurry if you want your own entry!","With so many people putting their names into the raffle, you might want to hurry if you want your own entry!",21,108
1870,No,0,"With technology-laden, electricity-hungry companies popping up every time you turn around, and blackouts and brownouts occurring more frequently as large power grids are becoming less reliable, the analyst points towards distributed energy services as a possible solution, and maybe the ""next big investment opportunity for the coming decade.""","With technology-laden, electricity-hungry companies popping up every time you turn around, and blackouts and brownouts occurring more frequently as large power grids are becoming less reliable, the analyst points towards distributed energy services as a possible solution, and maybe the ""next big investment opportunity for the coming decade.""",48,343
1871,No,0,"With technology-laden, electricity-hungry companies popping up every time you turn around, and blackouts and brownouts occurring more frequently as large power grids are becoming less reliable, the analyst points towards distributed energy services as a possible solution, and maybe the next big investment opportunity for the coming decade.","With technology-laden, electricity-hungry companies popping up every time you turn around, and blackouts and brownouts occurring more frequently as large power grids are becoming less reliable, the analyst points towards distributed energy services as a possible solution, and maybe the next big investment opportunity for the coming decade.",48,341
1872,No,0,"With the number of impact players available in the NBA draft somewhere between few and none, this year's selections will be based on the potential of the underclassmen and the needs of the teams.","With the number of impact players available in the NBA draft somewhere between few and none, this year's selections will be based on the potential of the underclassmen and the needs of the teams.",34,195
1873,No,0,"With the same powerful drawing, inking painting, coloring and illustration features, Manga Studio $NUM will let you get started creating comics, manga and illustrations even on a budget.","With the same powerful drawing, inking painting, coloring and illustration features, Manga Studio 5 will let you get started creating comics, manga and illustrations even on a budget.",28,186
1874,No,0,"With the winter chill nipping at your toes, now is the perfect time to stay indoors and add the finishing touches to those special Momento projects you've been creating.","With the winter chill nipping at your toes, now is the perfect time to stay indoors and add the finishing touches to those special Momento projects you've been creating.",29,169
1875,No,0,"With this server upgrade, we hope to provide a much better, faster and reliable service to our customers in the coming year.","With this server upgrade, we hope to provide a much better, faster and reliable service to our customers in the coming year.",22,124
1876,No,0,Within the next $NUM business days (M-F) you will receive another email that will include your Order Number(s).,Within the next 3 business days (M-F) you will receive another email that will include your Order Number(s).,18,111
1877,No,0,"Women's Sanctuary Jacket , originally $$NUM, is now $$NUM, the lowest price we can find by $$NUM.","Women's Sanctuary Jacket , originally $130, is now $71.99, the lowest price we can find by $6.",17,97
1878,No,0,"Working for Parakweet on products such as BookVibe strikes me as the perfect opportunity to utilize my passion for writing and reading, while connecting others to a broader world of literature.","Working for Parakweet on products such as BookVibe strikes me as the perfect opportunity to utilize my passion for writing and reading, while connecting others to a broader world of literature.",31,193
1879,No,0,Worst case scenario - you earn half of what he did and make $10k in your first four weeks.,Worst case scenario - you earn half of what he did and make $10k in your first four weeks.,19,90
1880,No,0,Ye Lin Kyaw suggests you add Chit Lay as a friend on Facebook.,Ye Lin Kyaw suggests you add Chit Lay as a friend on Facebook.,13,62
1881,No,0,"Yes, I'll get to Mike Day.","Yes, I'll get to Mike Day.",6,26
1882,No,0,"Yes, but I would say that the $$NUM/mo during the winter is related to an HPL discount on Transport given to the marketing desk in order to make the deal more economical.","Yes, but I would say that the $200,000/mo during the winter is related to an HPL discount on Transport given to the marketing desk in order to make the deal more economical.",32,170
1883,No,0,"Yes, lets continue to have the pre-meetings formerly known as Mike's every Mon. at $NUM:$NUM (pls put on my calendar Emily).","Yes, lets continue to have the pre-meetings formerly known as Mike's every Mon. at 8:30 (pls put on my calendar Emily).",21,124
1884,No,0,You are forwarding these messages to the wrong Dana Davis.,You are forwarding these messages to the wrong Dana Davis.,10,58
1885,No,0,You are scheduled to address the group as follows:,You are scheduled to address the group as follows:,9,50
1886,No,0,You can also check with Volume Management to see if they have any info regarding the allocation of the point.,You can also check with Volume Management to see if they have any info regarding the allocation of the point.,20,109
1887,No,0,"You can link directly to our research page, which features synopses of broker and free reports, and you can also register for the Morgan Stanley trial by clicking on the Morgan Stanley logo, here: $LINK","You can link directly to our research page, which features synopses of broker and free reports, and you can also register for the Morgan Stanley trial by clicking on the Morgan Stanley logo, here: http://www.multexinvestor.com/article.asp?docid=6868&nd=0207",35,202
1888,No,0,You can now tag your friends in your status or post.,You can now tag your friends in your status or post.,11,52
1889,No,0,"You can select ""always send nom"" in MOPS to get this to come over in POPS.","You can select ""always send nom"" in MOPS to get this to come over in POPS.",16,74
1890,No,0,You can select always send nom in MOPS to get this to come over in POPS.,You can select always send nom in MOPS to get this to come over in POPS.,16,72
1891,No,0,"You can select your favorite genre, from Pop to Rock, Hip-Hop and more and tap on the Genre Tuner if you want to refine your selection to choose a more specific subgenre like Hot in Pop, Hard Rock or East Coast.","You can select your favorite genre, from Pop to Rock, Hip-Hop and more and tap on the Genre Tuner if you want to refine your selection to choose a more specific subgenre like Hot in Pop, Hard Rock or East Coast.",41,211
1892,No,0,You can start using it $NUM minutes from now!,You can start using it 15 minutes from now!,9,45
1893,No,0,You can unsubscribe yourself from the panel by clicking on 'unsubscribe' in the footer Start Survey »Time : $NUM Minutes Points : 100Balance : $NUM SurveyAnalytics | $NUM Fremont Ave N #$NUM | | Seattle | WA | $NUM | United States Unsubscribe Powered By SurveyAnalytics,You can unsubscribe yourself from the panel by clicking on 'unsubscribe' in the footer Start Survey&nbsp;&raquo;Time : 3 Minutes Points : 100Balance : 80&nbsp; SurveyAnalytics&nbsp;|&nbsp;3518 Fremont Ave N #598&nbsp;|&nbsp;&nbsp;|&nbsp;Seattle&nbsp;|&nbsp;WA&nbsp;|&nbsp;98103&nbsp;|&nbsp;United States Unsubscribe Powered By SurveyAnalytics,46,269
1894,No,0,You can't pat a voicemail on the back.,You can't pat a voicemail on the back.,8,38
1895,No,0,You did a fantastic job under the circumstances and given the time constraints.,You did a fantastic job under the circumstances and given the time constraints.,13,79
1896,No,0,You did a great job of pulling it together.,You did a great job of pulling it together.,9,43
1897,No,0,You hated that e-mail didn't you?,You hated that e-mail didn't you?,6,33
1898,No,0,You have $NUM friend with a birthday in the next week.,You have 1 friend with a birthday in the next week.,11,54
1899,No,0,"You have to be able to discuss issues which may be complicated, contentious or sensitive.","You have to be able to discuss issues which may be complicated, contentious or sensitive.",15,89
1900,No,0,"You like to SAVE, know a GREAT deal when you see one, and love BIG opportunities to win... with this in mind, we've got something special in store for you!","You like to SAVE, know a GREAT deal when you see one, and love BIG opportunities to win... with this in mind, we've got something special in store for you!",30,155
1901,No,0,"You make the request for an installment agreement when you file your completed tax return using Form $NUM, ""Installment Agreement Request.""","You make the request for an installment agreement when you file your completed tax return using Form 9465, ""Installment Agreement Request.""",21,139
1902,No,0,"You make the request for an installment agreement when you file your completed tax return using Form $NUM, Installment Agreement Request.","You make the request for an installment agreement when you file your completed tax return using Form 9465, Installment Agreement Request.",21,137
1903,No,0,You may also be receiving this email if you reset your password since your last purchase.,You may also be receiving this email if you reset your password since your last purchase.,16,89
1904,No,0,"You may not have the attendance you prefer, but I don't oppose moving the Gas Accord talks forward.","You may not have the attendance you prefer, but I don't oppose moving the Gas Accord talks forward.",18,99
1905,No,0,You might at least put a contact name and number on these things if you are going to continue to send these out before the system is fixed.,You might at least put a contact name and number on these things if you are going to continue to send these out before the system is fixed.,28,139
1906,No,0,You now have the opportunity to enjoy the benefits that more than $NUM customers are currently experiencing through this special offer.,"You now have the opportunity to enjoy the benefits that more than 3,500 customers are currently experiencing through this special offer.",21,135
1907,No,0,"You seemed in pretty good spirits on Tuesday, though I guess that could have partially been due to the big celebration over getting your first ticket.","You seemed in pretty good spirits on Tuesday, though I guess that could have partially been due to the big celebration over getting your first ticket.",26,150
1908,No,0,"You want to avert your eyes, but you can't turn away...","You want to avert your eyes, but you can't turn away...",11,55
1909,No,0,You want to take a quick note - but it's too much to type.,You want to take a quick note - but it's too much to type.,14,58
1910,No,0,You will like him and he will be a very valuable resource to add to the team - even if it is for a couple of weeks.,You will like him and he will be a very valuable resource to add to the team - even if it is for a couple of weeks.,27,115
1911,No,0,You will probably get an invitation to the wedding.,You will probably get an invitation to the wedding.,9,51
1912,No,0,You will receive additional ship confirmation e-mails if not all items in your order show they have shipped.,You will receive additional ship confirmation e-mails if not all items in your order show they have shipped.,18,108
1913,No,0,"You'll note in the language developed by the coalition that the proposal strikes a reasonable balance between the Dept of Finance's concerns about recouping DWR's costs of buying power, and the need to give consumers and businesses maximum flexible in managing their energy costs.","You'll note in the language developed by the coalition that the proposal strikes a reasonable balance between the Dept of Finance's concerns about recouping DWR's costs of buying power, and the need to give consumers and businesses maximum flexible in managing their energy costs.",44,280
1914,No,0,$EMAIL ( underscore between young and $NUM),Young_3600@msn.com <mailto:Young_3600@msn.com> ( underscore between young and 3600),7,43
1915,No,0,"Your Straight Talk service ends tomorrow, $NUM.","Your Straight Talk service ends tomorrow, 06-30-14.",7,47
1916,No,0,"Your daily catch-up for Sun, $NUM Dec $NUM","Your daily catch-up for Sun, 1 Dec 2013",8,42
1917,No,0,Your free account lets you manage $NUM free transactions* in a $NUM day window.,Your free account lets you manage 5 free transactions* in a 30 day window.,14,79
1918,No,0,Your free account lets you send out $NUM free documents for signature.,Your free account lets you send out 5 free documents for signature.,12,70
1919,No,0,Your home information is important in case the Company needs to forward critical materials to you or contact you regarding important Company information.,Your home information is important in case the Company needs to forward critical materials to you or contact you regarding important Company information.,23,153
1920,No,0,Your phone is not going to voicemail so I can't leave a message.,Your phone is not going to voicemail so I can't leave a message.,13,64
1921,No,0,"Your plate is more full than mine (I just ate at the luncheon, and I'm thinking in food metaphors.)","Your plate is more full than mine (I just ate at the luncheon, and I'm thinking in food metaphors.)",19,99
1922,No,0,Zapier can help you eliminate all those pesky tasks your web services don't support.,Zapier can help you eliminate all those pesky tasks your web services don't support.,14,84
1923,No,0,and you want to be able to create a profit,and you want to be able to create a profit,10,42
1924,No,0,eBay Inc. sent this e-mail to you at $EMAIL because your Notification Preferences indicate that you want to receive general email promotions.,eBay Inc. sent this e-mail to you at hannahfay321@gmail.com because your Notification Preferences indicate that you want to receive general email promotions.,22,141
1925,No,0,"iPhone:•Your top skill endorsements are now on your mobile profile, so you can showcase your professional best!","iPhone:•Your top skill endorsements are now on your mobile profile, so you can showcase your professional best!",17,111
1926,No,0,"jude, you submitted a Auto insurance quote, but we can help you save on much more than Auto insurance.","jude, you submitted a Auto insurance quote, but we can help you save on much more than Auto insurance.",19,102
1927,No,0,null can now play!,null can now play!,4,18
1928,No,0,"o Crate or Carrier-- If you want to travel with your pet, invest in a plastic carrier, they’re safer for different modes of travel, such as transporting your pet via air.","o Crate or Carrier-- If you want to travel with your pet, invest in a plastic carrier, they’re safer for different modes of travel, such as transporting your pet via air.",31,170
1929,No,0,"viadeoHello,On Sunday $NUM April $NUM, Tonyrull Tonyrull sent you an invitation to join their network.Viadeo will help you to:find your contacts and meet other professionalsbuild your online reputationfind a job or recruitThank you,The Viadeo Team.Accept Tonyrull's invitationMessage from Tonyrull TonyrullIf you no longer want to receive invitations to join Viadeo: Unsubscribe","viadeoHello,On Sunday 29 April 2012, Tonyrull Tonyrull sent you an invitation to join their network.Viadeo will help you to:find your contacts and meet other professionalsbuild your online reputationfind a job or recruitThank you,The Viadeo Team.Accept Tonyrull's invitationMessage from Tonyrull TonyrullIf you no longer want to receive invitations to join Viadeo: Unsubscribe",51,378
1930,No,0,you can unsub if you want these emails to discontinue $LINK,you can unsub if you want these emails to discontinue $LINK,11,59
1931,No,0,($NUM) Select the text to which you want to add bullets or numbering.,⑴ Select the text to which you want to add bullets or numbering.,13,69
1932,No,0,"• Portland, ME: January $NUM, $NUM","• Portland, ME: January 31, 2013",6,34
1933,Yes,1,"-If you want others to help manage your channel, you can add up to $NUM people without sharing your password.","-If you want others to help manage your channel, you can add up to 50 people without sharing your password.",20,109
1934,Yes,1,$NUM. Select the services that you want to add.,3. Select the services that you want to add.,9,47
1935,Yes,1,"Also want to talk about your voicemail last night--i.e., I may need to travel with KL, which is fine by me if that's necessary.","Also want to talk about your voicemail last night--i.e., I may need to travel with KL, which is fine by me if that's necessary.",24,127
1936,Yes,1,"Also, to be sure that you always receive any emails with important loan information, please add $EMAIL","Also, to be sure that you always receive any emails with important loan information, please add info@info.offerstuff.com",17,102
1937,Yes,1,"And if there's anything else I can do re: your meeting on Monday, don't hesitate.","And if there's anything else I can do re: your meeting on Monday, don't hesitate.",15,81
1938,Yes,1,And there's no need to pay for individual tracks - you can listen all you want.,And there's no need to pay for individual tracks - you can listen all you want.,16,79
1939,Yes,1,Apply for a job at AVON today.,Apply for a job at AVON today.,7,30
1940,Yes,1,Apply for a job at Joe's Crab Shack today.,Apply for a job at Joe's Crab Shack today.,9,42
1941,Yes,1,Are there other presentations that would useful to look at in preparation for the talk?,Are there other presentations that would useful to look at in preparation for the talk?,15,87
1942,Yes,1,"As it is a strange and unfamiliar ground for some of us, I thought it appropriate to invite you, on behalf of my brothers, Mohamed and Abdullah, and myself, for a small closed cocktail reception Xenel is holding on Thursday, 31st January at Waldorf Towers between $NUM pm and $NUM pm to meet with you to exchange views early on the session.","As it is a strange and unfamiliar ground for some of us, I thought it appropriate to invite you, on behalf of my brothers, Mohamed and Abdullah, and myself, for a small closed cocktail reception Xenel is holding on Thursday, 31st January at Waldorf Towers between 7.00 pm and 9.45 pm to meet with you to exchange views early on the session.",62,340
1943,Yes,1,"Attached, please find my resume, and please let me know if I can provide any further materials.","Attached, please find my resume, and please let me know if I can provide any further materials.",17,95
1944,Yes,1,"Bowen called, and unless he has to schedule a call with a judge from Texas at the same time, we're on for $NUM:$NUM AM.","Bowen called, and unless he has to schedule a call with a judge from Texas at the same time, we're on for 9:30 AM.",24,119
1945,Yes,1,"But Rory (who by the way is responsible for this mess!) now has decided that he'd like to do a Xmas make up on the 29th, which is smack dab in the middle of when we'll be up at the dome (tween xmas and new year's--hopefully you and eldon will join us so we can kick yer butts in spades).","But Rory (who by the way is responsible for this mess!) now has decided that he'd like to do a Xmas make up on the 29th, which is smack dab in the middle of when we'll be up at the dome (tween xmas and new year's--hopefully you and eldon will join us so we can kick yer butts in spades).",60,287
1946,Yes,1,Call me at ($NUM) $NUM to discuss in further detail.,Call me at (713) 853-6895 to discuss in further detail.,10,52
1947,Yes,1,Check out MSIA on the Nasdaq OTC board.,Check out MSIA on the Nasdaq OTC board.,8,39
1948,Yes,1,"Check out the most popular, trending, and liked prezis this week:","Check out the most popular, trending, and liked prezis this week:",11,65
1949,Yes,1,"Chris, when did BP Amoco get involved?","Chris, when did BP Amoco get involved?",7,38
1950,Yes,1,"Dick, you are doing the right things - if you run into timing issues in the future do not hesitate to give me a call directly.","Dick, you are doing the right things - if you run into timing issues in the future do not hesitate to give me a call directly.",26,126
1951,Yes,1,Did Pam do some due diligence for you before sending this e:mail so that you know this date and time works for everyone?,Did Pam do some due diligence for you before sending this e:mail so that you know this date and time works for everyone?,23,120
1952,Yes,1,Do not discuss this with anyone at CES or EES please.,Do not discuss this with anyone at CES or EES please.,11,53
1953,Yes,1,Do not in any event abandon any assets at any time.,Do not in any event abandon any assets at any time.,11,51
1954,Yes,1,Don't hesitate to call and discuss further the hard lessons that I sent you.,Don't hesitate to call and discuss further the hard lessons that I sent you.,14,76
1955,Yes,1,Don't make any changes for now.,Don't make any changes for now.,6,31
1956,Yes,1,Download it from the Apple App Store to share data with me today!,Download it from the Apple App Store to share data with me today!,13,65
1957,Yes,1,Download it today from the App Store and prepare to receive great Qwiqq coupon offers from your favorite merchants!,Download it today from the App Store and prepare to receive great Qwiqq coupon offers from your favorite merchants!,19,115
1958,Yes,1,Dupree Diamond @DupreeDiamond2 @ben_wiggin i just need something so i can get messages $NUM:$NUM AM - $NUM Jun $NUM,Dupree Diamond @DupreeDiamond2 @ben_wiggin i just need something so i can get messages 01:33 AM - 26 Jun 14,19,115
1959,Yes,1,Finish process now to receive the deposit immediately.,Finish process now to receive the deposit immediately.,8,54
1960,Yes,1,"For additional help, don't hesitate to visit $LINK","For additional help, don't hesitate to visit $LINK",8,50
1961,Yes,1,"For customer service, questions or feedback, please $LINK contact us .","For customer service, questions or feedback, please $LINK contact us .",11,70
1962,Yes,1,"For specific dates, hotels and other information, call $NUM or visit $LINK","For specific dates, hotels and other information, call 412-279-9298 or visit http://www.pgsenergy.com/schedule.html",12,74
1963,Yes,1,"For support requests, please contact us by going to our support page > $LINK","For support requests, please contact us by going to our support page > $LINK",14,76
1964,Yes,1,"George DeMontrond, Susan Bandy (the Houston $NUM Exec Director) and I would very much appreciate $NUM minutes or so of your time to update you on Houston's bid efforts and discuss your potential participation in the upcoming site visit.","George DeMontrond, Susan Bandy (the Houston 2012 Exec Director) and I would very much appreciate 15 minutes or so of your time to update you on Houston's bid efforts and discuss your potential participation in the upcoming site visit.",39,236
1965,Yes,1,"Given that Sue is going to be back on Tuesday, you may want to coordinate drafting duties with her.","Given that Sue is going to be back on Tuesday, you may want to coordinate drafting duties with her.",19,99
1966,Yes,1,Here's some stuff for us to discuss.,Here's some stuff for us to discuss.,7,36
1967,Yes,1,"Hi, Take a minute and check out gDocuments in the App Store, I think you will like it.","Hi, Take a minute and check out gDocuments in the App Store, I think you will like it.",18,86
1968,Yes,1,"Hi, Take a minute and check out iFiles in the App Store, I think you will like it.","Hi, Take a minute and check out iFiles in the App Store, I think you will like it.",18,82
1969,Yes,1,Hi: please add $$NUM of tolls for each day that I went to Sac this week.,Hi: please add $4 of tolls for each day that I went to Sac this week.,16,72
1970,Yes,1,Holly called and she has a table to fill at an awards banquet (some women's professional group or something) and wants to know if you want to join us.,Holly called and she has a table to fill at an awards banquet (some women's professional group or something) and wants to know if you want to join us.,29,150
1971,Yes,1,"How's Tues, may $NUM, or wed may $NUM, work for dinner?","How's Tues, may 1, or wed may 2, work for dinner?",11,55
1972,Yes,1,"I am available to help in any way I can, so please don't hesitate to call if you have questions: $NUM/$NUM.","I am available to help in any way I can, so please don't hesitate to call if you have questions: 978/281-0744.",21,107
1973,Yes,1,I do have a one quick question.... My sources indicate that Enron has agreed to place a Megawatt-Daily Cinergy Hourly product on EOL within $NUM weeks.,I do have a one quick question.... My sources indicate that Enron has agreed to place a Megawatt-Daily Cinergy Hourly product on EOL within 2 weeks.,26,151
1974,Yes,1,I know that you are extremely busy at this time but maybe next week I could come to Houston and we could find some time to meet.,I know that you are extremely busy at this time but maybe next week I could come to Houston and we could find some time to meet.,27,128
1975,Yes,1,I need your Drivers License # & expirary date for compliance purposes since Sept. $NUM to make sure you are not a terrorist or $ launder.,I need your Drivers License # & expirary date for compliance purposes since Sept. 11 to make sure you are not a terrorist or $ launder.,26,137
1976,Yes,1,"I noticed your Desk.com trial has ended and I would like to get your feedback, including a different pricing option.","I noticed your Desk.com trial has ended and I would like to get your feedback, including a different pricing option.",20,116
1977,Yes,1,I think it may be appropriate for both of you to join us.,I think it may be appropriate for both of you to join us.,13,57
1978,Yes,1,"I would like $NUM tickets for the Houston open, If available please sent to 31st floor, location 3117d.","I would like 4 tickets for the Houston open, If available please sent to 31st floor, location 3117d.",18,103
1979,Yes,1,I'll send you the final doc's so we can discuss.,I'll send you the final doc's so we can discuss.,10,48
1980,Yes,1,I'll take you/him up on the offer to get together while he's here.,I'll take you/him up on the offer to get together while he's here.,13,66
1981,Yes,1,I'm here today (wasn't yesterday) and will be happy to discuss it with you.,I'm here today (wasn't yesterday) and will be happy to discuss it with you.,14,75
1982,Yes,1,"If at any time you no longer wish to receive your weekly forecast, you can simply click here or send a letter to me at $NUM Cherry St. PMB $NUM, Milford, CT $NUM, and I will stop emailing them to you.","If at any time you no longer wish to receive your weekly forecast, you can simply click here or send a letter to me at 167 Cherry St. PMB 292, Milford, CT 06460-3400, and I will stop emailing them to you.",41,200
1983,Yes,1,"If not clickable, please copy and paste the address to your browser:","If not clickable, please copy and paste the address to your browser:",12,68
1984,Yes,1,"If there are any problems, or if you have any questions, don't hesitate to give me a call.","If there are any problems, or if you have any questions, don't hesitate to give me a call.",18,90
1985,Yes,1,"If you are having trouble viewing the above web address, visit $LINK and create an account to view the events you have received.","If you are having trouble viewing the above web address, visit http://www.sendomatic.com/servlets/l?u=mike.carson@enron.com and create an account to view the events you have received.",23,128
1986,Yes,1,"If you click the link below, we will take you to a page that has further directions for changing or recovering your password.","If you click the link below, we will take you to a page that has further directions for changing or recovering your password.",23,125
1987,Yes,1,"If you could please let us know where that stands, or if you have any feedback and/or questions it would be greatly appreciated.","If you could please let us know where that stands, or if you have any feedback and/or questions it would be greatly appreciated.",23,128
1988,Yes,1,"If you have any comments or questions you would like to discuss, please do not hesitate to call me at ($NUM) $NUM, Mike at ($NUM) $NUM or Bob Shults at ($NUM) $NUM.","If you have any comments or questions you would like to discuss, please do not hesitate to call me at (713) 853-3399, Mike at (713) 345-4079 or Bob Shults at (713) 853-0397.",32,164
1989,Yes,1,"If you have any questions at all, or would like to discuss your presentation in more detail, please do not hesitate to give me a call or drop me an email.","If you have any questions at all, or would like to discuss your presentation in more detail, please do not hesitate to give me a call or drop me an email.",31,154
1990,Yes,1,If you have any questions or comments do not hesitate to give me a call.,If you have any questions or comments do not hesitate to give me a call.,15,72
1991,Yes,1,If you have any questions please call me and we can discuss.,If you have any questions please call me and we can discuss.,12,60
1992,Yes,1,"If you have any questions regarding your job offer from Enron while you are on vacation, please give me a call.","If you have any questions regarding your job offer from Enron while you are on vacation, please give me a call.",21,111
1993,Yes,1,"If you have any questions, comments or suggestions please feel free to get in touch with me any time by replying to this email and if you haven't had a chance to see the new site, go to $LINK","If you have any questions, comments or suggestions please feel free to get in touch with me any time by replying to this email and if you haven't had a chance to see the new site, go to $LINK",39,191
1994,Yes,1,"If you have any questions, don't hestitate to get in touch.","If you have any questions, don't hestitate to get in touch.",11,59
1995,Yes,1,"If you have any questions, e-mail us $NUM hours a day, $NUM days a week at $EMAIL or call us, weekdays $NUM AM - midnight and weekends $NUM AM - $NUM PM Eastern Standard Time at $NUMU2DATEK.","If you have any questions, e-mail us 24 hours a day, 7 days a week at support@datek.com or call us, weekdays 8 AM - midnight and weekends 9 AM - 7 PM Eastern Standard Time at 1-800-U2DATEK.",37,190
1996,Yes,1,"If you have questions about visa processing and renewals, please refer to the visa tool on RCLCrewTravel.","If you have questions about visa processing and renewals, please refer to the visa tool on RCLCrewTravel.",17,105
1997,Yes,1,"If you have received this message in error, please notify the sender immediately by e-mail and delete all copies of the message.","If you have received this message in error, please notify the sender immediately by e-mail and delete all copies of the message.",22,128
1998,Yes,1,"If you want to cancel your account, go to: $LINK","If you want to cancel your account, go to: $LINK",10,48
1999,Yes,1,"If you would be interested in pursuing any joint projects, please don't hesitate to let me know.","If you would be interested in pursuing any joint projects, please don't hesitate to let me know.",17,96
2000,Yes,1,If you would like to help us beta test our Exchange support visit $LINK add your contact info and we'll turn Exchange support on for you to thank you for your help.,If you would like to help us beta test our Exchange support visit $LINK add your contact info and we'll turn Exchange support on for you to thank you for your help.,32,164
2001,Yes,1,"If you'd like to review your policy or make any additional updates, simply log into your policy anytime using your email address and password at:","If you'd like to review your policy or make any additional updates, simply log into your policy anytime using your email address and password at:",25,145
2002,Yes,1,"If you'd like to stop getting announcement emails, click below:","If you'd like to stop getting announcement emails, click below:",10,63
2003,Yes,1,"If you'r open tomorrow (Sunday), I'll call you then.","If you'r open tomorrow (Sunday), I'll call you then.",9,52
2004,Yes,1,"If you're still in the market for a new company, we'd love for you to join our family.","If you're still in the market for a new company, we'd love for you to join our family.",18,86
2005,Yes,1,"If you're still tanning, and still up for lunch, I'm game.","If you're still tanning, and still up for lunch, I'm game.",11,58
2006,Yes,1,"If you're unsure which loan type or program is right for you or what the next step is, click to call now.","If you're unsure which loan type or program is right for you or what the next step is, click to call now.",22,105
2007,Yes,1,"If you, Dean Powers, or your staffs would like to discuss the ideas in the letter or our thoughts about possible additions to the Enron board please do not hesitate to contact me or my colleague Bill Patterson.","If you, Dean Powers, or your staffs would like to discuss the ideas in the letter or our thoughts about possible additions to the Enron board please do not hesitate to contact me or my colleague Bill Patterson.",38,210
2008,Yes,1,"If your AppJoy crashes right after you open it, YOU MUST RESTART YOUR iPhone/iPod Touch or iPad, THEN OPEN APPJOY AGAIN.","If your AppJoy crashes right after you open it, YOU MUST RESTART YOUR iPhone/iPod Touch or iPad, THEN OPEN APPJOY AGAIN.",21,120
2009,Yes,1,"If your email does not support this web version, please subscribe to the free text version by writing $EMAIL","If your email does not support this web version, please subscribe to the free text version by writing subscribe@enerfax.com",19,108
2010,Yes,1,"If you’d like more time to discover Spotify Premium, click the button to enjoy another $NUM days on your device for free.","If you’d like more time to discover Spotify Premium, click the button to enjoy another 30 days on your device for free.",22,121
2011,Yes,1,"If you’re not interested, click here: No, I do not want to receive emails about understanding my credit report.","If you’re not interested, click here: No, I do not want to receive emails about understanding my credit report.",19,111
2012,Yes,1,Is Friday better for you guys?,Is Friday better for you guys?,6,30
2013,Yes,1,It may be worthwhile for us to have a quick phone call to discuss.,It may be worthwhile for us to have a quick phone call to discuss.,14,66
2014,Yes,1,It would be great to meet you when you come to Houston.,It would be great to meet you when you come to Houston.,12,55
2015,Yes,1,It's time for our regular Friday evening email chat!,It's time for our regular Friday evening email chat!,9,52
2016,Yes,1,"Janet, it may be in your personal interest to ensure that a number of witnesses are available to ensure the message is delivered and there is not confusion in the future.","Janet, it may be in your personal interest to ensure that a number of witnesses are available to ensure the message is delivered and there is not confusion in the future.",31,170
2017,Yes,1,"Keep these names, and I'll keep you posted on who to schedule with him.","Keep these names, and I'll keep you posted on who to schedule with him.",14,71
2018,Yes,1,"LaRence, Please note interview schedule below.","LaRence, Please note interview schedule below.",6,46
2019,Yes,1,"Last but not least, if you run a website, checkout our provider API to see how you can integrate your website with Boxcar!","Last but not least, if you run a website, checkout our provider API to see how you can integrate your website with Boxcar!",23,122
2020,Yes,1,Launch now and add some Tempo to your busy schedule!,Launch now and add some Tempo to your busy schedule!,10,52
2021,Yes,1,Learn more Fotolink helps you manage all your photos on Facebook.,Learn more Fotolink helps you manage all your photos on Facebook.,11,65
2022,Yes,1,"Learn more at our next webinar: Extracting Insights from Corporate Social Data Sources, on Thursday June $NUM.","Learn more at our next webinar: Extracting Insights from Corporate Social Data Sources, on Thursday June 20.",17,110
2023,Yes,1,Looks like $NUM today is good for all three of us re: option issues.,Looks like 230 today is good for all three of us re: option issues.,14,68
2024,Yes,1,"Lou, please give me a call if you have any questions about this lady.","Lou, please give me a call if you have any questions about this lady.",14,69
2025,Yes,1,"Make sure you don't miss out on any Pizza Hut specials, please add ' mailto:$EMAIL","Make sure you don't miss out on any Pizza Hut specials, please add ' mailto:pizzahut@pizzahutoffers.com",15,82
2026,Yes,1,May I get a copy of all the invoices we sent CES for January please.,May I get a copy of all the invoices we sent CES for January please.,15,68
2027,Yes,1,"Monday, October $NUM, $NUM Dear Ken: I am writing to request a meeting with you during the month of November.","Monday, October 8, 2001 Dear Ken: I am writing to request a meeting with you during the month of November.",20,109
2028,Yes,1,Need some friends who would like to chat!!!,Need some friends who would like to chat!!!,8,43
2029,Yes,1,Please add Carey Metz to our bidweek index survey spreadsheet.,Please add Carey Metz to our bidweek index survey spreadsheet.,10,62
2030,Yes,1,Please add $EMAIL to your safe sender list to ensure that you will receive our emails.,Please add Cottonelle@enews-cottonelle.com to your safe sender list to ensure that you will receive our emails.,16,86
2031,Yes,1,Please add Tricia Spence to this email.,Please add Tricia Spence to this email.,7,39
2032,Yes,1,Please be advised that the suspension date contained in H-$NUM can and probably will be changed before the orders are considered at the CPUC meeting on Sept. $NUM.,Please be advised that the suspension date contained in H-7 can and probably will be changed before the orders are considered at the CPUC meeting on Sept. 20.,28,163
2033,Yes,1,Please be informed that I will not be attending tomorrow's activities @ 2pm.,Please be informed that I will not be attending tomorrow's activities @ 2pm.,13,76
2034,Yes,1,"Please call me if you have any comments, as I want to send it out tonight.","Please call me if you have any comments, as I want to send it out tonight.",16,74
2035,Yes,1,Please contact us directly $NUM/$NUM via $EMAIL.,Please contact us directly 24/7 via helpme@moshimonsters.com.,7,48
2036,Yes,1,Please contact us if you need to discuss the resolution.,Please contact us if you need to discuss the resolution.,10,56
2037,Yes,1,Please contact us with any feature suggestions you may have.,Please contact us with any feature suggestions you may have.,10,60
2038,Yes,1,"Please do not hesitate to contact m e if you would like to discuss these materials further, or if there is anythi ng else that I can do to assist you.","Please do not hesitate to contact m e if you would like to discuss these materials further, or if there is anythi ng else that I can do to assist you.",31,150
2039,Yes,1,"Please do not reply to this e-mail for any other reason, as we're unable to respond from this address.","Please do not reply to this e-mail for any other reason, as we're unable to respond from this address.",19,102
2040,Yes,1,"Please do not respond to this message for customer service issues, as the address used to send this message does not accept mail.","Please do not respond to this message for customer service issues, as the address used to send this message does not accept mail.",23,129
2041,Yes,1,"Please don't hesitate to call me if you come in for a meeting, it would be great to see you again.","Please don't hesitate to call me if you come in for a meeting, it would be great to see you again.",21,98
2042,Yes,1,Please don't hesitate to give me a call if you'd like to discuss further.,Please don't hesitate to give me a call if you'd like to discuss further.,14,73
2043,Yes,1,Please don't hesitate to give the conference call number to Mike or others that are interested in a coordinated/joint response.,Please don't hesitate to give the conference call number to Mike or others that are interested in a coordinated/joint response.,20,127
2044,Yes,1,Please feel free to call me at ($NUM) $NUM if you have any questions.,Please feel free to call me at (713) 853-6544 if you have any questions.,14,69
2045,Yes,1,Please feel free to install the pc and monitors on Thursday or Friday.,Please feel free to install the pc and monitors on Thursday or Friday.,13,70
2046,Yes,1,Please find below SCE's proposal to settle past Direct Access Credit issues and determine the Direct Access Credit going forward.,Please find below SCE's proposal to settle past Direct Access Credit issues and determine the Direct Access Credit going forward.,20,129
2047,Yes,1,Please let me know if it meets $NUM with your approval.,Please let me know if it meets 20 with your approval.,11,55
2048,Yes,1,Please let me know if you have $NUM minutes for a quick call or simply reply to this email with your feedback.,Please let me know if you have 10-15 minutes for a quick call or simply reply to this email with your feedback.,22,110
2049,Yes,1,Please let me know what time works best for you and thank you very much for your time.,Please let me know what time works best for you and thank you very much for your time.,18,86
2050,Yes,1,Please note that the application you have installed is the full version.,Please note that the application you have installed is the full version.,12,72
2051,Yes,1,"Please note that to ensure regulatory compliance and for the protection of our customers and business, we may monitor and read e-mails sent to and from our server(s).","Please note that to ensure regulatory compliance and for the protection of our customers and business, we may monitor and read e-mails sent to and from our server(s).",28,166
2052,Yes,1,"Please print, review, sign and, if possible,get it notarized (if impossible, let me know.)","Please print, review, sign and, if possible,get it notarized (if impossible, let me know.)",14,90
2053,Yes,1,Pre-order your iPhone 5c today and get free delivery.*,Pre-order your iPhone 5c today and get free delivery.*,9,54
2054,Yes,1,Remember that Karen reads all my mail so don't send anything too personal.,Remember that Karen reads all my mail so don't send anything too personal.,13,74
2055,Yes,1,"Rick , good result in California so far - what is the status of our plan for New England ICAP issues?","Rick , good result in California so far - what is the status of our plan for New England ICAP issues?",21,101
2056,Yes,1,Send us an email and we would be happy to call your loved one and let them know a little bird told us so!,Send us an email and we would be happy to call your loved one and let them know a little bird told us so!,24,105
2057,Yes,1,Shop now and get free standard ground shipping on any purchase of $$NUM or more!,Shop now and get free standard ground shipping on any purchase of $35 or more!,15,80
2058,Yes,1,"Shop our collection of cozy slippers for the family starting at $$NUM and take $$NUM off any online purchase of $$NUM or more* with coupon code ZZWREATH through Sunday, December 8th, $NUM.","Shop our collection of cozy slippers for the family starting at $8.99 and take $10 off any online purchase of $50 or more* with coupon code ZZWREATH through Sunday, December 8th, 2013.",32,188
2059,Yes,1,"Shop the latest styles during our biggest sale and save $NUM/$NUM off your second item of equal or lesser value, through Monday, November 11th.*","Shop the latest styles during our biggest sale and save 1/2 off your second item of equal or lesser value, through Monday, November 11th.*",24,144
2060,Yes,1,"Shop the latest styles during our biggest sale and save $NUM/$NUM off your second item of equal or lesser value, through Wednesday, September 25th.","Shop the latest styles during our biggest sale and save 1/2 off your second item of equal or lesser value, through Wednesday, September 25th.",24,147
2061,Yes,1,"Should you have any questions or require additional information, please feel free to contact me via telephone at ($NUM)$NUM or via email $EMAIL.","Should you have any questions or require additional information, please feel free to contact me via telephone at (415)244-6094 or via email JinRides@gmail.com.",23,144
2062,Yes,1,"Should you have any questions, feel free to contact me at ($NUM) $NUM.","Should you have any questions, feel free to contact me at (713) 853-5707.",13,70
2063,Yes,1,Simply use the link below to compare health plans now:,Simply use the link below to compare health plans now:,10,54
2064,Yes,1,"Since I get everything that you forward, you may remove me from you distribution list.","Since I get everything that you forward, you may remove me from you distribution list.",15,86
2065,Yes,1,So I can get an update on that when we talk tomorrow.,So I can get an update on that when we talk tomorrow.,12,53
2066,Yes,1,"Some email can not read our web mail, please write $EMAIL to subscribe to the identical email in a text format.","Some email can not read our web mail, please write enerfaxgold-subscribe@egroups.com to subscribe to the identical email in a text format.",21,111
2067,Yes,1,Spend smarter this June after you authorize a MasterCard with a limit of up to $$NUM.,"Spend smarter this June after you authorize a MasterCard with a limit of up to $3,000.",16,85
2068,Yes,1,Talk to Susan about joining the group.,Talk to Susan about joining the group.,7,38
2069,Yes,1,"The Tuesday game's at $NUM:$NUM, but thought it'd be nice to see an early game.","The Tuesday game's at 7:30, but thought it'd be nice to see an early game.",15,79
2070,Yes,1,"The deadline for completion of Houston's bid to become home to USA Baseball is the end of September, so we would like to meet with you at your convenience by September $NUM, if at all possible.","The deadline for completion of Houston's bid to become home to USA Baseball is the end of September, so we would like to meet with you at your convenience by September 25, if at all possible.",36,193
2071,Yes,1,"The rates on the attached spreadsheet would provide full cost recovery only after the project is fully subscribed, right?","The rates on the attached spreadsheet would provide full cost recovery only after the project is fully subscribed, right?",19,121
2072,Yes,1,They are going to remove this page soon so get it from here now before they take it away forever!,They are going to remove this page soon so get it from here now before they take it away forever!,20,97
2073,Yes,1,Think about items like that and lets discuss.,Think about items like that and lets discuss.,8,45
2074,Yes,1,"Thursday, usual time?","Thursday, usual time?",3,21
2075,Yes,1,"To continue using Handheld Contact for ACT! after your $NUM day trial, visit $LINK to subscribe.","To continue using Handheld Contact for ACT! after your 14 day trial, visit $LINK to subscribe.",16,96
2076,Yes,1,"To participate now, click here $LINK","To participate now, click here $LINK",6,36
2077,Yes,1,"To protect your privacy, please confirm your email address by clicking here: Click here to activate and login!","To protect your privacy, please confirm your email address by clicking here: Click here to activate and login!",18,110
2078,Yes,1,"To reset your password, please visit the url below:","To reset your password, please visit the url below:",9,51
2079,Yes,1,"To see how we treat your information, please review our privacy policy.","To see how we treat your information, please review our privacy policy.",12,71
2080,Yes,1,"To see this email, please view the HTML version.","To see this email, please view the HTML version.",9,48
2081,Yes,1,"To visit your member page and earn rewards by completing surveys, please use the link below at any time:","To visit your member page and earn rewards by completing surveys, please use the link below at any time:",19,104
2082,Yes,1,"Twanda, would you please check my calendar and book me yes if I am available?","Twanda, would you please check my calendar and book me yes if I am available?",15,77
2083,Yes,1,"Twitter $NUM version update.$NUM) Tumblr error modify.You can take funny pictures in the Magic Hour, please look separately with friends Share SNS in a variety of photos taken.All, it was MagicHour team to strive for an enjoyable life photo of you always.Thank you.","Twitter 1.1 version update.2) Tumblr error modify.You can take funny pictures in the Magic Hour, please look separately with friends Share SNS in a variety of photos taken.All, it was MagicHour team to strive for an enjoyable life photo of you always.Thank you.",43,265
2084,Yes,1,Upgrade to premium for only $$NUM and start a new romance today.,Upgrade to premium for only $1.55 and start a new romance today.,12,64
2085,Yes,1,Ur daddy left the ph n the truck cal me asap,Ur daddy left the ph n the truck cal me asap,11,44
2086,Yes,1,Use Localmind to connect to people on the ground and find _what's really happening_ anywhere you want to go.,Use Localmind to connect to people on the ground and find _what's really happening_ anywhere you want to go.,19,108
2087,Yes,1,Use this link to to join MOS Coaching Club today:,Use this link to to join MOS Coaching Club today:,10,49
2088,Yes,1,Use your free listings and subtitles to reach Halloween shoppers now.,Use your free listings and subtitles to reach Halloween shoppers now.,11,69
2089,Yes,1,Visit Dating for Hippies today and take advantage of our Flag Day deal.,Visit Dating for Hippies today and take advantage of our Flag Day deal.,13,71
2090,Yes,1,We do not have recorded in the financial statements the $8M Cdn in done deals - you may want to look into that.,We do not have recorded in the financial statements the $8M Cdn in done deals - you may want to look into that.,23,111
2091,Yes,1,We want the data to be as good as possible.,We want the data to be as good as possible.,10,43
2092,Yes,1,"We've made about a zillion improvements to the app and we have some really exciting new features and benefits to share with you, so could you please click the link below to re-confirm that it's still OK to keep in touch?","We've made about a zillion improvements to the app and we have some really exciting new features and benefits to share with you, so could you please click the link below to re-confirm that it's still OK to keep in touch?",41,220
2093,Yes,1,"What about lunch tomorrow (we're all in the city), or at $NUM PM (before the ball game)?","What about lunch tomorrow (we're all in the city), or at 5 PM (before the ball game)?",17,88
2094,Yes,1,When are we going to start practicing for the A&M/UT FF Tourney - we need to get a team together and start practicing.,When are we going to start practicing for the A&M/UT FF Tourney - we need to get a team together and start practicing.,23,118
2095,Yes,1,When you get a minute tomorrow page me (I'm mobile this week) and we can talk.,When you get a minute tomorrow page me (I'm mobile this week) and we can talk.,16,78
2096,Yes,1,"With Sue coming back on Tuesday, and in the spirt of our gropes, it might be useful to discuss as a group prior to charging ahead.","With Sue coming back on Tuesday, and in the spirt of our gropes, it might be useful to discuss as a group prior to charging ahead.",26,130
2097,Yes,1,You available to talk today?,You available to talk today?,5,28
2098,Yes,1,"Your feedback is very important to us so if you would like to contact us with a question or comment, please click here:","Your feedback is very important to us so if you would like to contact us with a question or comment, please click here:",23,119
2099,Yes,1,"viadeo Invitation Hello,I would like to invite you to join my network of contacts.Kind regards,Tonyrull TonyrullYangon, hdj Confirm that you know Tonyrull Message from Tonyrull Tonyrull If you no longer want to receive invitations to join Viadeo: Unsubscribe","viadeo   Invitation   Hello,I would like to invite you to join my network of contacts.Kind regards,Tonyrull TonyrullYangon, hdj Confirm that you know Tonyrull  Message from Tonyrull Tonyrull   If you no longer want to receive invitations to join Viadeo: Unsubscribe",38,258
2100,Yes,1,"Should you not be able to call me, then I will send you a short memorandum about the situation on Monday.","Should you not be able to call me, then I will send you a short memorandum about the situation on Monday.",21,105
2101,Yes,1,"If you want to contact him, I'd wait $NUM minutes and give him a call on his cell phone.","If you want to contact him, I'd wait 5-10 minutes and give him a call on his cell phone.",19,88
2102,Yes,1,Let's sum up what you should remember about this offer:,Let's sum up what you should remember about this offer:,10,55
2103,Yes,1,Please contact Cathy Phillips (X-$NUM) and let her know if you are interested in attending.,Please contact Cathy Phillips (X-36898) and let her know if you are interested in attending.,15,91
2104,Yes,1,"Also, I need to know the nature of the confidential information you are discussing so we can protect the information being discussed.","Also, I need to know the nature of the confidential information you are discussing so we can protect the information being discussed.",22,133
2105,Yes,1,"Also, please let Lisa Bills know where we will be meeting, as she is planning on coming late to the meeting.","Also, please let Lisa Bills know where we will be meeting, as she is planning on coming late to the meeting.",21,108
2106,Yes,1,And we would love for Mr. Lay to stay for dinner - is this doable?,And we would love for Mr. Lay to stay for dinner - is this doable?,15,66
2107,Yes,1,And why would you explode jars of paint?,And why would you explode jars of paint?,8,40
2108,Yes,1,"And, if you want to learn more about how we show you interesting, relevant ads, or how cookies and similar technologies help us do so, please visit our Ads and Cookies pages.","And, if you want to learn more about how we show you interesting, relevant ads, or how cookies and similar technologies help us do so, please visit our Ads and Cookies pages.",32,174
2109,Yes,1,Are you available that date?,Are you available that date?,5,28
2110,Yes,1,Are you available?,Are you available?,3,18
2111,Yes,1,Be assured that any information we discuss will be completely confidential.,Be assured that any information we discuss will be completely confidential.,11,75
2112,Yes,1,Below please find the requirement for China Visa.,Below please find the requirement for China Visa.,8,49
2113,Yes,1,"Bruce: I am tied up for lunch, but let's get together during the day on Monday or Tuesday.","Bruce: I am tied up for lunch, but let's get together during the day on Monday or Tuesday.",18,90
2114,Yes,1,"But if you have any time constraints or want to make sure you have plenty of time for integration, the beta will be available for you.","But if you have any time constraints or want to make sure you have plenty of time for integration, the beta will be available for you.",26,134
2115,Yes,1,Call whenever you'd like to discuss the call (that Palmer forgot to tell you about).,Call whenever you'd like to discuss the call (that Palmer forgot to tell you about).,15,84
2116,Yes,1,"Can we invite him (the son, not the professor) to a Super Saturday?","Can we invite him (the son, not the professor) to a Super Saturday?",13,67
2117,Yes,1,Danny and Phil: Please follow-up with Vince if you have an interest in meeting with Peter.,Danny and Phil: Please follow-up with Vince if you have an interest in meeting with Peter.,16,90
2118,Yes,1,Did you get my message about my parking tag?,Did you get my message about my parking tag?,9,44
2119,Yes,1,Did you make it to earth day?,Did you make it to earth day?,7,29
2120,Yes,1,Did you respond to the Haas address?,Did you respond to the Haas address?,7,36
2121,Yes,1,Did you see on the news last night that they arrested $NUM people for participating in that pyramid scheme you were telling me about?,Did you see on the news last night that they arrested 44 people for participating in that pyramid scheme you were telling me about?,24,133
2122,Yes,1,Do you have any idea how long it will be before I get a replacement?,Do you have any idea how long it will be before I get a replacement?,15,68
2123,Yes,1,Do you know if this has been addressed?,Do you know if this has been addressed?,8,39
2124,Yes,1,Do you know if we are meeting on Monday?,Do you know if we are meeting on Monday?,9,40
2125,Yes,1,Don't forget to chat with VNG about Nabisco.,Don't forget to chat with VNG about Nabisco.,8,44
2126,Yes,1,"Even if you are still unsure about returning, please call us now to select YES as your returning status.","Even if you are still unsure about returning, please call us now to select YES as your returning status.",19,104
2127,Yes,1,"Here’s a selection of books we think you’ll love, along with a few readers we’d like you to meet.","Here’s a selection of books we think you’ll love, along with a few readers we’d like you to meet.",19,97
2128,Yes,1,Hey Jeff - I'm still wondering if my last email made it through.,Hey Jeff - I'm still wondering if my last email made it through.,13,64
2129,Yes,1,"I am sure that you are all ""talked out"" about it, but if you need an empathetic ear, give me a buzz.","I am sure that you are all ""talked out"" about it, but if you need an empathetic ear, give me a buzz.",22,100
2130,Yes,1,"I did call and got credit on my bill, it doesnt just show up u need to make the call and they ask u how many days u were out I told them to fri and got $NUM credit","I did call and got credit on my bill, it doesnt just show up u need to make the call and they ask u how many days u were out I told them to fri and got 28.00 credit",39,163
2131,Yes,1,I don't want to approve any further investments until we have had such a discussion.,I don't want to approve any further investments until we have had such a discussion.,15,84
2132,Yes,1,"I saw that you had recently started looking into moving over to Egnyte, I would love to discuss some of the details of your current situation so that I can help get you up and going as quickly as possible with the features here at Egnyte that will best meet your current needs!","I saw that you had recently started looking into moving over to Egnyte, I would love to discuss some of the details of your current situation so that I can help get you up and going as quickly as possible with the features here at Egnyte that will best meet your current needs!",53,277
2133,Yes,1,I wanted to follow up on our conversatian regarding the in house counsel that you may know.,I wanted to follow up on our conversatian regarding the in house counsel that you may know.,17,91
2134,Yes,1,"I was wondering if I could get some information on the Costilla deal, specifically the repurchase option.","I was wondering if I could get some information on the Costilla deal, specifically the repurchase option.",17,105
2135,Yes,1,I will be getting the schedule after work on Friday and will call and let you know when and where our games will be.,I will be getting the schedule after work on Friday and will call and let you know when and where our games will be.,24,116
2136,Yes,1,I will call you tomorrow after I talk with Sheri - should be by $NUM:$NUM am.,I will call you tomorrow after I talk with Sheri - should be by 11:00 am.,16,77
2137,Yes,1,"If I don't make chanages, I will call you Friday afternoon after landing and let you know that.","If I don't make chanages, I will call you Friday afternoon after landing and let you know that.",18,95
2138,Yes,1,"If not by e-mail, is it something that can be faxed?","If not by e-mail, is it something that can be faxed?",11,52
2139,Yes,1,"If not, I'd love to hear what we are doing wrong and how we could improve our Google Apps integrations to be more valuable to you.","If not, I'd love to hear what we are doing wrong and how we could improve our Google Apps integrations to be more valuable to you.",26,130
2140,Yes,1,"If you did, please let me know how to improve my application to make you want to use it again, I value my users and I'm always happy to receive feedback.","If you did, please let me know how to improve my application to make you want to use it again, I value my users and I'm always happy to receive feedback.",31,153
2141,Yes,1,"If you don’t want to agree to arbitration, you can easily opt out via an online form, within $NUMdays of these Terms becoming effective.","If you don’t want to agree to arbitration, you can easily opt out via an online form, within 30-days of these Terms becoming effective.",24,136
2142,Yes,1,"If you don’t want to keep your account open, you can cancel any time during your free trial or simply let the trial expire.","If you don’t want to keep your account open, you can cancel any time during your free trial or simply let the trial expire.",24,123
2143,Yes,1,"If you experience any problems that you cannot resolve, please visit our support site at $LINK","If you experience any problems that you cannot resolve, please visit our support site at $LINK",16,94
2144,Yes,1,"If you fit the above description and meet the requirements, please apply to this ad stating your location.","If you fit the above description and meet the requirements, please apply to this ad stating your location.",18,106
2145,Yes,1,"If you have a question about your health or a procedure, call your healthcare professional directly.","If you have a question about your health or a procedure, call your healthcare professional directly.",16,100
2146,Yes,1,"If you have any big ticket items you can plan for this school year, like a laptop, a scientific calculator, or new uniforms, you may want to add the items to your Wish List to ensure you’re on the right track with your savings to account for these special purchases.","If you have any big ticket items you can plan for this school year, like a laptop, a scientific calculator, or new uniforms, you may want to add the items to your Wish List to ensure you’re on the right track with your savings to account for these special purchases.",50,266
2147,Yes,1,"If you have any issues upgrading or difficulties with the new features, we're happy to help.","If you have any issues upgrading or difficulties with the new features, we're happy to help.",16,92
2148,Yes,1,"If you have any other problems, please reopen this ticket.","If you have any other problems, please reopen this ticket.",10,58
2149,Yes,1,"If you have any problem with the link, please copy the url below and paste it on your browser.","If you have any problem with the link, please copy the url below and paste it on your browser.",19,94
2150,Yes,1,"If you have any question regarding PCHLotto, please visit the PCHlotto .com:","If you have any question regarding PCHLotto, please visit the PCHlotto .com:",12,76
2151,Yes,1,"If you have any thoughts on how to improve our service, please email us at: $EMAIL.","If you have any thoughts on how to improve our service, please email us at: support@proven.com.",16,83
2152,Yes,1,"If you prefer to purchase online, please Buy Now >> $LINK","If you prefer to purchase online, please Buy Now >> $LINK",11,57
2153,Yes,1,Let me know how it goes!,Let me know how it goes!,6,24
2154,Yes,1,Let me know if that can be arranged.,Let me know if that can be arranged.,8,36
2155,Yes,1,"Mario, can you tell me where to look for a GOOD pizza dough recipe?”","Mario, can you tell me where to look for a GOOD pizza dough recipe?”",14,68
2156,Yes,1,No- I'm meeting w/ Bradford at $NUM to discuss.,No- I'm meeting w/ Bradford at 11 to discuss.,9,47
2157,Yes,1,Please call $NUM to speak with a support representative.,Please call 1-877-428-5608 to speak with a support representative.,9,56
2158,Yes,1,Please give us a call at ($NUM) $NUM or reply to this email.,Please give us a call at (855) 962-3621 or reply to this email.,13,60
2159,Yes,1,Please go here to complete your information and see if you qualify for financial aid.,Please go here to complete your information and see if you qualify for financial aid.,15,85
2160,Yes,1,Please provide me with an invite for Google+ App for iPhone4.,Please provide me with an invite for Google+ App for iPhone4.,11,61
2161,Yes,1,Please quote your order reference number if you wish to contact us about this order.,Please quote your order reference number if you wish to contact us about this order.,15,84
2162,Yes,1,Please schedule this candidate for an interview.,Please schedule this candidate for an interview.,7,48
2163,Yes,1,Please send us an email if you have any problems during signup.,Please send us an email if you have any problems during signup.,12,63
2164,Yes,1,Scott will tell John Singer we need to get out of this capacity.,Scott will tell John Singer we need to get out of this capacity.,13,64
2165,Yes,1,"That said, that may not be important for you and you won't mind sending me dollars.","That said, that may not be important for you and you won't mind sending me dollars.",16,83
2166,Yes,1,"Therefore, please prepare a list of site specific issues for that document as well.","Therefore, please prepare a list of site specific issues for that document as well.",14,83
2167,Yes,1,"This week, we take a look at the analysis you can do as a marketer to understand what content you should be developing, how you should share it, and what works on Twitter for your specific message.","This week, we take a look at the analysis you can do as a marketer to understand what content you should be developing, how you should share it, and what works on Twitter for your specific message.",37,197
2168,Yes,1,"We are meeting with Mark on Wednesday to try and figure out the approval process for Australia, so maybe after Wednesday I'll start responding for them.","We are meeting with Mark on Wednesday to try and figure out the approval process for Australia, so maybe after Wednesday I'll start responding for them.",26,152
2169,Yes,1,We can connect you with a professional that will help you understand your options and determine what program works best for you.,We can connect you with a professional that will help you understand your options and determine what program works best for you.,22,128
2170,Yes,1,We can go out of town - i would love to get away - have you heard about the hilton in Austin?,We can go out of town - i would love to get away - have you heard about the hilton in Austin?,22,93
2171,Yes,1,We shoudl discuss putting together an automated sheet each day for cash trading.,We shoudl discuss putting together an automated sheet each day for cash trading.,13,80
2172,Yes,1,"We will be marketing this conference to over $NUM targeted individuals, including a direct mail of at least $NUM and in addition an online and press campaign.","We will be marketing this conference to over 40,000 targeted individuals, including a direct mail of at least 25,000 and in addition an online and press campaign.",27,158
2173,Yes,1,"We would probably need the ESA $NUM budget (income, expense, cashflow and capital) for the trading/marketing/EES business and the asset/regulated business in seperate formats.","We would probably need the ESA 2001 budget (income, expense, cashflow and capital) for the trading/marketing/EES business and the asset/regulated business in seperate formats.",24,175
2174,Yes,1,What if you could borrow thousands and have up to $NUM years to repay?,What if you could borrow thousands and have up to 3 years to repay?,14,70
2175,Yes,1,What is the address of the HR website where I can see my old pay stubs?,What is the address of the HR website where I can see my old pay stubs?,16,71
2176,Yes,1,Who can I start sending all these pricing questions to?,Who can I start sending all these pricing questions to?,10,55
2177,Yes,1,Would be ideal if we can get this data on Thursday.,Would be ideal if we can get this data on Thursday.,11,51
2178,Yes,1,Would you like to meet them for a short courtesy meeting ($NUM - $NUM minutes)?,Would you like to meet them for a short courtesy meeting (5 - 10 minutes)?,15,79
2179,Yes,1,You can get started today with Graham's free gift.,You can get started today with Graham's free gift.,9,50
2180,Yes,1,Any data you can provide will be helpful.,Any data you can provide will be helpful.,8,41
2181,Yes,1,Are you still available Weds or Thurs a.m.,Are you still available Weds or Thurs a.m.,8,42
2182,Yes,1,"Ben, are you available at 9am on Monday re ABB?","Ben, are you available at 9am on Monday re ABB?",10,47
2183,Yes,1,Do we have a list of attendants/agenda?,Do we have a list of attendants/agenda?,7,39
2184,Yes,1,Do you think that you're boss is inclinded to put a call in to the governor regarding the importance of choice and/or sign and send letters to the leadership?,Do you think that you're boss is inclinded to put a call in to the governor regarding the importance of choice and/or sign and send letters to the leadership?,29,158
2185,Yes,1,Do you want tickets to Astros game on Friday night?,Do you want tickets to Astros game on Friday night?,10,51
2186,Yes,1,"Eldon, are you and Bob planning to go up this week?","Eldon, are you and Bob planning to go up this week?",11,51
2187,Yes,1,"Falcon -- review diligence reports, client discussions.","Falcon -- review diligence reports, client discussions.",7,55
2188,Yes,1,Have you had the boards out yet?,Have you had the boards out yet?,7,32
2189,Yes,1,"I just wanted to follow-up with you to see what additional steps, if any, that TEKsystems may need to take in order to continue moving forward in the contract execution process.","I just wanted to follow-up with you to see what additional steps, if any, that TEKsystems may need to take in order to continue moving forward in the contract execution process.",31,177
2190,Yes,1,I sent you a message regarding a dinner on Tuesday.,I sent you a message regarding a dinner on Tuesday.,10,51
2191,Yes,1,I want to leave you with a question:,I want to leave you with a question:,8,36
2192,Yes,1,I want to make some for the super bowl party this Sunday.,I want to make some for the super bowl party this Sunday.,12,57
2193,Yes,1,I would like to help you make your evaluation of the Software Update Wizard as successful as possible.,I would like to help you make your evaluation of the Software Update Wizard as successful as possible.,18,102
2194,Yes,1,I'd like to recommend to you an app that I use to organize my tasks on the iPhone: Priority Matrix.,I'd like to recommend to you an app that I use to organize my tasks on the iPhone: Priority Matrix.,20,99
2195,Yes,1,"If I'm incorrect, we'll need to get things squared away, like today.","If I'm incorrect, we'll need to get things squared away, like today.",12,68
2196,Yes,1,"If energy is not delivered because of a Y2K problem, is that a force majeure event or otherwise excused?","If energy is not delivered because of a Y2K problem, is that a force majeure event or otherwise excused?",19,104
2197,Yes,1,"If that's all Dennis brings to the table (not counting his big bag of $$$$), does a deal with him really make sense?","If that's all Dennis brings to the table (not counting his big bag of $$$$), does a deal with him really make sense?",23,116
2198,Yes,1,"If you choose to let them stay paused, we'll send you an email at the beginning of the month reminding you to activate your Zaps again.","If you choose to let them stay paused, we'll send you an email at the beginning of the month reminding you to activate your Zaps again.",26,135
2199,Yes,1,"If you'd like help getting started building your site or if there's anything unclear about Jimdo, I'm happy to help.","If you'd like help getting started building your site or if there's anything unclear about Jimdo, I'm happy to help.",20,116
2200,Yes,1,Our meetings will be much more effective you attend.,Our meetings will be much more effective you attend.,9,52
2201,Yes,1,Per your voice mail I would like to defer $NUM% of my ECT Phantom Stock into the Stable Asset fund.,Per your voice mail I would like to defer 100% of my ECT Phantom Stock into the Stable Asset fund.,20,99
2202,Yes,1,"Rick, are you on this, or should I get on it?","Rick, are you on this, or should I get on it?",11,45
2203,Yes,1,"Saturday, March $NUM works for me.","Saturday, March 25 works for me.",6,34
2204,Yes,1,So where are you kayaking this weekend?,So where are you kayaking this weekend?,7,39
2205,Yes,1,We appreciate your feedback or question and we will try to address your response when we can.,We appreciate your feedback or question and we will try to address your response when we can.,17,93
2206,Yes,1,We can help with any financial need.,We can help with any financial need.,7,36
2207,Yes,1,"We need to turn in the final inventory list, get things resolved with Mary (be it good or bad) then we can buy Don out.","We need to turn in the final inventory list, get things resolved with Mary (be it good or bad) then we can buy Don out.",25,119
2208,Yes,1,We would like to invite you back to continue.,We would like to invite you back to continue.,9,45
2209,Yes,1,Were I have to meet u.,Were I have to meet u.,6,22
2210,Yes,1,We’d greatly appreciate any ideas on how we can improve.,We’d greatly appreciate any ideas on how we can improve.,10,56
2211,Yes,1,"When I'm in need of some ""managing expertise"" in the future, I will give you a call.","When I'm in need of some ""managing expertise"" in the future, I will give you a call.",17,84
2212,Yes,1,Where did y'all meet?,Where did y'all meet?,4,21
2213,Yes,1,Where did you get yours?,Where did you get yours?,5,24
2214,Yes,1,Will Enron cover the cost of having those returns prepared?,Will Enron cover the cost of having those returns prepared?,10,59
2215,Yes,1,Please contact Sherri Sera ($NUM/$NUM) or Suzanne Danz ($NUM/$NUM) for the weekly dial-in number and passcode.,Please contact Sherri Sera (713/853-5984) or Suzanne Danz (713/853-6440) for the weekly dial-in number and passcode.,16,110
2216,Yes,1,"Also, if you'd like to make suggestions of how to make the app better or tell me what you'd like to see in future versions, please be in touch.","Also, if you'd like to make suggestions of how to make the app better or tell me what you'd like to see in future versions, please be in touch.",29,143
2217,Yes,1,"Also, should we set a time schedule?","Also, should we set a time schedule?",7,36
2218,Yes,1,And let me know what you think of it.,And let me know what you think of it.,9,37
2219,Yes,1,"As it is impossible for Dr Lay to participate at the Preparatory Meeting, we would be most grateful if you could nominate a delegate as well as send us his preliminary ideas on interesting issues and panellists for the programme.","As it is impossible for Dr Lay to participate at the Preparatory Meeting, we would be most grateful if you could nominate a delegate as well as send us his preliminary ideas on interesting issues and panellists for the programme.",40,229
2220,Yes,1,But how often do you get a chance to tell us what you really think?,But how often do you get a chance to tell us what you really think?,15,67
2221,Yes,1,Can you mail me the family tree or send it email?,Can you mail me the family tree or send it email?,11,49
2222,Yes,1,Do you want to deeply explore the memory info about your phone?,Do you want to deeply explore the memory info about your phone?,12,63
2223,Yes,1,"Don, go ahead and set it up - what have been discussing with them on the gas side?","Don, go ahead and set it up - what have been discussing with them on the gas side?",18,82
2224,Yes,1,Go ahead and get the op control agreement signed by relevant parties and sent to the proper place.,Go ahead and get the op control agreement signed by relevant parties and sent to the proper place.,18,98
2225,Yes,1,"I am comfortable with your decisions, so feel free to go ahead with this.","I am comfortable with your decisions, so feel free to go ahead with this.",14,73
2226,Yes,1,"I get on the plane Houston at $NUM:$NUM AM PDT, so you'll have to do it solo.","I get on the plane Houston at 6:30 AM PDT, so you'll have to do it solo.",17,77
2227,Yes,1,I just want to make sure we aren't missing any deals in our model.,I just want to make sure we aren't missing any deals in our model.,14,66
2228,Yes,1,I look forward to hearing from you tomorrow.,I look forward to hearing from you tomorrow.,8,44
2229,Yes,1,I need to get a new gas daily product created.,I need to get a new gas daily product created.,10,46
2230,Yes,1,I think you should have this conversation with the senior person and I will work on it at the board level.,I think you should have this conversation with the senior person and I will work on it at the board level.,21,106
2231,Yes,1,"I'd like to hear your thoughts on Fanhattan, given that you were one of the early downloaders of our app over the past several months.","I'd like to hear your thoughts on Fanhattan, given that you were one of the early downloaders of our app over the past several months.",25,134
2232,Yes,1,"If you do, you need to hurry.","If you do, you need to hurry.",7,29
2233,Yes,1,Lets discuss this before we make offer.,Lets discuss this before we make offer.,7,39
2234,Yes,1,"Mike, send to John Sherriff in Europe.","Mike, send to John Sherriff in Europe.",7,38
2235,Yes,1,"Molly, could you please forward the ""thanks, but no thanks"" template letter to me?","Molly, could you please forward the ""thanks, but no thanks"" template letter to me?",14,82
2236,Yes,1,"Or, would it be helpful at this point to meet with anyone else at Enron, to at least make the personal connection?","Or, would it be helpful at this point to meet with anyone else at Enron, to at least make the personal connection?",22,114
2237,Yes,1,Saturday is good.,Saturday is good.,3,17
2238,Yes,1,Someone please help me!!!,Someone please help me!!!,4,25
2239,Yes,1,"Tammy, are you getting all these reports?","Tammy, are you getting all these reports?",7,41
2240,Yes,1,"There are plenty of options, but which product will you get?","There are plenty of options, but which product will you get?",11,60
2241,Yes,1,"We have already scheduled an internal presentation on December $NUM. Please, go ahead and make a reservation.","We have already scheduled an internal presentation on December 7. Please, go ahead and make a reservation.",17,109
2242,Yes,1,We look forward to speaking with you in more detail about the ways we could potentially work together.,We look forward to speaking with you in more detail about the ways we could potentially work together.,18,102
2243,Yes,1,We wanted to let you know about some upcoming changes to Kicksend which may alter the way you use our app.,We wanted to let you know about some upcoming changes to Kicksend which may alter the way you use our app.,21,106
2244,Yes,1,We'd love to get to know you better so that we can enhance our services and products.,We'd love to get to know you better so that we can enhance our services and products.,17,85
2245,Yes,1,Were you able to trace the package?,Were you able to trace the package?,7,35
2246,Yes,1,What do you want to do about this?,What do you want to do about this?,8,34
2247,Yes,1,What moments will you capture with directr this week?,What moments will you capture with directr this week?,9,53
2248,Yes,1,When do you think we will be able to get the Sitara number entered in the Link field in Tagg?,When do you think we will be able to get the Sitara number entered in the Link field in Tagg?,20,93
2249,Yes,1,"Would you mind call Jerry Jerry BoBerry and see what he will tell you is the substance of their issues, and share with him our issues.","Would you mind call Jerry Jerry BoBerry and see what he will tell you is the substance of their issues, and share with him our issues.",26,134
2250,Yes,1,"Would you recommend Roger DiRuggiero, MD? Click one of the links below to leave feedback.","Would you recommend Roger DiRuggiero, MD? Click one of the links below to leave feedback.",15,89
2251,Yes,1,Would you vote to help us win the prestigious MobiPrize?,Would you vote to help us win the prestigious MobiPrize?,10,56
2252,Yes,1,"With respect to that rush Guaranty for the referenced counterparty you so kindly got me on Monday, per our conversation, we will need an incumbency certificate for that guaranty as well.","With respect to that rush Guaranty for the referenced counterparty you so kindly got me on Monday, per our conversation, we will need an incumbency certificate for that guaranty as well.",31,186
2253,Yes,1,Let's go out one night and have a few drinks.,Let's go out one night and have a few drinks.,10,45
2254,Yes,1,Let's talk about it at the meeting.,Let's talk about it at the meeting.,7,35
2255,Yes,1,"Scott, when would you like to go over the CNG scoop?","Scott, when would you like to go over the CNG scoop?",11,52
2256,Yes,1,Let's set a meeting date for near future.,Let's set a meeting date for near future.,8,41
2257,Yes,1,My recommendation is to call Mark Palmer first and discuss the book with him.,My recommendation is to call Mark Palmer first and discuss the book with him.,14,77
2258,Yes,1,Do you foresee a problem with me leaving at 4pm that day?,Do you foresee a problem with me leaving at 4pm that day?,12,57
2259,Yes,1,"Please plan to dial into our conference call at $NUM:$NUM AM Pacific time on Tuesday, January 8th.","Please plan to dial into our conference call at 8:00 AM Pacific time on Tuesday, January 8th.",17,98
2260,Yes,1,You win......but you still owe me lunch.,You win......but you still owe me lunch.,7,40
2261,Yes,1,"If you'd like to speak your mind, reply directly to this email or get in touch at $EMAIL and I can set you up with private beta access to our rule catalog.","If you'd like to speak your mind, reply directly to this email or get in touch at aubrey@attachments.me and I can set you up with private beta access to our rule catalog.",32,155
2262,Yes,1,Wanna come eat with me?,Wanna come eat with me?,5,23
2263,Yes,1,You can catch me at the office on wed or next week at home.,You can catch me at the office on wed or next week at home.,14,59
2264,Yes,1,"If you would like to speak with a sales representative, click the link below.","If you would like to speak with a sales representative, click the link below.",14,77
2265,Yes,1,Let's try to use V&E on the e-signature things as much as possible.,Let's try to use V&E on the e-signature things as much as possible.,13,67
2266,Yes,1,Let's go out to lunch when you come back.,Let's go out to lunch when you come back.,9,41
2267,Yes,1,Please contact CrashPlan PROe Support.,Please contact CrashPlan PROe Support.,5,38
2268,Yes,1,"Please, call-in or attend when the meeting is set.","Please, call-in or attend when the meeting is set.",9,50
2269,Yes,1,Would you like to connect with me in Linkedin?,Would you like to connect with me in Linkedin?,9,46
2270,Yes,1,Please share with the Birthday Boy.,Please share with the Birthday Boy.,6,35
2271,Yes,1,Call me tonight and I'll give you all the gory details.,Call me tonight and I'll give you all the gory details.,11,55
2272,Yes,1,"Also, please set up a meeting for you and me with Phillippe Bibi to discuss getting help from IT to implement our plan.","Also, please set up a meeting for you and me with Phillippe Bibi to discuss getting help from IT to implement our plan.",23,119
2273,Yes,1,Please whitelist our email address $EMAIL,Please whitelist our email address offers@paidoffers4all.com,6,41
2274,Yes,1,Please mark on your calendars to attend given current discussions about the gas organization.,Please mark on your calendars to attend given current discussions about the gas organization.,14,93
2275,Yes,1,"Please copy and paste them as above, click Submit to register.","Please copy and paste them as above, click Submit to register.",11,62
2276,Yes,1,Thursday sounds great and just let me know about Friday.,Thursday sounds great and just let me know about Friday.,10,56
2277,Yes,1,Send me your number and I'll give you a call.,Send me your number and I'll give you a call.,10,45
2278,Yes,1,"I'd like to send you an Amazon gift card if the change caused you any inconvenience - just reply with your feedback, or call me at ($NUM) $NUM.","I'd like to send you an Amazon gift card if the change caused you any inconvenience - just reply with your feedback, or call me at (855) 962-3621.",28,143
2279,Yes,1,Paul How about meeting at $NUM:$NUM or $NUM? I am in the office so give me a call.,Paul How about meeting at 11:30 or 12? I am in the office so give me a call.,18,82
2280,Yes,1,To remind me to discuss this with you when you get in:,To remind me to discuss this with you when you get in:,12,54
2281,Yes,1,## Please do not write below this line ##,## Please do not write below this line ##,9,41
2282,Yes,1,"- If this was not you, please log into Facebook from your computer and follow the instructions provided to help you control your account information.","- If this was not you, please log into Facebook from your computer and follow the instructions provided to help you control your account information.",25,149
2283,Yes,1,A meeting is being scheduled so we can discuss these matters further.,A meeting is being scheduled so we can discuss these matters further.,12,69
2284,Yes,1,"After reviewing your presentation, here are some tough questions that we can discuss tomorrow:","After reviewing your presentation, here are some tough questions that we can discuss tomorrow:",14,94
2285,Yes,1,After you activate your account you will be able to login.,After you activate your account you will be able to login.,11,58
2286,Yes,1,"Also, I'd love to talk to you this weekend if possible about Prentice's bday festivities.","Also, I'd love to talk to you this weekend if possible about Prentice's bday festivities.",15,89
2287,Yes,1,"Also, do you know if Skipper is planning to attend.","Also, do you know if Skipper is planning to attend.",10,51
2288,Yes,1,"Also, please check the volumes.","Also, please check the volumes.",5,31
2289,Yes,1,"Also, please come join us Thursday, March $NUM for a webinar hosted by John Boyer—the creator of Skedi.","Also, please come join us Thursday, March 22 for a webinar hosted by John Boyer—the creator of Skedi.",18,103
2290,Yes,1,"Also, please forward to me what I owe you for the plane flight and golf and our share of dinners, drinks, guacamole, etc.","Also, please forward to me what I owe you for the plane flight and golf and our share of dinners, drinks, guacamole, etc.",23,121
2291,Yes,1,"Also, please have the new transport index positions at Socal that we are booking tomorrow included in the new KRS column in the physindex tab.","Also, please have the new transport index positions at Socal that we are booking tomorrow included in the new KRS column in the physindex tab.",25,142
2292,Yes,1,"Also, please tell Jeff A. that I'm still doing reconnaissance on smart types to join your group.","Also, please tell Jeff A. that I'm still doing reconnaissance on smart types to join your group.",17,96
2293,Yes,1,"Alternatively, since I'll be on the call anyway, you can leave me a voicemail, or call me at $NUM, and I can relay those points that you feel are most important to communicate.","Alternatively, since I'll be on the call anyway, you can leave me a voicemail, or call me at 707.884.4608, and I can relay those points that you feel are most important to communicate.",33,176
2294,Yes,1,An e-mail or voicemail on major developments as they occur would be helpful.,An e-mail or voicemail on major developments as they occur would be helpful.,13,76
2295,Yes,1,"And if things work out, please consider a meeting with me to ta lk about a job.","And if things work out, please consider a meeting with me to ta lk about a job.",17,79
2296,Yes,1,"And if you want to make sharing photos as easy as taking them, download one of our apps at $LINK","And if you want to make sharing photos as easy as taking them, download one of our apps at $LINK",20,96
2297,Yes,1,"And if you want to talk more about dinner, please call me.","And if you want to talk more about dinner, please call me.",12,58
2298,Yes,1,"And please email me rest of expenses when you get a chance so I can write you a check for everything (plane,phone, golf, etc., etc.)","And please email me rest of expenses when you get a chance so I can write you a check for everything (plane,phone, golf, etc., etc.)",25,132
2299,Yes,1,"And to be an even bigger pain.....since my schedule's a disaster with school coming to a close, could you stick the check in the mail?","And to be an even bigger pain.....since my schedule's a disaster with school coming to a close, could you stick the check in the mail?",25,134
2300,Yes,1,And will you call me?,And will you call me?,5,21
2301,Yes,1,"Andrea, would it be possible to update our list to show the current progress on the ""$NUM days"" items?","Andrea, would it be possible to update our list to show the current progress on the ""30 days"" items?",19,102
2302,Yes,1,Any help you can give Kevin would be much appreciated.,Any help you can give Kevin would be much appreciated.,10,54
2303,Yes,1,Any help you can give me in setting up training w/ someone that will be able to answer our questions is greatly appreciated.,Any help you can give me in setting up training w/ someone that will be able to answer our questions is greatly appreciated.,23,124
2304,Yes,1,"Anyway, just wanted to check to make sure you got a copy - Let me know if you need any help.","Anyway, just wanted to check to make sure you got a copy - Let me know if you need any help.",21,92
2305,Yes,1,Are folks available for a call tomorrow at $NUM AM to begin preparing for the meeting with Sempra next week?,Are folks available for a call tomorrow at 9 AM to begin preparing for the meeting with Sempra next week?,20,108
2306,Yes,1,Are you available for a conference call with David Hunt and me tomorrow?,Are you available for a conference call with David Hunt and me tomorrow?,13,72
2307,Yes,1,Are you available to speak with me for a few minutes sometime this week?,Are you available to speak with me for a few minutes sometime this week?,14,72
2308,Yes,1,Ask Joseph to reserve the large conference room.,Ask Joseph to reserve the large conference room.,8,48
2309,Yes,1,"At your leisure and prior to the November OCD meeting, prepare a memo to file of the resaons and justification based upon the report results and data why Eunice is not the bad guy in this and why Texaco is.","At your leisure and prior to the November OCD meeting, prepare a memo to file of the resaons and justification based upon the report results and data why Eunice is not the bad guy in this and why Texaco is.",40,206
2310,Yes,1,Backups are for your eyes only - you choose if you want to share them.,Backups are for your eyes only - you choose if you want to share them.,15,70
2311,Yes,1,"Ben wants to know if you, Marissa and Carolyn are available for lunch tomorrow at $NUM.","Ben wants to know if you, Marissa and Carolyn are available for lunch tomorrow at 1130.",16,87
2312,Yes,1,"Bill, can you set up a meeting to discuss credit issues.","Bill, can you set up a meeting to discuss credit issues.",11,56
2313,Yes,1,Bob - Please check with Vance on this deal.,Bob - Please check with Vance on this deal.,9,43
2314,Yes,1,Both of you should feel free to call me at home over the weekend to $NUM discuss things further.,Both of you should feel free to call me at home over the weekend to 20 discuss things further.,19,96
2315,Yes,1,"Brett, can you give me the particulars on the four MEH turbines (ie) scheduled delivery, price, fuel options, heat rate, output,etc - including transferablility to NA.","Brett, can you give me the particulars on the four MEH turbines (ie) scheduled delivery, price, fuel options, heat rate, output,etc - including transferablility to NA.",26,167
2316,Yes,1,"But for today, I'd like you to keep an open mind.","But for today, I'd like you to keep an open mind.",11,49
2317,Yes,1,"But, if anything should happen, you could leave me a voicemail at home and I will check it once every hour after $NUM:$NUM PM on Friday.","But, if anything should happen, you could leave me a voicemail at home and I will check it once every hour after 1:00 PM on Friday.",26,136
2318,Yes,1,CPage: Would you please forward this directly to Pat?,CPage: Would you please forward this directly to Pat?,9,53
2319,Yes,1,"Call me on my cell, or page me after you meeting this afternoon and let's discuss.","Call me on my cell, or page me after you meeting this afternoon and let's discuss.",16,82
2320,Yes,1,Call me so that we can discuss.,Call me so that we can discuss.,7,31
2321,Yes,1,Can I get the daily Data going back to Apr $NUM?,Can I get the daily Data going back to Apr 98?,11,48
2322,Yes,1,Can I get you more resources to cover the market more aggresively?,Can I get you more resources to cover the market more aggresively?,12,66
2323,Yes,1,Can I please extend the $NUM million var and the contracts in the power book until the Board meeting on October 11th.,Can I please extend the 45 million var and the contracts in the power book until the Board meeting on October 11th.,22,117
2324,Yes,1,Can anyone tell me what it means?,Can anyone tell me what it means?,7,33
2325,Yes,1,Can both of you forward the telluride pictures to me so I can get them developed?,Can both of you forward the telluride pictures to me so I can get them developed?,16,81
2326,Yes,1,Can set up a conference call with me and Remi Cologne in Brazil this week.,Can set up a conference call with me and Remi Cologne in Brazil this week.,15,74
2327,Yes,1,Can we discuss this - I can be reached at the numbers below?,Can we discuss this - I can be reached at the numbers below?,13,60
2328,Yes,1,Can we invite them to the dinner on the 18th and to the meetings on Friday?,Can we invite them to the dinner on the 18th and to the meetings on Friday?,16,75
2329,Yes,1,Can we meet to talk about it on Monday?,Can we meet to talk about it on Monday?,9,39
2330,Yes,1,Can we move that meeting up to $NUM:$NUM am?,Can we move that meeting up to 11:00 am?,9,44
2331,Yes,1,Can we schedule a conference call with the HR folks at Celgar?,Can we schedule a conference call with the HR folks at Celgar?,12,62
2332,Yes,1,Can we try to set up a quick call to discuss?,Can we try to set up a quick call to discuss?,11,45
2333,Yes,1,Can you afford NOT to have health coverage?,Can you afford NOT to have health coverage?,8,43
2334,Yes,1,Can you afford to go without health insurance until the next Obamacare open enrollment period in November?,Can you afford to go without health insurance until the next Obamacare open enrollment period in November?,17,106
2335,Yes,1,Can you come and see me when you get in.,Can you come and see me when you get in.,10,40
2336,Yes,1,Can you e:mail a copy to Tom Hopwood?,Can you e:mail a copy to Tom Hopwood?,8,37
2337,Yes,1,Can you forward me exact address of conference site so I can include on Sally's itinerary.,Can you forward me exact address of conference site so I can include on Sally's itinerary.,16,90
2338,Yes,1,Can you get in touch w/Eldon?,Can you get in touch w/Eldon?,6,29
2339,Yes,1,Can you get the person that reports to Bob Hall to give me an update on our moves from $NUM so that I can get back with Jeff this week?,Can you get the person that reports to Bob Hall to give me an update on our moves from 30 so that I can get back with Jeff this week?,30,135
2340,Yes,1,Can you give me a call sometime Tuesday afternoon.,Can you give me a call sometime Tuesday afternoon.,9,50
2341,Yes,1,Can you give me a call when you have a minute on Tuesday afternoon (after 1pm when trading is done) and I will come by and see you.,Can you give me a call when you have a minute on Tuesday afternoon (after 1pm when trading is done) and I will come by and see you.,28,131
2342,Yes,1,Can you give me any info that may be made available?,Can you give me any info that may be made available?,11,52
2343,Yes,1,Can you have the same constraint language included on the PG&E Topock location for creating the phys forward (fixed price) product?,Can you have the same constraint language included on the PG&E Topock location for creating the phys forward (fixed price) product?,21,131
2344,Yes,1,Can you join us?,Can you join us?,4,16
2345,Yes,1,Can you join?,Can you join?,3,13
2346,Yes,1,Can you make a call to discuss the PG&E strategy on Wednesday?,Can you make a call to discuss the PG&E strategy on Wednesday?,12,62
2347,Yes,1,Can you meet me Tuesday morning with all the deals they have with us.,Can you meet me Tuesday morning with all the deals they have with us.,14,69
2348,Yes,1,Can you please send me your current home address so we can send you an organizer?,Can you please send me your current home address so we can send you an organizer?,16,81
2349,Yes,1,"Can you send me a copy of Pan Energy's spreadsheet for Sept, also?","Can you send me a copy of Pan Energy's spreadsheet for Sept, also?",13,66
2350,Yes,1,Can you talk early Monday AM w/me & Tribolet re: core/noncore analysis for Hertzberg?,Can you talk early Monday AM w/me & Tribolet re: core/noncore analysis for Hertzberg?,14,85
2351,Yes,1,"Can you, please, join us tomorrow to discuss it.","Can you, please, join us tomorrow to discuss it.",9,48
2352,Yes,1,Carlos - Please check with measurement to determine if this volume is correct.,Carlos - Please check with measurement to determine if this volume is correct.,13,78
2353,Yes,1,"Christy, can we send these documents in word format - I'm not sure if this is a problem for everyone but I can never open these attachments from Braeswell.","Christy, can we send these documents in word format - I'm not sure if this is a problem for everyone but I can never open these attachments from Braeswell.",29,155
2354,Yes,1,Come back and let us know you're ok!,Come back and let us know you're ok!,8,36
2355,Yes,1,Could I ask you to try it out and send me some feedback?,Could I ask you to try it out and send me some feedback?,13,56
2356,Yes,1,Could I get an outline of their $NUM day course to review in order to make this decision?,Could I get an outline of their 2 day course to review in order to make this decision?,18,89
2357,Yes,1,Could we do our call at noon or $NUM pm California time?,Could we do our call at noon or 2 pm California time?,12,56
2358,Yes,1,Could we have a corporate jet available for folks stuck in the A&A PRC? Other?,Could we have a corporate jet available for folks stuck in the A&A PRC? Other?,15,78
2359,Yes,1,Could we schedule a conference call for Friday or Monday to discuss any questions/issues.,Could we schedule a conference call for Friday or Monday to discuss any questions/issues.,14,89
2360,Yes,1,Could you come see me when you get a minute.,Could you come see me when you get a minute.,10,44
2361,Yes,1,Could you e-mail me your mailing address so I can send off a cheque.,Could you e-mail me your mailing address so I can send off a cheque.,14,68
2362,Yes,1,Could you give me a call (x6910) and help me out.,Could you give me a call (x6910) and help me out.,11,49
2363,Yes,1,Could you please provide me and Twanda with the particulars so that we can paper it up?,Could you please provide me and Twanda with the particulars so that we can paper it up?,17,87
2364,Yes,1,Could you refresh my memory on what I owe you for the coastal and the acacia and I'll quickly send you a check right now! Thanks again for the lobster and fun last weekend.,Could you refresh my memory on what I owe you for the coastal and the acacia and I'll quickly send you a check right now! Thanks again for the lobster and fun last weekend.,34,172
2365,Yes,1,"Could you, please, advise me what is the best hotel where we could stay overnight, close to your location?","Could you, please, advise me what is the best hotel where we could stay overnight, close to your location?",19,106
2366,Yes,1,"Couple of points, I would hope you would share with your group on Monday:","Couple of points, I would hope you would share with your group on Monday:",14,73
2367,Yes,1,"David, Can you resend $NUM/$NUM/$NUM MPR?","David, Can you resend 1/26/00 MPR?",6,41
2368,Yes,1,"David, once you get the demand lets discuss before deployment.","David, once you get the demand lets discuss before deployment.",10,62
2369,Yes,1,Did you ever send CES copies of the demand charges for Jan $NUM.,Did you ever send CES copies of the demand charges for Jan 2000.,13,64
2370,Yes,1,Did you get the changes that we discussed yesterday included before the response to the RFP went to CMS?,Did you get the changes that we discussed yesterday included before the response to the RFP went to CMS?,19,104
2371,Yes,1,Did you get the other speaker yet?,Did you get the other speaker yet?,7,34
2372,Yes,1,Did you get the tickets?,Did you get the tickets?,5,24
2373,Yes,1,Do we need to get together and discuss with Dave?,Do we need to get together and discuss with Dave?,10,49
2374,Yes,1,Do you get to see each other much?,Do you get to see each other much?,8,34
2375,Yes,1,Do you mind if I meet with Carl and Severin and Rich next time I'm over at Haas to discuss this a bit with them?,Do you mind if I meet with Carl and Severin and Rich next time I'm over at Haas to discuss this a bit with them?,25,112
2376,Yes,1,Do you need me to get you anything over here and ship it to London?,Do you need me to get you anything over here and ship it to London?,15,67
2377,Yes,1,Do you run a business where you need to send partially-completed documents out to workers in the field?,Do you run a business where you need to send partially-completed documents out to workers in the field?,18,103
2378,Yes,1,Do you still want to receive our daily job alerts?,Do you still want to receive our daily job alerts?,10,50
2379,Yes,1,Do you want me to put them on the list for the Legal/Credit meeting as a reminder?,Do you want me to put them on the list for the Legal/Credit meeting as a reminder?,17,82
2380,Yes,1,Do you want to get together for a drink one night this week?,Do you want to get together for a drink one night this week?,13,60
2381,Yes,1,Do you want to meet by the garage?,Do you want to meet by the garage?,8,34
2382,Yes,1,Don can you try and find a time next week with Lew for me to have dinner - get Beverly to schedule the plane to get me in and out that day.,Don can you try and find a time next week with Lew for me to have dinner - get Beverly to schedule the plane to get me in and out that day.,32,139
2383,Yes,1,"EPMI is available to discuss this proposal at your convenience and we will be available on Tuesday, February $NUM, $NUM to discuss the amounts payable described above.","EPMI is available to discuss this proposal at your convenience and we will be available on Tuesday, February 20, 2001 to discuss the amounts payable described above.",27,167
2384,Yes,1,Expect a call from Paul tonight.,Expect a call from Paul tonight.,6,32
2385,Yes,1,"FYI, and for us to discuss.","FYI, and for us to discuss.",6,27
2386,Yes,1,Feel free to give me a call to discuss.,Feel free to give me a call to discuss.,9,39
2387,Yes,1,"For a copy of the proposal, please e-mail Philip Marston, the Project Director, at $EMAIL.","For a copy of the proposal, please e-mail Philip Marston, the Project Director, at pmarston@marstonlaw.com.",15,90
2388,Yes,1,"For additional information related to this program, please visit the $LINK","For additional information related to this program, please visit the $LINK",11,74
2389,Yes,1,"For any questions or technical support, please send us an email at $EMAIL.","For any questions or technical support, please send us an email at hello@popset.com.",13,74
2390,Yes,1,"For more information on our Privacy Policy, please visit the","For more information on our Privacy Policy, please visit the",10,60
2391,Yes,1,"For more information, please email us at $EMAIL","For more information, please email us at gmsengine@mail2media.net <mailto:gmsengine@mail2media.net>",8,47
2392,Yes,1,"For your issues to be properly addressed, please send your concerns to $EMAIL or visit $LINK to submit a ticket.","For your issues to be properly addressed, please send your concerns to support@cloudprohosting.com or visit $LINK to submit a ticket.",20,112
2393,Yes,1,"George: If you get a minute, could you call to de-brief on the meeting we had the Gruma?","George: If you get a minute, could you call to de-brief on the meeting we had the Gruma?",18,88
2394,Yes,1,Ginger: Could I possibly call you at $NUM:$NUM and have you conference me in to the $NUM number?,Ginger: Could I possibly call you at 4:30 and have you conference me in to the 800 number?,18,96
2395,Yes,1,Give a call and we can discuss further.,Give a call and we can discuss further.,8,39
2396,Yes,1,Give a call when you get a chance to discuss.,Give a call when you get a chance to discuss.,10,45
2397,Yes,1,Give me a buzz if you want to grab some dinner.,Give me a buzz if you want to grab some dinner.,11,47
2398,Yes,1,Give me a call Tuesday afternoon to discuss (gone to Kelowna golfing for the weekend).,Give me a call Tuesday afternoon to discuss (gone to Kelowna golfing for the weekend).,15,86
2399,Yes,1,Give me a call when you get a chance to look at it.,Give me a call when you get a chance to look at it.,13,51
2400,Yes,1,Give me a ring if you have a few minutes and I'll give you the update on what's going on up here (dial $NUM in case you've forgotten how to dial us from world headquarters).,Give me a ring if you have a few minutes and I'll give you the update on what's going on up here (dial 87-7449 in case you've forgotten how to dial us from world headquarters).,35,173
2401,Yes,1,Give us a call or chat with us today!,Give us a call or chat with us today!,9,37
2402,Yes,1,"Glad to talk to you on Friday and be happy to talk more if you have any other questions, or desire any follow up.","Glad to talk to you on Friday and be happy to talk more if you have any other questions, or desire any follow up.",24,113
2403,Yes,1,"Guys, can you come explain some of this to me including where we stand on the GE issues.","Guys, can you come explain some of this to me including where we stand on the GE issues.",18,88
2404,Yes,1,"Guys, can you forward your parts.","Guys, can you forward your parts.",6,33
2405,Yes,1,"Guys, can you give me an update on what this deal is about - e-mail would be fine?","Guys, can you give me an update on what this deal is about - e-mail would be fine?",18,82
2406,Yes,1,"Guys, can you put together the folllowing Portfolio/Charter Review for Principal Investing and Energy Capital Resources: a) detail existing portfolio - winners/losers; additions/deletions and overall performance; b) detail market conditions in your markets and any strategy changes following; c) anticipated major transactions in $NUM; and d) review charter and detail any proposed changes.","Guys, can you put together the folllowing Portfolio/Charter Review for Principal Investing and Energy Capital Resources: a) detail existing portfolio - winners/losers; additions/deletions and overall performance; b) detail market conditions in your markets and any strategy changes following; c) anticipated major transactions in 2001; and d) review charter and detail any proposed changes.",53,390
2407,Yes,1,"Guys, lets get together to get final resolution to these issues including the peaker fee asap.","Guys, lets get together to get final resolution to these issues including the peaker fee asap.",16,94
2408,Yes,1,"Here are the phone numbers you can call if you need any help this evening (or tomorrow, I'm sure).","Here are the phone numbers you can call if you need any help this evening (or tomorrow, I'm sure).",19,98
2409,Yes,1,"Hey Z, would you show Beavy how to request the CNG Fuel waivers for July?","Hey Z, would you show Beavy how to request the CNG Fuel waivers for July?",15,73
2410,Yes,1,Hey call me when you're on the net.,Hey call me when you're on the net.,8,35
2411,Yes,1,"Hey what do you think of this one, I even thought we could give what ever ones you won't use for the church's programs on Sunday.","Hey what do you think of this one, I even thought we could give what ever ones you won't use for the church's programs on Sunday.",26,129
2412,Yes,1,Hey what time were you meeting us up at Jock's and Jill's tomorrow?,Hey what time were you meeting us up at Jock's and Jill's tomorrow?,13,67
2413,Yes,1,Hey: we meeting tonite?,Hey: we meeting tonite?,4,23
2414,Yes,1,Hi David: Could you give me a call to discuss the project when you get a minute.,Hi David: Could you give me a call to discuss the project when you get a minute.,17,80
2415,Yes,1,"Hi Kenneth, We are within a year anniversary attempt to arrange a meeting with you and our CEO Jack Nester in order to present Telecompression, and how we can cut Enron Corp. by hundreds of millions off Long Distance phone bill.","Hi Kenneth, We are within a year anniversary attempt to arrange a meeting with you and our CEO Jack Nester in order to present Telecompression, and how we can cut Enron Corp. by hundreds of millions off Long Distance phone bill.",41,228
2416,Yes,1,Hi Laura: Is it possible to get a copy of the report?,Hi Laura: Is it possible to get a copy of the report?,12,53
2417,Yes,1,Hope you can give us more advice!,Hope you can give us more advice!,7,33
2418,Yes,1,"How much is the insurance and taxes all together, please itemize!","How much is the insurance and taxes all together, please itemize!",11,65
2419,Yes,1,"How's $NUM AM PDT, $NUM AM EDT? Could you summarize for me precisely what she'd like to discuss?","How's 8 AM PDT, 11 AM EDT? Could you summarize for me precisely what she'd like to discuss?",18,96
2420,Yes,1,"However, please keep AmeriSave in mind for your next home financing transaction and see why so many of our customers return to us for future home purchases and refinances.","However, please keep AmeriSave in mind for your next home financing transaction and see why so many of our customers return to us for future home purchases and refinances.",29,171
2421,Yes,1,I am glad that your trip is postponed - then we will be able to get together.,I am glad that your trip is postponed - then we will be able to get together.,17,77
2422,Yes,1,I believe we will want to assign the turbines to an Enron LLC the following week.,I believe we will want to assign the turbines to an Enron LLC the following week.,16,81
2423,Yes,1,I can be reached at $NUM if you want to further discuss scheduling of a meeting.,I can be reached at 713-783-1223 if you want to further discuss scheduling of a meeting.,16,80
2424,Yes,1,"I can debrief you on the hearing then or if you want to hear it now, give me a call.","I can debrief you on the hearing then or if you want to hear it now, give me a call.",20,84
2425,Yes,1,"I had hoped to briefly discuss this with you in person, as I would want you to understand two points: ($NUM) This role will not prevent me from continuing a very strong focus on the needs of ENA.","I had hoped to briefly discuss this with you in person, as I would want you to understand two points: (1) This role will not prevent me from continuing a very strong focus on the needs of ENA.",38,195
2426,Yes,1,I had wanted to discuss with you your thoughts on what the criteria should be on which we make that decision.,I had wanted to discuss with you your thoughts on what the criteria should be on which we make that decision.,21,109
2427,Yes,1,I have included our phone numbers below in case you have any comments you would like to discuss with us.,I have included our phone numbers below in case you have any comments you would like to discuss with us.,20,104
2428,Yes,1,I hope to get this resolved today so we can wrap it up early next week.,I hope to get this resolved today so we can wrap it up early next week.,16,71
2429,Yes,1,"I hope we can do more than meet, if possible, let me buy you dinner!","I hope we can do more than meet, if possible, let me buy you dinner!",15,68
2430,Yes,1,I hope we will get to meet in person soon.,I hope we will get to meet in person soon.,10,42
2431,Yes,1,I hope you can join us.,I hope you can join us.,6,23
2432,Yes,1,"I know it's your first day back and you are probably swamped, but when you get a chance, please give me a call.","I know it's your first day back and you are probably swamped, but when you get a chance, please give me a call.",23,111
2433,Yes,1,"I know that she spoke with you about me, and I wanted to see if you might be interested in getting together sometime.","I know that she spoke with you about me, and I wanted to see if you might be interested in getting together sometime.",23,117
2434,Yes,1,I know that you are busy but this is just a reminder to forward me the calendar that we spoke of earlier.,I know that you are busy but this is just a reminder to forward me the calendar that we spoke of earlier.,22,105
2435,Yes,1,I moved Cindy to March 30th- can you try to move my lunch with Bob to March 28th?,I moved Cindy to March 30th- can you try to move my lunch with Bob to March 28th?,18,81
2436,Yes,1,I shall be glad to join you.,I shall be glad to join you.,7,28
2437,Yes,1,I shall be glad to meet you and help you with the project.,I shall be glad to meet you and help you with the project.,13,58
2438,Yes,1,I shall be glad to meet you for lunch next week.,I shall be glad to meet you for lunch next week.,11,48
2439,Yes,1,I shall call you tomorrow about it.,I shall call you tomorrow about it.,7,35
2440,Yes,1,I shall call you tomorrow to discuss the details.,I shall call you tomorrow to discuss the details.,9,49
2441,Yes,1,I shall give you a call tomorrow to set up a meeting.,I shall give you a call tomorrow to set up a meeting.,12,53
2442,Yes,1,I think we may play golf on Friday.,I think we may play golf on Friday.,8,35
2443,Yes,1,I wanted to see if we could set up a time to meet next week concerning my PRC review.,I wanted to see if we could set up a time to meet next week concerning my PRC review.,19,85
2444,Yes,1,I was wondering if it would be possible for you to write a letter of recommendation for me?,I was wondering if it would be possible for you to write a letter of recommendation for me?,18,91
2445,Yes,1,I was wondering if we could schedule a conference call to discuss the form of these agreements.,I was wondering if we could schedule a conference call to discuss the form of these agreements.,17,95
2446,Yes,1,"I will be in Sacramento on Monday, June 4th and would like to discuss our proposal with you further if you would find it useful and if your schedule permits.","I will be in Sacramento on Monday, June 4th and would like to discuss our proposal with you further if you would find it useful and if your schedule permits.",30,157
2447,Yes,1,I will be in the Global Finance PRC all day tomorrow so can you present Guille in the ESA Directors/ GM PRC?,I will be in the Global Finance PRC all day tomorrow so can you present Guille in the ESA Directors/ GM PRC?,22,108
2448,Yes,1,I will call you before the end of the week to discuss this recommended approach.,I will call you before the end of the week to discuss this recommended approach.,15,80
2449,Yes,1,I will call you tomorrow and would like to throw out an idea regarding an on-going resource for operations in London.,I will call you tomorrow and would like to throw out an idea regarding an on-going resource for operations in London.,21,117
2450,Yes,1,I will try to send you a list of topics that I would like to cover by the end of the day tomorrow to give us a starting point.,I will try to send you a list of topics that I would like to cover by the end of the day tomorrow to give us a starting point.,29,126
2451,Yes,1,I will wait to hear from you Monday morning re: 1st meeting.,I will wait to hear from you Monday morning re: 1st meeting.,12,60
2452,Yes,1,I would appreciate if you could please let me know where you stand with the agreement to release both me and Enron from the obligations contained in my employment contract.,I would appreciate if you could please let me know where you stand with the agreement to release both me and Enron from the obligations contained in my employment contract.,30,172
2453,Yes,1,"I would appreciate it if you could spend a few minutes and provide me with some details about your application and what OCR requirements you have, so I can help determine if the MSDK is the correct product for you.","I would appreciate it if you could spend a few minutes and provide me with some details about your application and what OCR requirements you have, so I can help determine if the MSDK is the correct product for you.",40,214
2454,Yes,1,I would appreciate it if you would give Sam a call.,I would appreciate it if you would give Sam a call.,11,51
2455,Yes,1,"I would appreciate the opportunity to discuss it with you to get your input, etc.","I would appreciate the opportunity to discuss it with you to get your input, etc.",15,81
2456,Yes,1,I would be grateful if you could call me as soon as possible at the following numbers:,I would be grateful if you could call me as soon as possible at the following numbers:,17,86
2457,Yes,1,I would like the opportunity to be together with everyone -- maybe we could send them on a nice dinner just the two of them and the rest of us could have fun one night!,I would like the opportunity to be together with everyone -- maybe we could send them on a nice dinner just the two of them and the rest of us could have fun one night!,35,168
2458,Yes,1,"I would like to ask you to help me with this matter and try to set my termination date after December $NUM, i.e. at the earliest next Monday.","I would like to ask you to help me with this matter and try to set my termination date after December 9, i.e. at the earliest next Monday.",28,141
2459,Yes,1,I would like to discuss it with you tomorrow if you are available in person or by phone.,I would like to discuss it with you tomorrow if you are available in person or by phone.,18,88
2460,Yes,1,"I would like to discuss the entire process chain as part of the timelines, personnel responsibilities and key action items.","I would like to discuss the entire process chain as part of the timelines, personnel responsibilities and key action items.",20,123
2461,Yes,1,I would like to discuss with you an offer to lend a large amount of capital to your firm.,I would like to discuss with you an offer to lend a large amount of capital to your firm.,19,89
2462,Yes,1,"I would like to get together with you, Mary Solmonson and James Scribner to begin work on the model for scoping high, low and expected cases around the commercialization opportunities for mid and back office services.","I would like to get together with you, Mary Solmonson and James Scribner to begin work on the model for scoping high, low and expected cases around the commercialization opportunities for mid and back office services.",36,217
2463,Yes,1,"I would love to hear from you, reply to this email and let me know what obstacles you are experiencing in your online ventures.","I would love to hear from you, reply to this email and let me know what obstacles you are experiencing in your online ventures.",24,127
2464,Yes,1,I would really appreciate it if you could spare a minute of your valuable time and take our short survey.,I would really appreciate it if you could spare a minute of your valuable time and take our short survey.,20,105
2465,Yes,1,I'd like to discuss with you two as soon as possible.,I'd like to discuss with you two as soon as possible.,11,53
2466,Yes,1,I'd like to see you tonite before I leave if you're available.,I'd like to see you tonite before I leave if you're available.,12,62
2467,Yes,1,"I'd suggest that we set up the briefing with Ken for Tuesday afternoon, given that we've got a lot to do between now and then.","I'd suggest that we set up the briefing with Ken for Tuesday afternoon, given that we've got a lot to do between now and then.",25,126
2468,Yes,1,"I'll be out the rest of the week, but maybe when I get back we can chat again on the phone, and maybe pull Edmund in, because before Edmund got sick, we were pretty much in agreement on how he was supposed to respond about Americas countries and how I should respond about European countries.","I'll be out the rest of the week, but maybe when I get back we can chat again on the phone, and maybe pull Edmund in, because before Edmund got sick, we were pretty much in agreement on how he was supposed to respond about Americas countries and how I should respond about European countries.",55,292
2469,Yes,1,"I'll call you tomorrow, if you're around.","I'll call you tomorrow, if you're around.",7,41
2470,Yes,1,I'll see if we can set up a meeting on Thursday the 2nd.,I'll see if we can set up a meeting on Thursday the 2nd.,13,56
2471,Yes,1,I'll work on the transfer price agreement today or this weekend so we will have something to discuss.,I'll work on the transfer price agreement today or this weekend so we will have something to discuss.,18,101
2472,Yes,1,"I'm going to Las Vegas next week, so we'll have to get together some time after next week.","I'm going to Las Vegas next week, so we'll have to get together some time after next week.",18,90
2473,Yes,1,If Cameron has to work are you available?,If Cameron has to work are you available?,8,41
2474,Yes,1,"If any of you are interested in going to the Mass, let me know and we can make plans together.","If any of you are interested in going to the Mass, let me know and we can make plans together.",20,94
2475,Yes,1,"If it works better, we can discuss on Tueday morning/early afternoon.","If it works better, we can discuss on Tueday morning/early afternoon.",11,69
2476,Yes,1,"If it works for you, I'd be happy to come to your office on either day to meet and catch up.","If it works for you, I'd be happy to come to your office on either day to meet and catch up.",21,92
2477,Yes,1,"If not, are you available at about $NUM PM houston time to discuss same?","If not, are you available at about 3 PM houston time to discuss same?",14,72
2478,Yes,1,"If not, do you want to meet this weekend for a wee bit to discuss? i'm in town.","If not, do you want to meet this weekend for a wee bit to discuss? i'm in town.",18,79
2479,Yes,1,"If not, please forward it on to the right person and let me know who that is.","If not, please forward it on to the right person and let me know who that is.",17,77
2480,Yes,1,"If nothing happens when you click this link, please copy the link above and paste it into your web browser.","If nothing happens when you click this link, please copy the link above and paste it into your web browser.",20,107
2481,Yes,1,"If questions arise around an EOL deal, please make sure that your audience (traders, myself, etc.) knows that your are discussing an EOL trade.","If questions arise around an EOL deal, please make sure that your audience (traders, myself, etc.) knows that your are discussing an EOL trade.",24,143
2482,Yes,1,"If so, Linda, would it be possible to have overnighted to me ""official versions"" of the letters?","If so, Linda, would it be possible to have overnighted to me ""official versions"" of the letters?",17,96
2483,Yes,1,"If so, do you want me to meet you there?","If so, do you want me to meet you there?",10,40
2484,Yes,1,"If that date doesn't work, would you please include my assistant, Twanda Sweet, on the distribution, given that I will be out at the law conference for the rest of the day and tomorrow?","If that date doesn't work, would you please include my assistant, Twanda Sweet, on the distribution, given that I will be out at the law conference for the rest of the day and tomorrow?",34,185
2485,Yes,1,"If the link above does not work, please move the message to your inbox.","If the link above does not work, please move the message to your inbox.",14,71
2486,Yes,1,"If the link does not open, please paste it directly into your browser and press Enter.","If the link does not open, please paste it directly into your browser and press Enter.",16,86
2487,Yes,1,"If there's other stuff you need, or if you'd like to discuss, don't hesitate.","If there's other stuff you need, or if you'd like to discuss, don't hesitate.",14,77
2488,Yes,1,"If they are OK, pls post it and email the final back to me.","If they are OK, pls post it and email the final back to me.",14,59
2489,Yes,1,"If this describes you, please join us on Thursday, November 29th .","If this describes you, please join us on Thursday, November 29th .",12,66
2490,Yes,1,"If this is not feasible, please let me know.","If this is not feasible, please let me know.",9,44
2491,Yes,1,"If we don't talk between now and Thursday, we'll talk then.","If we don't talk between now and Thursday, we'll talk then.",11,59
2492,Yes,1,If you are free one evening we can have dinner together.,If you are free one evening we can have dinner together.,11,56
2493,Yes,1,"If you are going to be in town and would like to see Mark, please let me know and I would be happy to make arrangements.","If you are going to be in town and would like to see Mark, please let me know and I would be happy to make arrangements.",26,120
2494,Yes,1,"If you are, when do you talk to Skilling, and would you want to schedule something around that, or sooner?","If you are, when do you talk to Skilling, and would you want to schedule something around that, or sooner?",20,106
2495,Yes,1,"If you can get away during the week to ski, that would be awesome.","If you can get away during the week to ski, that would be awesome.",14,66
2496,Yes,1,"If you can get through a tenth of that in $NUM minutes, you are much quicker than I! Also, in an amazing coincidence, your outline looks very similar to MKM's speech for the Canuck gas conference next week.","If you can get through a tenth of that in 5 minutes, you are much quicker than I! Also, in an amazing coincidence, your outline looks very similar to MKM's speech for the Canuck gas conference next week.",38,206
2497,Yes,1,"If you consider you have the inquired skills and would like to be approved for this job or would like to discuss it, please reply to this email and indicate your interest.","If you consider you have the inquired skills and would like to be approved for this job or would like to discuss it, please reply to this email and indicate your interest.",32,171
2498,Yes,1,"If you don't want to read any further, just head over to $LINK","If you don't want to read any further, just head over to $LINK",13,62
2499,Yes,1,"If you get a free minute, can you give me a call to discuss.","If you get a free minute, can you give me a call to discuss.",14,60
2500,Yes,1,If you happen to be in Houston on November 5th we would enjoy having you join us for the walk.,If you happen to be in Houston on November 5th we would enjoy having you join us for the walk.,20,94
2501,Yes,1,"If you have a chronic condition, you should talk to your health care provider about how to minimize your risk before you get pregnant.","If you have a chronic condition, you should talk to your health care provider about how to minimize your risk before you get pregnant.",24,134
2502,Yes,1,"If you have a different view, lets discuss at your earliest convenience.","If you have a different view, lets discuss at your earliest convenience.",12,72
2503,Yes,1,"If you have any trouble, just reply to this email and we'll help you out.","If you have any trouble, just reply to this email and we'll help you out.",15,73
2504,Yes,1,If you have multiple children in multiple classrooms be sure to create a Ring for each class.,If you have multiple children in multiple classrooms be sure to create a Ring for each class.,17,93
2505,Yes,1,"If you have problems viewing quotes online or you would like to speak directly to a licensed agent, call the number below:","If you have problems viewing quotes online or you would like to speak directly to a licensed agent, call the number below:",22,122
2506,Yes,1,"If you need our assistance during your usage, email us and we will be happy to help you.","If you need our assistance during your usage, email us and we will be happy to help you.",18,88
2507,Yes,1,"If you no longer want to apply, go to: $LINK to retrieve and delete your application.","If you no longer want to apply, go to: $LINK to retrieve and delete your application.",16,85
2508,Yes,1,"If you should need any further information, please contact me at $NUM or $NUM.","If you should need any further information, please contact me at 713-334-2887 or 713-302-9570.",14,78
2509,Yes,1,"If you use GMail, can you do me a quick favor?","If you use GMail, can you do me a quick favor?",11,46
2510,Yes,1,"If you want me to take care of her, let me know.","If you want me to take care of her, let me know.",12,48
2511,Yes,1,"If you want to attend, let me know, and we will get tickets.","If you want to attend, let me know, and we will get tickets.",13,60
2512,Yes,1,If you want to discuss further let me know.,If you want to discuss further let me know.,9,43
2513,Yes,1,"If you want to give me a call when you have a minute, I'll conference in Mark from Aron, and we'll just confirm all this.","If you want to give me a call when you have a minute, I'll conference in Mark from Aron, and we'll just confirm all this.",25,121
2514,Yes,1,If you want to meet today that would be fine.,If you want to meet today that would be fine.,10,45
2515,Yes,1,"If you were unable to confirm your personal information and do not have access to your account, please call us at ($NUM) $NUM and select option $NUM in order to verify your identity.","If you were unable to confirm your personal information and do not have access to your account, please call us at (855) 331-9531 and select option 2 in order to verify your identity.",33,182
2516,Yes,1,"If you would like to discuss this further, please give me a call.","If you would like to discuss this further, please give me a call.",13,65
2517,Yes,1,If you would like to meet to discuss this let me know and we'll set up a time.,If you would like to meet to discuss this let me know and we'll set up a time.,18,78
2518,Yes,1,"If you would like to speak directly to a licensed agent, call this number and we can help:","If you would like to speak directly to a licensed agent, call this number and we can help:",18,90
2519,Yes,1,"If you'd like to attend, should we call you from the conference room?","If you'd like to attend, should we call you from the conference room?",13,69
2520,Yes,1,"If you'd like to discuss it further, I'd be happy to talk about it.","If you'd like to discuss it further, I'd be happy to talk about it.",14,67
2521,Yes,1,"If you'd like to discuss, feel free to give me a call at $NUM.","If you'd like to discuss, feel free to give me a call at 415.782.7822.",14,62
2522,Yes,1,"If you'd like to have a conversation that doesn't include the whole gang on the conference call about the Brattle Group stuff, give me a call and we can have a calmer, more detailed discussion without all the noise.","If you'd like to have a conversation that doesn't include the whole gang on the conference call about the Brattle Group stuff, give me a call and we can have a calmer, more detailed discussion without all the noise.",39,215
2523,Yes,1,"If you'd prefer to call us to discuss your options, you can reach us at $NUM.","If you'd prefer to call us to discuss your options, you can reach us at 888.486.4722.",16,77
2524,Yes,1,"If you're not interested in receiving emails from me ever again, you may let me know here.","If you're not interested in receiving emails from me ever again, you may let me know here.",17,90
2525,Yes,1,"If your do not see our email in $NUM seconds, please go to $LINK","If your do not see our email in 15 seconds, please go to http://www.enerfax.com",14,64
2526,Yes,1,"If your kids will be able to attend, let me know.","If your kids will be able to attend, let me know.",11,49
2527,Yes,1,"If your schedule were to free up suddenly, just give me a call and I can see if I could change mine to have lunch sooner.","If your schedule were to free up suddenly, just give me a call and I can see if I could change mine to have lunch sooner.",26,121
2528,Yes,1,"In the meantime, can I order a case of coast zin and one of cab for pick up and payment this weekend, too?","In the meantime, can I order a case of coast zin and one of cab for pick up and payment this weekend, too?",23,106
2529,Yes,1,"In the meantime, please take a moment to spread the word.","In the meantime, please take a moment to spread the word.",11,57
2530,Yes,1,"Instead, please send messages to our customer service team at $EMAIL","Instead, please send messages to our customer service team at customerservice@creativeedge.com",11,68
2531,Yes,1,Is it possible to get a login ID and password to get into the CERA site?,Is it possible to get a login ID and password to get into the CERA site?,16,72
2532,Yes,1,Is next week too late for meetings?,Is next week too late for meetings?,7,35
2533,Yes,1,Is there any chance that Lisa could get a phone in your meeting room so that I could participate by conference call?,Is there any chance that Lisa could get a phone in your meeting room so that I could participate by conference call?,22,116
2534,Yes,1,Is there anything in addition to the information we included in the letter to Lynch (or that is already be publicly available) that FERC might use in its investigation and that we ought to target for public release?,Is there anything in addition to the information we included in the letter to Lynch (or that is already be publicly available) that FERC might use in its investigation and that we ought to target for public release?,38,215
2535,Yes,1,It would be great if we could entertain you for lunch as part of the visit.,It would be great if we could entertain you for lunch as part of the visit.,16,75
2536,Yes,1,It would be great if we could talk this week.,It would be great if we could talk this week.,10,45
2537,Yes,1,"It would be nice if you could be at my dinner, since I probably won't know anyone else.","It would be nice if you could be at my dinner, since I probably won't know anyone else.",18,87
2538,Yes,1,"Janelle, I was hoping that maybe we could find a half hour to discuss your thoughts on your current role.","Janelle, I was hoping that maybe we could find a half hour to discuss your thoughts on your current role.",20,105
2539,Yes,1,"Jeff, I would like to discuss this with you and your plans in gas.","Jeff, I would like to discuss this with you and your plans in gas.",14,66
2540,Yes,1,"Jim, lets get together in the next week or so to discuss progress.","Jim, lets get together in the next week or so to discuss progress.",13,66
2541,Yes,1,John I would like to sit with you a couple days this week if you'll let me.,John I would like to sit with you a couple days this week if you'll let me.,17,75
2542,Yes,1,"John, can you arrange this call?","John, can you arrange this call?",6,32
2543,Yes,1,Julie - Please check these deals for the correct contract/terms.,Julie - Please check these deals for the correct contract/terms.,10,64
2544,Yes,1,Just please have a relationship w/ me.,Just please have a relationship w/ me.,7,38
2545,Yes,1,"Kay, can you set up a dinner with Randall.","Kay, can you set up a dinner with Randall.",9,42
2546,Yes,1,"Kevin, I would like more detail on these issues of which I was not aware - lets discuss next week.","Kevin, I would like more detail on these issues of which I was not aware - lets discuss next week.",20,98
2547,Yes,1,"Laura, I know you are busy but I need your plan submission asap so that we can discuss and finalize.","Laura, I know you are busy but I need your plan submission asap so that we can discuss and finalize.",20,100
2548,Yes,1,Leave me a voicemail and let me know how the meeting goes.,Leave me a voicemail and let me know how the meeting goes.,12,58
2549,Yes,1,Let me know about that weekend.,Let me know about that weekend.,6,31
2550,Yes,1,Let me know how you 'd like to proceed and please give my sincere apologies (and best) to Laura.,Let me know how you 'd like to proceed and please give my sincere apologies (and best) to Laura.,19,96
2551,Yes,1,Let me know if HR can not produce that for you and I can get you a copy.,Let me know if HR can not produce that for you and I can get you a copy.,18,72
2552,Yes,1,Let me know if one afternoon this week works for you.,Let me know if one afternoon this week works for you.,11,53
2553,Yes,1,Let me know if we need to resend.,Let me know if we need to resend.,8,33
2554,Yes,1,Let me know if you don't have anything by tomorrow.,Let me know if you don't have anything by tomorrow.,10,51
2555,Yes,1,Let me know if you get my attachments.,Let me know if you get my attachments.,8,38
2556,Yes,1,"Let me know if you want a copy of the note describing that process, which was sent by Cindy Olson a few weeks ago.","Let me know if you want a copy of the note describing that process, which was sent by Cindy Olson a few weeks ago.",24,114
2557,Yes,1,Let me know if you want to make changes.,Let me know if you want to make changes.,9,40
2558,Yes,1,Let me know what the outcome of the meeting is.,Let me know what the outcome of the meeting is.,10,47
2559,Yes,1,Let me know what you hear from Mark or Tim about their discussion.,Let me know what you hear from Mark or Tim about their discussion.,13,66
2560,Yes,1,Let me know what you schedule.,Let me know what you schedule.,6,30
2561,Yes,1,"Let me know what you think...I may go do my long run on Sunday, if you're doing one too, maybe we can meet for breakfast...","Let me know what you think...I may go do my long run on Sunday, if you're doing one too, maybe we can meet for breakfast...",25,123
2562,Yes,1,Let me know when you have the right memory available to install.,Let me know when you have the right memory available to install.,12,64
2563,Yes,1,Let me know when you want to talk dates.,Let me know when you want to talk dates.,9,40
2564,Yes,1,Let me know when you would like to discuss the value that GA brought to our pipeline group.,Let me know when you would like to discuss the value that GA brought to our pipeline group.,18,91
2565,Yes,1,Let me know you got these.,Let me know you got these.,6,26
2566,Yes,1,Let me know your impressions after the meeting.,Let me know your impressions after the meeting.,8,47
2567,Yes,1,"Let me know, and then we can firm up discussions topics and agendas.","Let me know, and then we can firm up discussions topics and agendas.",13,68
2568,Yes,1,Let us know if we can better support your email provider's spam features!,Let us know if we can better support your email provider's spam features!,13,73
2569,Yes,1,Let us know what kinds of stats you'd like to see!,Let us know what kinds of stats you'd like to see!,11,50
2570,Yes,1,Let's discuss a bit more.,Let's discuss a bit more.,5,25
2571,Yes,1,Let's discuss a bit.,Let's discuss a bit.,4,20
2572,Yes,1,"Let's discuss first thing, before the day gets nuts.","Let's discuss first thing, before the day gets nuts.",9,52
2573,Yes,1,Let's discuss if there are any problems.,Let's discuss if there are any problems.,7,40
2574,Yes,1,Let's discuss on Monday.,Let's discuss on Monday.,4,24
2575,Yes,1,Let's discuss this sometime this am.,Let's discuss this sometime this am.,6,36
2576,Yes,1,Let's discuss this with Ann Elizabeth next week.,Let's discuss this with Ann Elizabeth next week.,8,48
2577,Yes,1,Let's get together for lunch some time.,Let's get together for lunch some time.,7,39
2578,Yes,1,Let's meet at Westin Oaks next to the reception around $NUM:$NUM p.m. Thursday.,Let's meet at Westin Oaks next to the reception around 6:30 p.m. Thursday.,13,79
2579,Yes,1,Let's meet for lunch when you get back to the office.,Let's meet for lunch when you get back to the office.,11,53
2580,Yes,1,Let's meet on Wednesday or Thursday this week.,Let's meet on Wednesday or Thursday this week.,8,46
2581,Yes,1,Let's meet with Jeff Shankman to discuss the agenda.,Let's meet with Jeff Shankman to discuss the agenda.,9,52
2582,Yes,1,Let's please discuss this one long and hard before making an decision.,Let's please discuss this one long and hard before making an decision.,12,70
2583,Yes,1,"Let's schedule a meeting for Mark Taylor, you and me with the consultant who we already had conversations with.","Let's schedule a meeting for Mark Taylor, you and me with the consultant who we already had conversations with.",19,111
2584,Yes,1,Let's talk and maybe I can get the Bryson meeting rearranged.,Let's talk and maybe I can get the Bryson meeting rearranged.,11,61
2585,Yes,1,Let's talk first thing in the AM to discuss.,Let's talk first thing in the AM to discuss.,9,44
2586,Yes,1,Let's try to get together today or tomorrow.,Let's try to get together today or tomorrow.,8,44
2587,Yes,1,Make sense for me to attend the meeting?,Make sense for me to attend the meeting?,8,40
2588,Yes,1,"Mark, you should be there if possible.","Mark, you should be there if possible.",7,38
2589,Yes,1,Marylyn Do you have a problem with me taking this to the prayer ministry tonight?,Marylyn Do you have a problem with me taking this to the prayer ministry tonight?,15,81
2590,Yes,1,"Maureen, can you print out for Steve, too?","Maureen, can you print out for Steve, too?",8,42
2591,Yes,1,Maybe on Ben's layover we can have a discussion about where we go from here from a schedule standpoint.,Maybe on Ben's layover we can have a discussion about where we go from here from a schedule standpoint.,19,103
2592,Yes,1,Maybe we can discuss in the am.,Maybe we can discuss in the am.,7,31
2593,Yes,1,Maybe we can have a discussion then?,Maybe we can have a discussion then?,7,36
2594,Yes,1,"Mike, lets discuss just after Wayne and I get together to discuss the technical book or in conjunction.","Mike, lets discuss just after Wayne and I get together to discuss the technical book or in conjunction.",18,103
2595,Yes,1,"Mike, please give me a call at $NUM and we can set up a time that is good for you to observe.","Mike, please give me a call at 3-0977 and we can set up a time that is good for you to observe.",22,93
2596,Yes,1,"Mr Kean has had me underwater since last Thursday night, but I'll resurface tomorrow, at which time we can catch up on a number of things, including bills.","Mr Kean has had me underwater since last Thursday night, but I'll resurface tomorrow, at which time we can catch up on a number of things, including bills.",28,155
2597,Yes,1,My high score right now is $NUM miles... let me know if you're able to beat it.,My high score right now is 3.61 miles... let me know if you're able to beat it.,17,79
2598,Yes,1,My phone # is below so if you need to call me please do so.,My phone # is below so if you need to call me please do so.,15,59
2599,Yes,1,Norm would you mind visiting with Ms. Bernacik and explaining to her the difference between the excavation area where the underground tanks were removed and the landfarm area?,Norm would you mind visiting with Ms. Bernacik and explaining to her the difference between the excavation area where the underground tanks were removed and the landfarm area?,28,175
2600,Yes,1,"Now don't shoot me, but I was wondering if it might be possible to have the meetings on Thursday mornings.","Now don't shoot me, but I was wondering if it might be possible to have the meetings on Thursday mornings.",20,106
2601,Yes,1,"Now that we sent the first blow, lets get everyone together to discuss our future steps.","Now that we sent the first blow, lets get everyone together to discuss our future steps.",16,88
2602,Yes,1,"On the power plant, I've got a couple of guys you need to talk to.","On the power plant, I've got a couple of guys you need to talk to.",15,66
2603,Yes,1,"On your other issue, I understand and we'll discuss.","On your other issue, I understand and we'll discuss.",9,52
2604,Yes,1,Or I could discuss these issues after $NUM:$NUM p.m. Let me know when you would like to talk and if you continue to have issues in this regard.,Or I could discuss these issues after 8:00 p.m. Let me know when you would like to talk and if you continue to have issues in this regard.,28,143
2605,Yes,1,Or do you write in English American now?,Or do you write in English American now?,8,40
2606,Yes,1,Or we could have lunch or a beer after work on Thursday or Friday when I'm back from Portland.,Or we could have lunch or a beer after work on Thursday or Friday when I'm back from Portland.,19,94
2607,Yes,1,Or we could meet at a non-I-House place during the break and catch up if you like.,Or we could meet at a non-I-House place during the break and catch up if you like.,17,82
2608,Yes,1,"Otherwise, I shall be glad to join you.","Otherwise, I shall be glad to join you.",8,39
2609,Yes,1,Our meeting start at 7pm but we really don't get started praying until 8pm so if you want to touch and agree with us around that time that would be great.,Our meeting start at 7pm but we really don't get started praying until 8pm so if you want to touch and agree with us around that time that would be great.,31,154
2610,Yes,1,P.S - If you want to get your whole team or department set up with Openera - let me know and I'll get you early access to our Teams edition.,P.S - If you want to get your whole team or department set up with Openera - let me know and I'll get you early access to our Teams edition.,30,140
2611,Yes,1,P.S. Please do this ASAP as customer is scheduled to leave at 4pm today.,P.S. Please do this ASAP as customer is scheduled to leave at 4pm today.,14,72
2612,Yes,1,Perhaps you should consider it.,Perhaps you should consider it.,5,31
2613,Yes,1,"Peter: Please send these updates to Lance Schuler, Travis McCullough and me going forward.","Peter: Please send these updates to Lance Schuler, Travis McCullough and me going forward.",14,90
2614,Yes,1,Please ACTIVATE YOUR Free ACCOUNT $LINK right away and tell us where to send your check!,Please ACTIVATE YOUR Free ACCOUNT $LINK right away and tell us where to send your check!,16,88
2615,Yes,1,Please Complete Your Registration Here:,Please Complete Your Registration Here:,5,39
2616,Yes,1,Please accept our apologies and this extended = deal.,Please accept our apologies and this extended = deal.,9,53
2617,Yes,1,Please accept our apologies for the inconvenience.,Please accept our apologies for the inconvenience.,7,50
2618,Yes,1,Please activate this link for saving your appjog data.,Please activate this link for saving your appjog data.,9,54
2619,Yes,1,Please be informed that you have a joining date on $NUM/$NUM in Equinox and you did not show up last $NUM/$NUM to join the ship.Can you please advise what is your valid reason.,Please be informed that you have a joining date on 05/20 in Equinox and you did not show up last 05/20 to join the ship.Can you please advise what is your valid reason.,33,176
2620,Yes,1,Please book it for $NUM nights--thurs/fri/sat.,Please book it for 3 nights--thurs/fri/sat.,6,46
2621,Yes,1,"Please book me SF/NYC round trip,leaving Tues $NUM at $NUM:$NUM am, returning on sunday taking the $NUM:$NUM pm from NYC.","Please book me SF/NYC round trip,leaving Tues 8.2.01 at 9:15 am, returning on sunday taking the 4:15 pm from NYC.",20,121
2622,Yes,1,Please call & I can give you Sally's available time if she needs to attend.,Please call & I can give you Sally's available time if she needs to attend.,15,75
2623,Yes,1,Please call him to discuss.,Please call him to discuss.,5,27
2624,Yes,1,Please call me so that we may discuss.,Please call me so that we may discuss.,8,38
2625,Yes,1,Please call me to discuss your question.,Please call me to discuss your question.,7,40
2626,Yes,1,Please call me to discuss.,Please call me to discuss.,5,26
2627,Yes,1,Please call to discuss any of this at any time.,Please call to discuss any of this at any time.,10,47
2628,Yes,1,Please call to discuss at your convenience.,Please call to discuss at your convenience.,7,43
2629,Yes,1,Please check Your Site right away.,Please check Your Site right away.,6,34
2630,Yes,1,Please check and update your billing information as soon as possible to ensure that your membership continues uninterrupted.,Please check and update your billing information as soon as possible to ensure that your membership continues uninterrupted.,18,124
2631,Yes,1,Please check on those marked below,Please check on those marked below,6,34
2632,Yes,1,Please check the dates for that OpRisk seminar in New York and put those on my calendar tentatively.,Please check the dates for that OpRisk seminar in New York and put those on my calendar tentatively.,18,100
2633,Yes,1,Please check the gd swap cheyenne positions for March.,Please check the gd swap cheyenne positions for March.,9,54
2634,Yes,1,Please complete the attached file as discussed over the phone.,Please complete the attached file as discussed over the phone.,10,62
2635,Yes,1,Please confirm your Bdrive account by clicking this link:,Please confirm your Bdrive account by clicking this link:,9,57
2636,Yes,1,Please confirm your Twitter account,Please confirm your Twitter account,5,35
2637,Yes,1,Please confirm your Twitter account by clicking this link:,Please confirm your Twitter account by clicking this link:,9,58
2638,Yes,1,"Please confirm your email address by clicking the link below, it only takes a second.","Please confirm your email address by clicking the link below, it only takes a second.",15,85
2639,Yes,1,Please confirm your interest in a chance to win $$NUM for FREE by copying the link below into your browser:,"Please confirm your interest in a chance to win $50,000 for FREE by copying the link below into your browser:",20,107
2640,Yes,1,Please confirm your plans to attend the meeting and the dinner to David Winn at $EMAIL .,Please confirm your plans to attend the meeting and the dinner to David Winn at dwinn@swlegal.org <mailto:dwinn@swlegal.org> .,17,88
2641,Yes,1,Please confirm your request and activate your account below:,Please confirm your request and activate your account below:,9,60
2642,Yes,1,Please consider supporting the Smartr team by checking out our new app.,Please consider supporting the Smartr team by checking out our new app.,12,71
2643,Yes,1,Please consider the environment before printing this email.,Please consider the environment before printing this email.,8,59
2644,Yes,1,Please consult your financial institution regarding when the credit will be posted to your account.,Please consult your financial institution regarding when the credit will be posted to your account.,15,99
2645,Yes,1,Please coordinate with James so that your agendas are in sync (in case of potential overlap) so that we don't convey a right hand/left hand lack of coordination.,Please coordinate with James so that your agendas are in sync (in case of potential overlap) so that we don't convey a right hand/left hand lack of coordination.,28,161
2646,Yes,1,Please delete all the files from your hard drive and > manually forward this virus to everyone on your mailing list.,Please delete all the files from your hard drive and > manually forward this virus to everyone on your mailing list.,21,116
2647,Yes,1,Please delete me from your e-mail list.,Please delete me from your e-mail list.,7,39
2648,Yes,1,"Please describe in detail, the downstream capacity available to transport this gas.","Please describe in detail, the downstream capacity available to transport this gas.",12,83
2649,Yes,1,Please describe the steps to reproduce the bug:,Please describe the steps to reproduce the bug:,8,47
2650,Yes,1,Please discuss this with Morgan.,Please discuss this with Morgan.,5,32
2651,Yes,1,Please disregard the prior e-mail.,Please disregard the prior e-mail.,5,34
2652,Yes,1,Please do not contact unless you are $NUM years old.,Please do not contact unless you are 21 years old.,10,52
2653,Yes,1,Please do not delete the account and device information below as it will aid us with your support needs.,Please do not delete the account and device information below as it will aid us with your support needs.,19,104
2654,Yes,1,Please do not forward this to them.,Please do not forward this to them.,7,35
2655,Yes,1,Please do not submit a duplicate registration as it will delay the approval process.,Please do not submit a duplicate registration as it will delay the approval process.,14,84
2656,Yes,1,Please do not waste anymore time because right now you have the chance to download your copy for free but that is ending soon.,Please do not waste anymore time because right now you have the chance to download your copy for free but that is ending soon.,24,126
2657,Yes,1,Please don't count December out as a possible start time for the special session.,Please don't count December out as a possible start time for the special session.,14,81
2658,Yes,1,Please don't hestitate to call me if you want to discuss anything in more $NUM detail.,Please don't hestitate to call me if you want to discuss anything in more 20 detail.,16,86
2659,Yes,1,Please download updates for your iPhone and iPad today.,Please download updates for your iPhone and iPad today.,9,55
2660,Yes,1,Please download your free ebook SEO Tips: $NUM Things Every WordPress Owner MUST Know here:,Please download your free ebook SEO Tips: 5 Things Every WordPress Owner MUST Know here:,15,91
2661,Yes,1,Please e-mail your additions to Janette for her to compile.,Please e-mail your additions to Janette for her to compile.,10,59
2662,Yes,1,Please email me at $EMAIL to find out how.,Please email me at natasha.stevenson@davidco.com to find out how.,9,42
2663,Yes,1,Please email $EMAIL to find out how.,Please email publics@davidco.com to find out how.,7,36
2664,Yes,1,Please email us at $EMAIL to find out more.,Please email us at publics@davidco.com to find out more.,9,43
2665,Yes,1,Please email us for details: $EMAIL,Please email us for details: Diego@jobin-usa.com,6,35
2666,Yes,1,Please enable both prior to beginning the survey.,Please enable both prior to beginning the survey.,8,49
2667,Yes,1,"Please enjoy $NUM% off* any regular priced items with coupon code $NUM through $NUM:$NUM pm PT, Tuesday, August 27th, $NUM.","Please enjoy 25% off* any regular priced items with coupon code 251408768 through 11:59 pm PT, Tuesday, August 27th, 2013.",20,123
2668,Yes,1,Please familiarize yourself with our Safety tips,Please familiarize yourself with our Safety tips,7,48
2669,Yes,1,"Please fax the Friday ""package"" and the final Q2 numbers.","Please fax the Friday ""package"" and the final Q2 numbers.",10,57
2670,Yes,1,Please fax the Friday package and the final Q2 numbers.,Please fax the Friday package and the final Q2 numbers.,10,55
2671,Yes,1,Please fill him in on your discussions to date.,Please fill him in on your discussions to date.,9,47
2672,Yes,1,Please fill in the few blank fields including your first and last name and your funds will be deposited shortly.,Please fill in the few blank fields including your first and last name and your funds will be deposited shortly.,20,112
2673,Yes,1,Please fill in the fields:,Please fill in the fields:,5,26
2674,Yes,1,Please fill out this survey between May $NUM and May $NUM and rate NJ TRANSIT on the mode of transportation you travel most frequently.,Please fill out this survey between May 6 and May 24 and rate NJ TRANSIT on the mode of transportation you travel most frequently.,24,135
2675,Yes,1,"Please fill out this survey between November 11th and December 2nd, $NUM and rate NJ TRANSIT on the mode of transportation you travel most frequently.","Please fill out this survey between November 11th and December 2nd, 2013 and rate NJ TRANSIT on the mode of transportation you travel most frequently.",25,150
2676,Yes,1,Please find my resume and cover letter attached.,Please find my resume and cover letter attached.,8,48
2677,Yes,1,Please find my resume attached.,Please find my resume attached.,5,31
2678,Yes,1,Please find the attached OPML file.,Please find the attached OPML file.,6,35
2679,Yes,1,Please find the attached file which was generated by ExcelContacts.,Please find the attached file which was generated by ExcelContacts.,10,67
2680,Yes,1,Please find the attached file which was generated by ExcelMail.,Please find the attached file which was generated by ExcelMail.,10,63
2681,Yes,1,Please find the corresponding buttons and items in your language.,Please find the corresponding buttons and items in your language.,10,65
2682,Yes,1,Please follow the steps below to submit a refund request:,Please follow the steps below to submit a refund request:,10,57
2683,Yes,1,"Please follow up with these guys and try to schedule for this afternoon, around $NUM:$NUM.","Please follow up with these guys and try to schedule for this afternoon, around 5:45.",15,90
2684,Yes,1,Please forward a job scope for Jen and Craig.,Please forward a job scope for Jen and Craig.,9,45
2685,Yes,1,"Please forward this information to any one you know who might benefit from a better understanding of energy derivatives, weather risk, gas-to-electricity arbitrage or electric power trading.","Please forward this information to any one you know who might benefit from a better understanding of energy derivatives, weather risk, gas-to-electricity arbitrage or electric power trading.",27,190
2686,Yes,1,"Please forward this to any other Enron participants to review prior to our conference call with John Fielder, November $NUM, $NUM, $NUM:$NUM a.m.","Please forward this to any other Enron participants to review prior to our conference call with John Fielder, November 1, 2001, 11:00 a.m.",23,145
2687,Yes,1,Please forward this to the appropriate person.,Please forward this to the appropriate person.,7,46
2688,Yes,1,Please forward to Bev.,Please forward to Bev.,4,22
2689,Yes,1,Please forward to Jeff.,Please forward to Jeff.,4,23
2690,Yes,1,Please forward to me so I can review the opinion and get final approval for the deal.,Please forward to me so I can review the opinion and get final approval for the deal.,17,85
2691,Yes,1,Please forward your e-mail to the rest of the ogc to facilitate discussion.,Please forward your e-mail to the rest of the ogc to facilitate discussion.,13,75
2692,Yes,1,Please forward: Room Change,Please forward: Room Change,4,27
2693,Yes,1,Please get it scheduled.,Please get it scheduled.,4,24
2694,Yes,1,Please get this for Mark.,Please get this for Mark.,5,25
2695,Yes,1,Please get with Jennifer Sabine and go over these issues with her.,Please get with Jennifer Sabine and go over these issues with her.,12,66
2696,Yes,1,Please get with the East Desk on this.,Please get with the East Desk on this.,8,38
2697,Yes,1,Please give Michelle Cash a call or Karen Jones in Portland.,Please give Michelle Cash a call or Karen Jones in Portland.,11,60
2698,Yes,1,Please give me a call ASAP on marketing affiliate issue on TW Enron Online deal.,Please give me a call ASAP on marketing affiliate issue on TW Enron Online deal.,15,80
2699,Yes,1,Please give me a call and we will discuss the issues surrounding this new structure and the best way to communicate it to those involved to make this the most effective.,Please give me a call and we will discuss the issues surrounding this new structure and the best way to communicate it to those involved to make this the most effective.,31,169
2700,Yes,1,Please give me a call if you would like to discuss this.,Please give me a call if you would like to discuss this.,12,56
2701,Yes,1,Please give me a call so we can help Steve with his script for when he calls Langley.,Please give me a call so we can help Steve with his script for when he calls Langley.,18,85
2702,Yes,1,Please give me a call when you get a chance to discuss the schedule I sent earlier.,Please give me a call when you get a chance to discuss the schedule I sent earlier.,17,83
2703,Yes,1,Please give me a ring at your convenience.,Please give me a ring at your convenience.,8,42
2704,Yes,1,Please give me access to execute on EOL for the Short-Term Main book.,Please give me access to execute on EOL for the Short-Term Main book.,13,69
2705,Yes,1,Please give me your comments on this so we plan our strategy.,Please give me your comments on this so we plan our strategy.,12,61
2706,Yes,1,Please give me your correct address so I can mail you the copy of the cheque.,Please give me your correct address so I can mail you the copy of the cheque.,16,77
2707,Yes,1,Please give my EOL id the ability to trade Canadian Gas products.,Please give my EOL id the ability to trade Canadian Gas products.,12,65
2708,Yes,1,Please give your thoughts on this.,Please give your thoughts on this.,6,34
2709,Yes,1,Please go to the following page to complete the verification process:,Please go to the following page to complete the verification process:,11,69
2710,Yes,1,Please have Matt email the ops reports to my lotus.,Please have Matt email the ops reports to my lotus.,10,51
2711,Yes,1,Please help us out by taking the survey:,Please help us out by taking the survey:,8,40
2712,Yes,1,Please include Bill Bradford if possible.,Please include Bill Bradford if possible.,6,41
2713,Yes,1,Please include the following email addresses on the bidweek pricing data distribution list.,Please include the following email addresses on the bidweek pricing data distribution list.,13,91
2714,Yes,1,Please include the name of a contact person that Kim will need when she gets to the event.,Please include the name of a contact person that Kim will need when she gets to the event.,18,90
2715,Yes,1,Please join us in wishing Alfonso all the best in his new life.,Please join us in wishing Alfonso all the best in his new life.,13,63
2716,Yes,1,Please keep in mind that I have not had a chance to discuss this proposal $NUM internally.,Please keep in mind that I have not had a chance to discuss this proposal 20 internally.,17,90
2717,Yes,1,Please keep this e-mail for your records.,Please keep this e-mail for your records.,7,41
2718,Yes,1,Please keep this email for your records.,Please keep this email for your records.,7,40
2719,Yes,1,"Please let Brent know that I will be on vacation on Monday, November 20th.","Please let Brent know that I will be on vacation on Monday, November 20th.",14,74
2720,Yes,1,Please let me know how to get into it as I've got about a hundred reviews to do and I'll be on the road constantly for a couple weeks.,Please let me know how to get into it as I've got about a hundred reviews to do and I'll be on the road constantly for a couple weeks.,29,134
2721,Yes,1,Please let me know if tomorrow am works for you.,Please let me know if tomorrow am works for you.,10,48
2722,Yes,1,"Please let me know if you are available to meet on Monday, Jan. 22nd at $NUM:$NUM p.m. or Wednesday, Jan. 24th at $NUM:$NUM a.m.","Please let me know if you are available to meet on Monday, Jan. 22nd at 4:30 p.m. or Wednesday, Jan. 24th at 11:15 a.m.",24,128
2723,Yes,1,Please let me know if you are available today to discuss this transaction with Sr. Jacoby and me.,Please let me know if you are available today to discuss this transaction with Sr. Jacoby and me.,18,97
2724,Yes,1,Please let me know if you will be available to attend.,Please let me know if you will be available to attend.,11,54
2725,Yes,1,Please let me know if you would be open to scheduling a thirty-minute introductory call in the next few business days to talk in more detail.,Please let me know if you would be open to scheduling a thirty-minute introductory call in the next few business days to talk in more detail.,26,141
2726,Yes,1,"Please let me know if you would like further information, or if you would like to setup a meeting to review RedDot in action directly with your own Enron Corp website.","Please let me know if you would like further information, or if you would like to setup a meeting to review RedDot in action directly with your own Enron Corp website.",31,167
2727,Yes,1,"Please let me know if you'd like to do Opus, and I'll get on it pronto.","Please let me know if you'd like to do Opus, and I'll get on it pronto.",16,71
2728,Yes,1,"Please let me know of some days/time-slots that are open to you in the next couple of weeks, and we will try and firm up the visit.","Please let me know of some days/time-slots that are open to you in the next couple of weeks, and we will try and firm up the visit.",27,131
2729,Yes,1,Please let me know when our new socal and pg&e index descriptions are available.,Please let me know when our new socal and pg&e index descriptions are available.,14,80
2730,Yes,1,Please let me know when we can get these contracts assigned.,Please let me know when we can get these contracts assigned.,11,60
2731,Yes,1,Please let me know when you can send the maps.,Please let me know when you can send the maps.,10,46
2732,Yes,1,Please let me know when you can spare $NUM minutes of your valueable time to have a chance to meet with you and help you in scoping of a project which can increase your productivity multifold.,Please let me know when you can spare 15 minutes of your valueable time to have a chance to meet with you and help you in scoping of a project which can increase your productivity multifold.,36,192
2733,Yes,1,Please let us know what you think about Audiogalaxy Mixes and our new sharing features.,Please let us know what you think about Audiogalaxy Mixes and our new sharing features.,15,87
2734,Yes,1,Please log in to $LINK,Please log in to $LINK,5,22
2735,Yes,1,"Please login, complete the payment information and your full service will be activated!","Please login, complete the payment information and your full service will be activated!",13,87
2736,Yes,1,Please look over all your information..,Please look over all your information..,6,39
2737,Yes,1,Please look over this and get back with me on any changes you would like to make.,Please look over this and get back with me on any changes you would like to make.,17,81
2738,Yes,1,Please maintain confidentiality of this notification for your utmost protection.,Please maintain confidentiality of this notification for your utmost protection.,10,80
2739,Yes,1,Please make a few minor changes to the Scal product.,Please make a few minor changes to the Scal product.,10,52
2740,Yes,1,Please make the return on Sunday earlier.,Please make the return on Sunday earlier.,7,41
2741,Yes,1,"Please make your electronic pledge no later than Friday, August $NUM.","Please make your electronic pledge no later than Friday, August 17.",11,69
2742,Yes,1,Please manage through PR - Dorie Hitchcock - she will require an agenda as part of the approval process.,Please manage through PR - Dorie Hitchcock - she will require an agenda as part of the approval process.,19,104
2743,Yes,1,Please open it with a modern email client.,Please open it with a modern email client.,8,42
2744,Yes,1,"Please prepare drafts of the slides suggested in the attached ""agenda slide"".","Please prepare drafts of the slides suggested in the attached ""agenda slide"".",12,77
2745,Yes,1,Please print the email and the attachments.,Please print the email and the attachments.,7,43
2746,Yes,1,Please print this page for your records,Please print this page for your records,7,39
2747,Yes,1,Please provide me with information about this deal asap.,Please provide me with information about this deal asap.,9,56
2748,Yes,1,Please provide your name for the credit :,Please provide your name for the credit :,8,41
2749,Yes,1,Please purchase one of our mobile apps.Buy our mobile apps here:,Please purchase one of our mobile apps.Buy our mobile apps here:,11,64
2750,Yes,1,Please put Mike on my calendar for Thursday lunch next week.,Please put Mike on my calendar for Thursday lunch next week.,11,60
2751,Yes,1,Please reach out to me directly and tell me what you think.,Please reach out to me directly and tell me what you think.,12,59
2752,Yes,1,Please read on for more detailed agenda and information related specifically to each event.,Please read on for more detailed agenda and information related specifically to each event.,14,91
2753,Yes,1,"Please read the attached letter, which is the one that we sent to Dunn last week.","Please read the attached letter, which is the one that we sent to Dunn last week.",16,81
2754,Yes,1,Please refer to the email application number - 104J-FUNDS-4532A.,Please refer to the email application number - 104J-FUNDS-4532A.,9,64
2755,Yes,1,Please refer to the letter for the credit amount.,Please refer to the letter for the credit amount.,9,49
2756,Yes,1,Please refer to the letter for the final amount credited to your Wells Fargo account XXXXXXXXX2159.,Please refer to the letter for the final amount credited to your Wells Fargo account XXXXXXXXX2159.,16,99
2757,Yes,1,Please reply this back to Kay Chapman and myself.,Please reply this back to Kay Chapman and myself.,9,49
2758,Yes,1,"Please reserve a conference room for up to $NUM people for $NUM hour on Wednesday, April 12th around $NUM:30pm.","Please reserve a conference room for up to 7 people for 1 hour on Wednesday, April 12th around 2:30pm.",19,111
2759,Yes,1,Please respond to our survey.,Please respond to our survey.,5,29
2760,Yes,1,Please retain a copy of this email for your records.,Please retain a copy of this email for your records.,10,52
2761,Yes,1,Please retain the login and password you created.,Please retain the login and password you created.,8,49
2762,Yes,1,Please return to the site and log in using the following information.,Please return to the site and log in using the following information.,12,69
2763,Yes,1,Please review your complete payment schedule and recent policy changes by logging into your policy using your email address and password at:,Please review your complete payment schedule and recent policy changes by logging into your policy using your email address and password at:,22,140
2764,Yes,1,Please run a report from the transport model so that I may see the changes to the delivery points.,Please run a report from the transport model so that I may see the changes to the delivery points.,19,98
2765,Yes,1,"Please save this email for your records, as it contains important purchase and software activation information.","Please save this email for your records, as it contains important purchase and software activation information.",16,111
2766,Yes,1,Please save this information for future reference:,Please save this information for future reference:,7,50
2767,Yes,1,Please schedule $NUM minutes with Janette.,Please schedule 30 minutes with Janette.,6,42
2768,Yes,1,Please see coupon terms & conditions for more details.,Please see coupon terms & conditions for more details.,9,54
2769,Yes,1,Please send a copy of the plan to the OGC and work with Janette to schedule a meeting of the OGC to review the plan and get buy-in across the group.,Please send a copy of the plan to the OGC and work with Janette to schedule a meeting of the OGC to review the plan and get buy-in across the group.,31,148
2770,Yes,1,Please send a reply so that we will know if we are operational before we start sending the data out in bidweek.,Please send a reply so that we will know if we are operational before we start sending the data out in bidweek.,22,111
2771,Yes,1,Please send an e-mail to $EMAIL if this email has reached you by mistake.,Please send an e-mail to support@monkeyquest.com if this email has reached you by mistake.,14,73
2772,Yes,1,Please send it to me again so I can follow up.,Please send it to me again so I can follow up.,11,46
2773,Yes,1,Please send me a brief description of what ICor does.,Please send me a brief description of what ICor does.,10,53
2774,Yes,1,Please send me a copy of the memorialized points you created relative to Mr. Stubley's brief training session.,Please send me a copy of the memorialized points you created relative to Mr. Stubley's brief training session.,18,110
2775,Yes,1,Please send me an email letting me know if you will attend in person or via conference call.,Please send me an email letting me know if you will attend in person or via conference call.,18,92
2776,Yes,1,Please send me the Meta ID.,Please send me the Meta ID.,6,27
2777,Yes,1,Please send me the NN and TW operating reports from the minutes of the last meeting.,Please send me the NN and TW operating reports from the minutes of the last meeting.,16,84
2778,Yes,1,Please send me the Oglethorpe activity in excel for Dec $NUM.,Please send me the Oglethorpe activity in excel for Dec 2000.,11,61
2779,Yes,1,Please send me the Ogy invoice for March.,Please send me the Ogy invoice for March.,8,41
2780,Yes,1,Please send me your resume or call me.,Please send me your resume or call me.,8,38
2781,Yes,1,Please send out from you and me.,Please send out from you and me.,7,32
2782,Yes,1,Please send the CNG stuff to,Please send the CNG stuff to,6,28
2783,Yes,1,Please send the sources of our ferc CA analysis to becky cantrell.,Please send the sources of our ferc CA analysis to becky cantrell.,12,66
2784,Yes,1,"Please set the meeting up with Alan, Dan and me.","Please set the meeting up with Alan, Dan and me.",10,48
2785,Yes,1,Please set up a $NUM minute meeting with Cathy $NUM and we can go through it and i;ll give you a copy of all info.,Please set up a 30 minute meeting with Cathy 36898 and we can go through it and i;ll give you a copy of all info.,25,114
2786,Yes,1,Please take a few minutes and tell use how your experience has been so far.,Please take a few minutes and tell use how your experience has been so far.,15,75
2787,Yes,1,Please take a few minutes to complete a short survey about the website.,Please take a few minutes to complete a short survey about the website.,13,71
2788,Yes,1,Please take a look and let's discuss ASAP (Monday?) so we can get if on file at the CPUC.,Please take a look and let's discuss ASAP (Monday?) so we can get if on file at the CPUC.,19,89
2789,Yes,1,Please take a look at these and give me a call.,Please take a look at these and give me a call.,11,47
2790,Yes,1,Please take a minute to update POP and it be back to normal.,Please take a minute to update POP and it be back to normal.,13,60
2791,Yes,1,Please take a moment to answer one simple question by clicking either link below:,Please take a moment to answer one simple question by clicking either link below:,14,81
2792,Yes,1,Please take a moment to complete this survey about your experience.,Please take a moment to complete this survey about your experience.,11,67
2793,Yes,1,Please take a moment to complete your profile and execute your first sync to start enjoying the powerful features of Bookmark.,Please take a moment to complete your profile and execute your first sync to start enjoying the powerful features of Bookmark.,21,126
2794,Yes,1,Please take a moment to rate this email:,Please take a moment to rate this email:,8,40
2795,Yes,1,Please take a moment to read BlackBerry's Privacy Policy found,Please take a moment to read BlackBerry's Privacy Policy found,10,62
2796,Yes,1,Please take a moment to review the following steps to ensure timely processing and awarding of financial aid.,Please take a moment to review the following steps to ensure timely processing and awarding of financial aid.,18,109
2797,Yes,1,Please take a moment to verify your email.,Please take a moment to verify your email.,8,42
2798,Yes,1,Please take some time to read through everything and let us know what you think.,Please take some time to read through everything and let us know what you think.,15,80
2799,Yes,1,Please take two minutes to fill out this quick survey: $LINK,Please take two minutes to fill out this quick survey: $LINK,11,60
2800,Yes,1,Please tap here to restore this backup to SmartTime Plus.,Please tap here to restore this backup to SmartTime Plus.,10,57
2801,Yes,1,Please tell us a little about yourself by indicating your travel interests.,Please tell us a little about yourself by indicating your travel interests.,12,75
2802,Yes,1,Please tell your friends and family to sign up for their FREE account at $LINK,Please tell your friends and family to sign up for their FREE account at $LINK,15,78
2803,Yes,1,Please try it: $LINK,Please try it: $LINK,4,20
2804,Yes,1,Please update your $NUM budget to incorporate this new iniative.,Please update your 2001 budget to incorporate this new iniative.,10,64
2805,Yes,1,Please use the following url to access your mailed notes:,Please use the following url to access your mailed notes:,10,57
2806,Yes,1,Please use this activation code to verify your email address on the CellSpin website and activate your account.,Please use this activation code to verify your email address on the CellSpin website and activate your account.,18,111
2807,Yes,1,Please use this link to manage your account.,Please use this link to manage your account.,8,44
2808,Yes,1,Please use this method only if web access is not available.,Please use this method only if web access is not available.,11,59
2809,Yes,1,"Please use your internet browser to access the URL address $LINK and read the file called ""INSIDEtracc Access Goes Web!"" (Click on Archive of previous News Articles at the bottom of the PipeRanger home page.)","Please use your internet browser to access the URL address http://www.pge.com/pipeline and read the file called ""INSIDEtracc Access Goes Web!"" (Click on Archive of previous News Articles at the bottom of the PipeRanger home page.)",35,208
2810,Yes,1,Please validate your email address by going here:,Please validate your email address by going here:,8,49
2811,Yes,1,Please verify your email address by copying and pasting the following link into your browser: $LINK,Please verify your email address by copying and pasting the following link into your browser: $LINK,16,99
2812,Yes,1,Please view it here - $LINK,Please view it here - $LINK,6,27
2813,Yes,1,Please view this newsletter at: $LINK,Please view this newsletter at: $LINK,6,37
2814,Yes,1,Please visit $LINK to use our applications.,Please visit $LINK to use our applications.,7,43
2815,Yes,1,Please visit RCLCrewTravel or the RCLCrewTravel mobile app to obtain the latest information.,Please visit RCLCrewTravel or the RCLCrewTravel mobile app to obtain the latest information.,13,92
2816,Yes,1,Please visit the Settlement website for detailed information on how to submit a valid Exclusion Form or objection.,Please visit the Settlement website for detailed information on how to submit a valid Exclusion Form or objection.,18,114
2817,Yes,1,Please visit the webpage below in order to read this message in your webbrowser:,Please visit the webpage below in order to read this message in your webbrowser:,14,80
2818,Yes,1,Please visit this blog entry for more details;,Please visit this blog entry for more details;,8,46
2819,Yes,1,Please welcome our new partner Sneakpeeq.com,Please welcome our new partner Sneakpeeq.com,6,44
2820,Yes,1,"Please, call me at $NUM $NUM $NUM on Thursday or Friday.","Please, call me at 713 853 3848 on Thursday or Friday.",11,56
2821,Yes,1,"Please, call me on Monday and we shall set u a conference call.","Please, call me on Monday and we shall set u a conference call.",13,63
2822,Yes,1,"Please, give me a call Tuesday morning and I shall carve out an hour from my schedule to discuss the paper.","Please, give me a call Tuesday morning and I shall carve out an hour from my schedule to discuss the paper.",21,107
2823,Yes,1,"Please, let me know what would be convenient time to meet.","Please, let me know what would be convenient time to meet.",11,58
2824,Yes,1,Pls get me to Hou. on the Thur.,Pls get me to Hou. on the Thur.,8,31
2825,Yes,1,Pls talk to Bill lets get something set up here.,Pls talk to Bill lets get something set up here.,10,48
2826,Yes,1,Presume we'll talk tomorrow re: Cal solution?,Presume we'll talk tomorrow re: Cal solution?,7,45
2827,Yes,1,Remember to look at your school schedule so we can book our flights to Kansas.,Remember to look at your school schedule so we can book our flights to Kansas.,15,78
2828,Yes,1,"Rick, if your schedule permits, could you participate in the first five-ten minutes of the daily EES call ($NUM AM CST) to give those folks a brief snapshot of what happened?","Rick, if your schedule permits, could you participate in the first five-ten minutes of the daily EES call (10 AM CST) to give those folks a brief snapshot of what happened?",31,174
2829,Yes,1,"Rob, I need your re-submission of the plan document including goals and objective asap so that we can have a final discussion and finalize.","Rob, I need your re-submission of the plan document including goals and objective asap so that we can have a final discussion and finalize.",24,139
2830,Yes,1,"Rob, lets discuss.","Rob, lets discuss.",3,18
2831,Yes,1,"Roger, if EPA has approved other alternate methods for determining sulfur in fuel gas, can you approve of these for our sulfur methods?","Roger, if EPA has approved other alternate methods for determining sulfur in fuel gas, can you approve of these for our sulfur methods?",23,135
2832,Yes,1,"Scott, you need to make your own call on that one - I think you could add value in either.","Scott, you need to make your own call on that one - I think you could add value in either.",20,90
2833,Yes,1,See who wants to meet you.,See who wants to meet you.,6,26
2834,Yes,1,"Select what type of card you would like, you could get a new card even if you have less than perfect credit.","Select what type of card you would like, you could get a new card even if you have less than perfect credit.",22,108
2835,Yes,1,Shall we meet at your house or mine and at what time?,Shall we meet at your house or mine and at what time?,12,53
2836,Yes,1,Shall we try to get the Enron groups together to discuss the approach we want to take with GE in our next phone call?,Shall we try to get the Enron groups together to discuss the approach we want to take with GE in our next phone call?,24,117
2837,Yes,1,Should we compare notes (via email) on questions $NUM&$NUM by tomorrow (Sunday) before lunch?,Should we compare notes (via email) on questions 3&4 by tomorrow (Sunday) before lunch?,14,93
2838,Yes,1,Should we make arrangements for lunch?,Should we make arrangements for lunch?,6,38
2839,Yes,1,Since we are both big rich types you want to go to dinner tonight?,Since we are both big rich types you want to go to dinner tonight?,14,66
2840,Yes,1,So we need to meet or I need more info from you to get a good idea of exactly what you want.,So we need to meet or I need more info from you to get a good idea of exactly what you want.,22,92
2841,Yes,1,Steve: Let me know if you'd like to discuss.,Steve: Let me know if you'd like to discuss.,9,44
2842,Yes,1,Take a look at the file and then we can discuss how to combine this with current pipeline capacity and future expansions.,Take a look at the file and then we can discuss how to combine this with current pipeline capacity and future expansions.,22,121
2843,Yes,1,"The appearance of your site might be slightly changed however, so please review it.","The appearance of your site might be slightly changed however, so please review it.",14,83
2844,Yes,1,The attached résumé was created using the ResuM8 app by Career Marketing Specialists Inc. - please visit ResuM8.net,The attached résumé was created using the ResuM8 app by Career Marketing Specialists Inc. - please visit ResuM8.net,18,115
2845,Yes,1,The three of us probably need to get together and discuss tactics around a number of issues.,The three of us probably need to get together and discuss tactics around a number of issues.,17,92
2846,Yes,1,"Then, maybe we can get together and discuss other changes we need to make.","Then, maybe we can get together and discuss other changes we need to make.",14,74
2847,Yes,1,To be sure there is no abuse with your email please confirm your registration by clicking following Link:,To be sure there is no abuse with your email please confirm your registration by clicking following Link:,18,105
2848,Yes,1,"To do this, please open the following link in your web browser:","To do this, please open the following link in your web browser:",12,63
2849,Yes,1,"To let us know your decision about returning, please call us at $NUM, today between $NUM a.m. and $NUM p.m. ET—it only takes a few minutes if you act now!","To let us know your decision about returning, please call us at 877-500-3587, today between 9 a.m. and 9 p.m. ET—it only takes a few minutes if you act now!",30,154
2850,Yes,1,"To view your ScanBizCards reminders in Google Calendar, please follow these steps:","To view your ScanBizCards reminders in Google Calendar, please follow these steps:",12,82
2851,Yes,1,Toni: give me a call so we can discuss Josh.,Toni: give me a call so we can discuss Josh.,10,44
2852,Yes,1,Toni: please make the offer to Josh Chapa asap.,Toni: please make the offer to Josh Chapa asap.,9,47
2853,Yes,1,Tony--pls cover for us.,Tony--pls cover for us.,4,23
2854,Yes,1,"Twadna, would you please print and then file Ecogas (not due diligence file) for me.","Twadna, would you please print and then file Ecogas (not due diligence file) for me.",15,84
2855,Yes,1,"Twanda, would you please make that change and run executables?","Twanda, would you please make that change and run executables?",10,62
2856,Yes,1,"Twanda, would you please print this for me?","Twanda, would you please print this for me?",8,43
2857,Yes,1,"Twanda, would you please save these to my form directory and print them out for me?","Twanda, would you please save these to my form directory and print them out for me?",16,83
2858,Yes,1,"Twanda, would you please set up this meeting for me?","Twanda, would you please set up this meeting for me?",10,52
2859,Yes,1,"Unless that is going to create problems, would you mind letting them know that I'm coming.","Unless that is going to create problems, would you mind letting them know that I'm coming.",16,90
2860,Yes,1,"We also need ro insert discussion about relation of peak to offpeak prices, as a $NUM:$NUM ratio, which is not what other parties have proposed.","We also need ro insert discussion about relation of peak to offpeak prices, as a 3:2 ratio, which is not what other parties have proposed.",25,144
2861,Yes,1,We are going to meet with the specialist next week.,We are going to meet with the specialist next week.,10,51
2862,Yes,1,We are supposed to meet every Friday at $NUM:$NUM a.m.,We are supposed to meet every Friday at 8:00 a.m.,10,54
2863,Yes,1,We are walking distance from Enron! Please give us a call at $NUM.,We are walking distance from Enron! Please give us a call at 713-222-7667.,13,66
2864,Yes,1,We can ask Ed on Wednesday.,We can ask Ed on Wednesday.,6,27
2865,Yes,1,We can discuss further on Tuesday.,We can discuss further on Tuesday.,6,34
2866,Yes,1,We can discuss further when I'm in Houston tomorrow and Friday.,We can discuss further when I'm in Houston tomorrow and Friday.,11,63
2867,Yes,1,"We can discuss these comments, if you want, or just incorporate them.","We can discuss these comments, if you want, or just incorporate them.",12,69
2868,Yes,1,"We can discuss what you see as the most efficient path forward, and any additions, etc, you think are necessary.","We can discuss what you see as the most efficient path forward, and any additions, etc, you think are necessary.",20,112
2869,Yes,1,We can discuss when I'm in later this week.,We can discuss when I'm in later this week.,9,43
2870,Yes,1,We can meet at my meager apartment if you like.,We can meet at my meager apartment if you like.,10,47
2871,Yes,1,"We can meet at my office if you'd like, or at a cafe.","We can meet at my office if you'd like, or at a cafe.",13,53
2872,Yes,1,We can start discussions with the targets in a few days.,We can start discussions with the targets in a few days.,11,56
2873,Yes,1,We can talk more tonite about our somewhat loose but thus far effective means for getting these things done every week.,We can talk more tonite about our somewhat loose but thus far effective means for getting these things done every week.,21,119
2874,Yes,1,We can try this week if you're available.,We can try this week if you're available.,8,41
2875,Yes,1,We could discuss that and other suggestions at the meeting on Sunday.,We could discuss that and other suggestions at the meeting on Sunday.,12,69
2876,Yes,1,We could discuss there.,We could discuss there.,4,23
2877,Yes,1,We currently need survey takers from United States of America so we hope you join right away to start taking paid surveys so we can fill some of our open survey positions.,We currently need survey takers from United States of America so we hope you join right away to start taking paid surveys so we can fill some of our open survey positions.,32,171
2878,Yes,1,"We don't want to ruin the surprise, so proceed to the link below and find out what can soon be yours.","We don't want to ruin the surprise, so proceed to the link below and find out what can soon be yours.",21,101
2879,Yes,1,We have a rough roadmap of new features we would like to add but we need your help.,We have a rough roadmap of new features we would like to add but we need your help.,18,83
2880,Yes,1,"We have invited the team to dinner Thursday, $NUM:$NUM p.m. Would you loike to join us?","We have invited the team to dinner Thursday, 7:00 p.m. Would you loike to join us?",16,87
2881,Yes,1,We love getting the opportunity to meet with you guys and,We love getting the opportunity to meet with you guys and,11,57
2882,Yes,1,We love hearing from you so please provide your feedback and comments.,We love hearing from you so please provide your feedback and comments.,12,70
2883,Yes,1,We need to discuss the Federal Power Act and checking the box.,We need to discuss the Federal Power Act and checking the box.,12,62
2884,Yes,1,We need to send a check to the agency to cover ourselves prior to the April $NUM deadline.,We need to send a check to the agency to cover ourselves prior to the April 30 deadline.,18,90
2885,Yes,1,We shall be very glad to meet you.,We shall be very glad to meet you.,8,34
2886,Yes,1,We shall call you to schedule a meeting to review the product.,We shall call you to schedule a meeting to review the product.,12,62
2887,Yes,1,We shall try to arrange a video conference with Houston when Howard is back.,We shall try to arrange a video conference with Houston when Howard is back.,14,76
2888,Yes,1,"We should discuss further, though; very interesting idea.","We should discuss further, though; very interesting idea.",8,57
2889,Yes,1,We should discuss the continued use of Bill Ogden for non-compete litigation.,We should discuss the continued use of Bill Ogden for non-compete litigation.,12,77
2890,Yes,1,We should try to talk tomorrow or Friday.,We should try to talk tomorrow or Friday.,8,41
2891,Yes,1,"We try to meet every Monday night to pray over special prayer request that we have received along with praying for the needs our families, friends, church, government and even our enemies.","We try to meet every Monday night to pray over special prayer request that we have received along with praying for the needs our families, friends, church, government and even our enemies.",32,188
2892,Yes,1,We will discuss in $NUM.,We will discuss in 2001.,5,24
2893,Yes,1,We will discuss this next week when he comes to town.,We will discuss this next week when he comes to town.,11,53
2894,Yes,1,We will have to meet up somewhere.,We will have to meet up somewhere.,7,34
2895,Yes,1,"We will have to pay and get out to our hole, so give yourself some time if you want to hit a few before we tee off.","We will have to pay and get out to our hole, so give yourself some time if you want to hit a few before we tee off.",27,115
2896,Yes,1,We will meet in Herman's office on $NUM.,We will meet in Herman's office on 33.,8,40
2897,Yes,1,"We will need a follow up call anyway, once we know what to do to meet the accting objectives.","We will need a follow up call anyway, once we know what to do to meet the accting objectives.",19,93
2898,Yes,1,We will need to discuss how to adjust physical risk to match the flow constraints on EPNG.,We will need to discuss how to adjust physical risk to match the flow constraints on EPNG.,17,90
2899,Yes,1,We would like you and a guest to join us for the 3rd and 4th rounds of the Tour Championship on Saturday and Sunday.,We would like you and a guest to join us for the 3rd and 4th rounds of the Tour Championship on Saturday and Sunday.,24,116
2900,Yes,1,"We would like, however, to move the meeting to $NUM p.m. Tuesday.","We would like, however, to move the meeting to 2 p.m. Tuesday.",12,65
2901,Yes,1,We would really appreciate it if you would just take a moment to let us know about the quality of your experience.,We would really appreciate it if you would just take a moment to let us know about the quality of your experience.,22,114
2902,Yes,1,We'll discuss again when I am over next week.,We'll discuss again when I am over next week.,9,45
2903,Yes,1,We'll have to allow extra time next Monday for a double de-brief.,We'll have to allow extra time next Monday for a double de-brief.,12,65
2904,Yes,1,"We'll lay out all the options and let you decide, with no judgement on our part.","We'll lay out all the options and let you decide, with no judgement on our part.",16,80
2905,Yes,1,"We'll need to discuss tomorrow on the call what position, if any, we (Enron) takes vis-a-vis New Power's attempts to get default provider.","We'll need to discuss tomorrow on the call what position, if any, we (Enron) takes vis-a-vis New Power's attempts to get default provider.",23,138
2906,Yes,1,We'll save the Scott Mills discussion for a later date!,We'll save the Scott Mills discussion for a later date!,10,55
2907,Yes,1,We're going - want to join us?,We're going - want to join us?,7,30
2908,Yes,1,What do you say about that?,What do you say about that?,6,27
2909,Yes,1,What do you want to do about lunch tomorrow?,What do you want to do about lunch tomorrow?,9,44
2910,Yes,1,What is the status of your looking at the LNG contract issues?,What is the status of your looking at the LNG contract issues?,12,62
2911,Yes,1,What is your address??,What is your address??,4,22
2912,Yes,1,What is your hotmail nickname?,What is your hotmail nickname?,5,30
2913,Yes,1,What is your parents address?,What is your parents address?,5,29
2914,Yes,1,What time are you arriving on Friday?,What time are you arriving on Friday?,7,37
2915,Yes,1,What will you be focused on?,What will you be focused on?,6,28
2916,Yes,1,When do you think you'll have more specifics on timing and the exact people we will be meeting with (can you send along their titles also).,When do you think you'll have more specifics on timing and the exact people we will be meeting with (can you send along their titles also).,26,139
2917,Yes,1,When do you want to discuss this (or have us discuss it with the right B & P person)?,When do you want to discuss this (or have us discuss it with the right B & P person)?,19,85
2918,Yes,1,"When done, please forward back to me for distribution.","When done, please forward back to me for distribution.",9,54
2919,Yes,1,When we get together I would like to sit down and go through a number of organizational re-alignments and what we may want to do on the regulatory front to support those businesses.,When we get together I would like to sit down and go through a number of organizational re-alignments and what we may want to do on the regulatory front to support those businesses.,33,181
2920,Yes,1,When would you like to talk re: Mr. Bray?,When would you like to talk re: Mr. Bray?,9,41
2921,Yes,1,When you download MP3 files you should download them in $NUM kps format.,When you download MP3 files you should download them in 128 kps format.,13,72
2922,Yes,1,When you get a chance would you redraft the CES invoice and call me?,When you get a chance would you redraft the CES invoice and call me?,14,68
2923,Yes,1,"When you get a chance, please page me at $NUM.","When you get a chance, please page me at 888.916.7184.",10,46
2924,Yes,1,When you get a minute I need to discuss the last attachment for the Co Op term sheet (the asset management one).,When you get a minute I need to discuss the last attachment for the Co Op term sheet (the asset management one).,22,112
2925,Yes,1,When you get a minute I would like to catch you up on these issues.,When you get a minute I would like to catch you up on these issues.,15,67
2926,Yes,1,"When you get back, give a call and we can meet at break or have lunch or a beer after work or something.","When you get back, give a call and we can meet at break or have lunch or a beer after work or something.",23,104
2927,Yes,1,"When you get to the Enron Building, please ask for me or my assistant, Twanda Sweet, and one of us will take you to the conference room.","When you get to the Enron Building, please ask for me or my assistant, Twanda Sweet, and one of us will take you to the conference room.",27,136
2928,Yes,1,Who can join me for this meeting?,Who can join me for this meeting?,7,33
2929,Yes,1,Will it be possible for you to be here to support the accountants until 5pm?,Will it be possible for you to be here to support the accountants until 5pm?,15,76
2930,Yes,1,Will you or someone on your team rewrite as necessary?,Will you or someone on your team rewrite as necessary?,10,54
2931,Yes,1,Would you be willing join us?,Would you be willing join us?,6,29
2932,Yes,1,Would you check on the status of meter request $NUM and let me know where it stands?,Would you check on the status of meter request 02325 and let me know where it stands?,17,84
2933,Yes,1,"Would you like me to fax to you, or bring copies to tomorrow's meeting?","Would you like me to fax to you, or bring copies to tomorrow's meeting?",14,71
2934,Yes,1,Would you like to schedule a time to discuss this with me and outside counsel?,Would you like to schedule a time to discuss this with me and outside counsel?,15,78
2935,Yes,1,Would you please include my name on all future e-mails.,Would you please include my name on all future e-mails.,10,55
2936,Yes,1,Would you please juggle the rest of my calendar to accommodate this?,Would you please juggle the rest of my calendar to accommodate this?,12,68
2937,Yes,1,Would you please write a description on how Consumers Energy works on the billing for title transfers?,Would you please write a description on how Consumers Energy works on the billing for title transfers?,17,102
2938,Yes,1,"Yes, it's for finance, though you're welcome to join---we can use all the help that we can get.","Yes, it's for finance, though you're welcome to join---we can use all the help that we can get.",18,95
2939,Yes,1,"You have a paycheck here for *$$NUM waiting for Jude* from PanelBuck and they don't know your address, can you complete your profile?","You have a paycheck here for *$25 waiting for Jude* from PanelBuck and they don't know your address, can you complete your profile?",23,133
2940,Yes,1,You have some time to sit and discuss a bit?,You have some time to sit and discuss a bit?,10,44
2941,Yes,1,You just need to complete your full profile so we can provide the best rates and terms for it.,You just need to complete your full profile so we can provide the best rates and terms for it.,19,94
2942,Yes,1,You must complete an application and meet specific eligibility requirements in order to receive financial assistance from the government.,You must complete an application and meet specific eligibility requirements in order to receive financial assistance from the government.,19,137
2943,Yes,1,You need to confirm your registration to become a full member!,You need to confirm your registration to become a full member!,11,62
2944,Yes,1,You need to discuss this with the East Desk.,You need to discuss this with the East Desk.,9,44
2945,Yes,1,You should e mail her sometimes.,You should e mail her sometimes.,6,32
2946,Yes,1,You should feel free to edit away!,You should feel free to edit away!,7,34
2947,Yes,1,You should however consider the Section $NUM plans that I believe we have discussed previously.,You should however consider the Section 529 plans that I believe we have discussed previously.,15,95
2948,Yes,1,You want to try to have lunch?,You want to try to have lunch?,7,30
2949,Yes,1,and give me a call today!,and give me a call today!,6,25
2950,Yes,1,We would like to get in touch with you.,We would like to get in touch with you.,9,39
2951,Yes,1,Please join us for as many events as your schedule allows!,Please join us for as many events as your schedule allows!,11,58
2952,Yes,1,A dinner / lunch on Fri would work for me.,A dinner / lunch on Fri would work for me.,10,42
2953,Yes,1,After your review we can make the necessary changes and modifications.,After your review we can make the necessary changes and modifications.,11,70
2954,Yes,1,"Also , we need to talk about the weekend of $NUM/$NUM .","Also , we need to talk about the weekend of 01/12 .",12,55
2955,Yes,1,"Alternatively, we can delay the conversation till next week.","Alternatively, we can delay the conversation till next week.",9,60
2956,Yes,1,And I like to discuss further the points you were making on the call.,And I like to discuss further the points you were making on the call.,14,69
2957,Yes,1,And do you folks have a copy of the Peace letter (treatise) sent to FERC last week?,And do you folks have a copy of the Peace letter (treatise) sent to FERC last week?,17,83
2958,Yes,1,"And, yes, we'll get both you and Phil on Stan's calendar to go over the Operations Alliances topic...I will await their call to schedule.","And, yes, we'll get both you and Phil on Stan's calendar to go over the Operations Alliances topic...I will await their call to schedule.",24,137
2959,Yes,1,"Any chance of finalizing the California tariff Monday morning (have a call, say, $NUM:$NUM/$NUM:$NUM AM PDT)?","Any chance of finalizing the California tariff Monday morning (have a call, say, 7:30/8:00 AM PDT)?",16,109
2960,Yes,1,Any chance of getting a slight delay (say until next Wednesday or Thursday) to complete them?,Any chance of getting a slight delay (say until next Wednesday or Thursday) to complete them?,16,93
2961,Yes,1,Any chance of getting together with both of you?,Any chance of getting together with both of you?,9,48
2962,Yes,1,"Anytime you want to go to lunch to check on the house status, I'd be glad to go...","Anytime you want to go to lunch to check on the house status, I'd be glad to go...",18,82
2963,Yes,1,Are you available tomorow to discuss further?,Are you available tomorow to discuss further?,7,45
2964,Yes,1,"As well, I would suggest we start discussions with Reeding & Bates which according to both Redmond and Thompson is a live deal.","As well, I would suggest we start discussions with Reeding & Bates which according to both Redmond and Thompson is a live deal.",23,127
2965,Yes,1,Ashley and I were looking forward to going out to dinner with you guys on Saturday.,Ashley and I were looking forward to going out to dinner with you guys on Saturday.,16,83
2966,Yes,1,Cheryl and John would like to extend an invitation to you and your wife to be their guests at the worthy event.,Cheryl and John would like to extend an invitation to you and your wife to be their guests at the worthy event.,22,111
2967,Yes,1,"Chris, I need your $NUM accomplishments and Enron resume/deal anthology before Friday.","Chris, I need your 2000 accomplishments and Enron resume/deal anthology before Friday.",12,86
2968,Yes,1,Contact Joe and suggest that he meet with you while you are there or I could do it for you.,Contact Joe and suggest that he meet with you while you are there or I could do it for you.,20,91
2969,Yes,1,"Dear Ken: When the timing is right, I would like to visit with you (and Linda if appropriate) to discuss my idea of writing a scholarly but lively history of Enron.","Dear Ken: When the timing is right, I would like to visit with you (and Linda if appropriate) to discuss my idea of writing a scholarly but lively history of Enron.",31,164
2970,Yes,1,Do you want to go over to the game in two weeks?,Do you want to go over to the game in two weeks?,12,48
2971,Yes,1,Glad you could join us.,Glad you could join us.,5,23
2972,Yes,1,Go to the following address;,Go to the following address;,5,28
2973,Yes,1,"Guys, I would like to schedule a quarterly meeting to review our technical risk as a part of this reporting procedure.","Guys, I would like to schedule a quarterly meeting to review our technical risk as a part of this reporting procedure.",21,118
2974,Yes,1,"Guys, lets set up a meeting between the three of us on Monday ASAP to discuss.","Guys, lets set up a meeting between the three of us on Monday ASAP to discuss.",16,78
2975,Yes,1,He said... Let's go out and have some fun tonight.,He said... Let's go out and have some fun tonight.,10,50
2976,Yes,1,"Hey, we need to talk about something else--I'm getting a pheasant hunting trip organized for late Oct. Interested?","Hey, we need to talk about something else--I'm getting a pheasant hunting trip organized for late Oct. Interested?",18,114
2977,Yes,1,"Hi, Rick---If you don't mind, Lyn's asked that you join him at The Hyatt (am thinking the bar might just come in handy)---in front of the escalator in the lobby.","Hi, Rick---If you don't mind, Lyn's asked that you join him at The Hyatt (am thinking the bar might just come in handy)---in front of the escalator in the lobby.",30,161
2978,Yes,1,How about lunch today?,How about lunch today?,4,22
2979,Yes,1,I also want to discuss any suggestion you may have on people we should be trying to recruit for this.,I also want to discuss any suggestion you may have on people we should be trying to recruit for this.,20,101
2980,Yes,1,I am in hopes that we can talk further about enrolling Colleen into your school.,I am in hopes that we can talk further about enrolling Colleen into your school.,15,80
2981,Yes,1,"I am interested in talking to you about Jennifer Bagwell, as well as discussing the possibility of moving Susan Scott back to my book.","I am interested in talking to you about Jennifer Bagwell, as well as discussing the possibility of moving Susan Scott back to my book.",24,134
2982,Yes,1,I can meet around $NUM:$NUM.,I can meet around 10:00.,5,28
2983,Yes,1,"I have a meeting at 11am and a class from 1pm to 2pm today so if you call or email me within those time frames and I don't respond for a while, that's why.","I have a meeting at 11am and a class from 1pm to 2pm today so if you call or email me within those time frames and I don't respond for a while, that's why.",34,155
2984,Yes,1,I have a time slot available at $NUM:$NUM but I can reorganize my schedule to accommodate you.,I have a time slot available at 2:00 but I can reorganize my schedule to accommodate you.,17,94
2985,Yes,1,I have some ideas regarding the transition and would like to share them with you and/or your communication transition team.,I have some ideas regarding the transition and would like to share them with you and/or your communication transition team.,20,123
2986,Yes,1,"I have suggested to Harry and Carlos, that we jointly interview each applicant.","I have suggested to Harry and Carlos, that we jointly interview each applicant.",13,79
2987,Yes,1,"I know your life is very complicated and I don't want to make it worse, but if you ever have the time and inclination to go to lunch, dinner, movie, whatever, I'd definitely be up for it.","I know your life is very complicated and I don't want to make it worse, but if you ever have the time and inclination to go to lunch, dinner, movie, whatever, I'd definitely be up for it.",37,187
2988,Yes,1,I may have to get with you in the morining on this.,I may have to get with you in the morining on this.,12,51
2989,Yes,1,I need an extension--I'll give you any comments I have tomorrow by email.,I need an extension--I'll give you any comments I have tomorrow by email.,13,73
2990,Yes,1,"I really think that we need to get together tomorrow nite to finalize, but I don't feel like pushing it too much.","I really think that we need to get together tomorrow nite to finalize, but I don't feel like pushing it too much.",22,113
2991,Yes,1,I shall be driving back from Waco and barring any emergency I shall join you.,I shall be driving back from Waco and barring any emergency I shall join you.,15,77
2992,Yes,1,I shall be glad to meet for dinner/coffee and chat.,I shall be glad to meet for dinner/coffee and chat.,10,51
2993,Yes,1,I shall be glad to meet with you.,I shall be glad to meet with you.,8,33
2994,Yes,1,I shall call you Friday morning my time.,I shall call you Friday morning my time.,8,40
2995,Yes,1,I shall give you a call within the next few days to update you on our work and developments at Enron.,I shall give you a call within the next few days to update you on our work and developments at Enron.,21,101
2996,Yes,1,I shall join you there.,I shall join you there.,5,23
2997,Yes,1,I suggest a conference call with Delta at $NUM to discuss where we are.,I suggest a conference call with Delta at 100 to discuss where we are.,14,71
2998,Yes,1,"I think I might need to talk to you about this tomorrow, because I'm confused.","I think I might need to talk to you about this tomorrow, because I'm confused.",15,78
2999,Yes,1,I will discuss with you when I have more details.,I will discuss with you when I have more details.,10,49
3000,Yes,1,I would also like to discuss the staffing issues.,I would also like to discuss the staffing issues.,9,49
3001,Yes,1,I would be happy to reschedule at your team's convenience.,I would be happy to reschedule at your team's convenience.,10,58
3002,Yes,1,I would be happy to reschedule for next week.,I would be happy to reschedule for next week.,9,45
3003,Yes,1,"I would like to invite you and a guest to join me for the annual Juvenile Diabetes Foundation Gala to be held on May $NUM, $NUM at the Westin Galleria.","I would like to invite you and a guest to join me for the annual Juvenile Diabetes Foundation Gala to be held on May 12, 2001 at the Westin Galleria.",30,151
3004,Yes,1,I would like to speak with you about an open position in our organization.,I would like to speak with you about an open position in our organization.,14,74
3005,Yes,1,I would love to come to your dinner party!,I would love to come to your dinner party!,9,42
3006,Yes,1,I'd be pleased to meet you.... $LINK,I'd be pleased to meet you.... $LINK,7,36
3007,Yes,1,I'd better meet you downstairs or wherever we are going.,I'd better meet you downstairs or wherever we are going.,10,56
3008,Yes,1,I'll call you when (and if) I get off this call.,I'll call you when (and if) I get off this call.,11,48
3009,Yes,1,I'll fill you in tomorrow on why it's so high level (and repetitive).,I'll fill you in tomorrow on why it's so high level (and repetitive).,13,69
3010,Yes,1,I'll look at it and get back to you first thing Monday.,I'll look at it and get back to you first thing Monday.,12,55
3011,Yes,1,I'll see you tonight at choir rehearsal.,I'll see you tonight at choir rehearsal.,7,40
3012,Yes,1,I'll try to get the tariff numbers and get back to you.,I'll try to get the tariff numbers and get back to you.,12,55
3013,Yes,1,I'll visit with you tomorrow about what to do.,I'll visit with you tomorrow about what to do.,9,46
3014,Yes,1,I'm also available to discuss the proposal further by phone if you would like to talk before Monday.,I'm also available to discuss the proposal further by phone if you would like to talk before Monday.,18,100
3015,Yes,1,I'm available at about $NUM:$NUM AM my time if you'd like to try to talk then.,I'm available at about 11:45 AM my time if you'd like to try to talk then.,16,78
3016,Yes,1,I'm glad to discuss this if I can be of help.,I'm glad to discuss this if I can be of help.,11,45
3017,Yes,1,I'm looking forward to your discussion regarding the reregulation threat at the next meeting.,I'm looking forward to your discussion regarding the reregulation threat at the next meeting.,14,93
3018,Yes,1,"I'm not sure about our schedule, but if we have free time which matches up with you, I would like to spend some time discussing the issues.","I'm not sure about our schedule, but if we have free time which matches up with you, I would like to spend some time discussing the issues.",27,139
3019,Yes,1,"I'm out next week, but will probably give you a call to discuss a bit.","I'm out next week, but will probably give you a call to discuss a bit.",15,70
3020,Yes,1,"I'm sure that you're extremely busy, but I'd be very interested in talking to you at your convenience to discuss the viability of growing grapes on my property.","I'm sure that you're extremely busy, but I'd be very interested in talking to you at your convenience to discuss the viability of growing grapes on my property.",28,160
3021,Yes,1,I've available to you or your colleagues at any time.,I've available to you or your colleagues at any time.,10,53
3022,Yes,1,If You consider interesting evaluate the partnership I will meet You in NYC as soon as possible before Sunday when I have to go in Italy for some meetings.,If You consider interesting evaluate the partnership I will meet You in NYC as soon as possible before Sunday when I have to go in Italy for some meetings.,29,155
3023,Yes,1,"If possible, I am going to try and permit each site for $NUM ppm NOx as opposed to the $NUM ppm NOx number, so I would appreciate your assistance in this also.","If possible, I am going to try and permit each site for 45 ppm NOx as opposed to the 25 ppm NOx number, so I would appreciate your assistance in this also.",32,159
3024,Yes,1,"If you can't, we will try to get one of the neighbors.","If you can't, we will try to get one of the neighbors.",12,54
3025,Yes,1,"If you don't know your Customer Number or PIN, go to capitalone360.com, select 'Sign In' and use the online tool to look up your Customer Number or Reset your PIN.","If you don't know your Customer Number or PIN, go to capitalone360.com, select 'Sign In' and use the online tool to look up your Customer Number or Reset your PIN.",30,163
3026,Yes,1,In our phone conversation before the meeting you mentioned another contractual arrangement under which we could work with your company employees on a case-study.,In our phone conversation before the meeting you mentioned another contractual arrangement under which we could work with your company employees on a case-study.,24,161
3027,Yes,1,"Ina, will you have the IT group order and install Socal Gasslect and Passport on my desktop and laptop pc?","Ina, will you have the IT group order and install Socal Gasslect and Passport on my desktop and laptop pc?",20,106
3028,Yes,1,It would be great to meet in person and discuss issues.,It would be great to meet in person and discuss issues.,11,55
3029,Yes,1,"Jeff, hopefully we can convince you to come when we re-schedule - seemed like an easy call.","Jeff, hopefully we can convince you to come when we re-schedule - seemed like an easy call.",17,91
3030,Yes,1,Just want to touch base in the event that there's any follow up.,Just want to touch base in the event that there's any follow up.,13,64
3031,Yes,1,Let's aim for Thursday am.,Let's aim for Thursday am.,5,26
3032,Yes,1,Let's definitely try to coordinate for the next meeting.,Let's definitely try to coordinate for the next meeting.,9,56
3033,Yes,1,Let's keep sending back and forth and get together Wednesday morning to finalize.,Let's keep sending back and forth and get together Wednesday morning to finalize.,13,81
3034,Yes,1,Let's regroup on Monday.,Let's regroup on Monday.,4,24
3035,Yes,1,Let's share some research and see if there is any place that we could get excited about going.,Let's share some research and see if there is any place that we could get excited about going.,18,94
3036,Yes,1,Let's wait for Sandeep: he comes back Wednesday.,Let's wait for Sandeep: he comes back Wednesday.,8,48
3037,Yes,1,Monday lunch ?,Monday lunch ?,3,14
3038,Yes,1,Need to fill you in on the investigation discussions with the Republicans in today's meeting with Lay.,Need to fill you in on the investigation discussions with the Republicans in today's meeting with Lay.,17,102
3039,Yes,1,Or I could meet you during break on Monday.,Or I could meet you during break on Monday.,9,43
3040,Yes,1,Perhaps coffee or lunch?,Perhaps coffee or lunch?,4,24
3041,Yes,1,Perhaps we can also arrange a discussion about the interconnection agreement.,Perhaps we can also arrange a discussion about the interconnection agreement.,11,77
3042,Yes,1,Please get involved here and let these people know this.,Please get involved here and let these people know this.,10,56
3043,Yes,1,Purchase and enjoy instantly on your Android phone or tablet without the hassle of syncing.,Purchase and enjoy instantly on your Android phone or tablet without the hassle of syncing.,15,91
3044,Yes,1,"Rick, I need your view on which of these deals need to go through the board:","Rick, I need your view on which of these deals need to go through the board:",16,76
3045,Yes,1,"Shelly, we can do that but check with Cindy when she returns next week.","Shelly, we can do that but check with Cindy when she returns next week.",14,71
3046,Yes,1,The news from India continues to be grim and I have several things that I want to discuss with you.,The news from India continues to be grim and I have several things that I want to discuss with you.,20,99
3047,Yes,1,The tentative plan is that we can go to dinner together on $NUM/$NUM.,The tentative plan is that we can go to dinner together on 10/31.,13,69
3048,Yes,1,"We can add change of law as an event which gives us schedule relief, but we might want to broaden the definition of change of law.","We can add change of law as an event which gives us schedule relief, but we might want to broaden the definition of change of law.",26,130
3049,Yes,1,We can arrange a $NUMway call with your current carrier to help with that.,We can arrange a 3-way call with your current carrier to help with that.,14,74
3050,Yes,1,We can continue individual meetings in the afternoon.,We can continue individual meetings in the afternoon.,8,53
3051,Yes,1,We can make the salary retroactive as part of the contract.,We can make the salary retroactive as part of the contract.,11,59
3052,Yes,1,"We can offer the seminar / discussion session on Monday, December $NUM, at $NUM:$NUM.","We can offer the seminar / discussion session on Monday, December 18, at 3:30.",14,85
3053,Yes,1,"We need to finish up with the site specific agreement for the equipment, then they can have the whole enchilada.","We need to finish up with the site specific agreement for the equipment, then they can have the whole enchilada.",20,112
3054,Yes,1,We need to produce a report from the Intra-month book that we can use to tie out.,We need to produce a report from the Intra-month book that we can use to tie out.,17,81
3055,Yes,1,We need to reach resolution on some issues.,We need to reach resolution on some issues.,8,43
3056,Yes,1,We shall be very glad to join you to celebrate the holidays.,We shall be very glad to join you to celebrate the holidays.,12,60
3057,Yes,1,We shall hold an internal follow-up meeting next Monday to review potential projects on which we could cooperate in the future.,We shall hold an internal follow-up meeting next Monday to review potential projects on which we could cooperate in the future.,21,127
3058,Yes,1,We should be able to respond before the end of the week.,We should be able to respond before the end of the week.,12,56
3059,Yes,1,We wil l deliver to your office tomorrow specific legislative language and existing $NUM bills that we believe can accommodate our proposals.,We wil l deliver to your office tomorrow specific legislative language and existing 20 bills that we believe can accommodate our proposals.,22,141
3060,Yes,1,We'll be setting up a call in number first thing Monday morning.,We'll be setting up a call in number first thing Monday morning.,12,64
3061,Yes,1,We'll need to update the numbers for the offer we made to S.D. last week.,We'll need to update the numbers for the offer we made to S.D. last week.,15,73
3062,Yes,1,Wednesday works next week.,Wednesday works next week.,4,26
3063,Yes,1,"Wednesday, Dec. 13th would work best for me.","Wednesday, Dec. 13th would work best for me.",8,44
3064,Yes,1,Why don't you just pick a restaurant and I'll meet you there.,Why don't you just pick a restaurant and I'll meet you there.,12,61
3065,Yes,1,You MUST SIGN UP RIGHT NOW:,You MUST SIGN UP RIGHT NOW:,6,27
3066,Yes,1,You and Eldon want to stay at my apartment on Sunday night?,You and Eldon want to stay at my apartment on Sunday night?,12,59
3067,Yes,1,You coming diving with me and Shea tomorrow?,You coming diving with me and Shea tomorrow?,8,44
3068,Yes,1,You want to join?,You want to join?,4,17
3069,Yes,1,You're welcome to join.,You're welcome to join.,4,23
3070,Yes,1,Go here to register now.,Go here to register now.,5,24
3071,Yes,1,"Open your Internet browser, and click in the box where you usually see the Web page address.","Open your Internet browser, and click in the box where you usually see the Web page address.",17,92
3072,Yes,1,Follow below if you would like to see the steps needed to pick up a $$NUM pass for summer.,Follow below if you would like to see the steps needed to pick up a $150 pass for summer.,19,90
3073,Yes,1,If you think there’s things to improve leave us $NUM or $NUM stars and tell us what or if you think the app is rubbish leave us $NUM or $NUM stars and let us know why.,If you think there’s things to improve leave us 3 or 4 stars and tell us what or if you think the app is rubbish leave us 1 or 2 stars and let us know why.,36,167
3074,Yes,1,And get on the call with Paul.,And get on the call with Paul.,7,30
3075,Yes,1,"If you'd like to manage your Google Account Activity Reports, go to:","If you'd like to manage your Google Account Activity Reports, go to:",12,68
3076,Yes,1,Why don't you check with me in April or May to see whether we are hiring summer associates.,Why don't you check with me in April or May to see whether we are hiring summer associates.,18,91
3077,Yes,1,Did our HR guys get the apartment lined up for me yet?,Did our HR guys get the apartment lined up for me yet?,12,54
3078,Yes,1,Take Surveys and Get Your Paycheck With This New Survey Jude Spear!,Take Surveys and Get Your Paycheck With This New Survey Jude Spear!,12,67
3079,Yes,1,Please login and complete the payment information and your full service will be activated!,Please login and complete the payment information and your full service will be activated!,14,90
3080,Yes,1,"To cancel or update your posting, please log-in to your Cardinal Careers account and click the JOBS link from the menu on top of your home page and select the job you would like to edit by clicking on the job title.","To cancel or update your posting, please log-in to your Cardinal Careers account and click the JOBS link from the menu on top of your home page and select the job you would like to edit by clicking on the job title.",42,215
3081,Yes,1,Select the app you'd like to open the file.,Select the app you'd like to open the file.,9,43
3082,Yes,1,Take your laptop or ipad go somewhere that you like to frequent.,Take your laptop or ipad go somewhere that you like to frequent.,12,64
3083,Yes,1,Could you path those deals and email Mark when you are done.,Could you path those deals and email Mark when you are done.,12,60
3084,Yes,1,Let's discuss further.,Let's discuss further.,3,22
3085,Yes,1,"@ReadingRecs recommend some book, please $NUM:$NUM AM - $NUM Apr $NUM","@ReadingRecs recommend some book, please 09:14 AM - 22 Apr 14",11,69
3086,Yes,1,Chris you set up a meeting with me next week to talk about the structure of the $NUM DPR.,Chris you set up a meeting with me next week to talk about the structure of the 2001 DPR.,19,89
3087,Yes,1,Begin here to choose samples you would like to receive.,Begin here to choose samples you would like to receive.,10,55
3088,Yes,1,Please plan for you and Laine to be available Monday AM to make sure we are all on the same page once this all settles.,Please plan for you and Laine to be available Monday AM to make sure we are all on the same page once this all settles.,25,119
3089,Yes,1,Send me your e-mail address at home.,Send me your e-mail address at home.,7,36
3090,Yes,1,Promise me you won't tell anyone?,Promise me you won't tell anyone?,6,33
3091,Yes,1,Use the private messages to discuss with your teams and organise easily your common pearltrees!,Use the private messages to discuss with your teams and organise easily your common pearltrees!,15,95
3092,Yes,1,Please Verify - US : FL : Zephyrhills Nursing Opportunity for: $EMAIL,Please Verify - US : FL : Zephyrhills Nursing Opportunity for: judespear185012@gmail.com,12,69
3093,Yes,1,So get back to me with your schedule.,So get back to me with your schedule.,8,37
3094,Yes,1,"If you'd prefer to call us to discuss your options, you can reach us $NUM/$NUM at $NUM.","If you'd prefer to call us to discuss your options, you can reach us 24/7 at 888.486.4722.",17,87
3095,Yes,1,Add me to Disney Cruise Line's Do Not E-mail list,Add me to Disney Cruise Line's Do Not E-mail list,10,49
3096,Yes,1,"Would be happy to discuss it further, and you know without me saying that I am honored that you considered me and greatly appreciative.","Would be happy to discuss it further, and you know without me saying that I am honored that you considered me and greatly appreciative.",24,135
3097,Yes,1,Please review and make any final changes.,Please review and make any final changes.,7,41
3098,Yes,1,Please contact Kate's iPhone directly for the password.,Please contact Kate's iPhone directly for the password.,8,55
3099,Yes,1,Please contact $EMAIL to learn more.Document Library – Access your frequently used documents locally on your device from the new Library section.,Please contact docusigninkfeedback@docusign.com to learn more.Document Library – Access your frequently used documents locally on your device from the new Library section.,22,145
3100,Yes,1,Ahhh ...call me soon goon @ben_wiggin $NUM:$NUM AM - $NUM Jun $NUM,Ahhh ...call me soon goon @ben_wiggin 02:01 AM - 26 Jun 14,12,66
3101,Yes,1,@ReadingRecs and another book please $NUM:$NUM AM - $NUM Apr $NUM,@ReadingRecs and another book please 09:13 AM - 21 Apr 14,11,65
3102,Yes,1,Please review and email Michelle your comments to this paragraph.,Please review and email Michelle your comments to this paragraph.,10,65
3103,Yes,1,"ReadingRecs @ReadingRecs @jasonbdaly For book recommendations, just ask me.","ReadingRecs @ReadingRecs @jasonbdaly For book recommendations, just ask me.",9,75
3104,Yes,1,Grab me on Monday.,Grab me on Monday.,4,18
3105,Yes,1,Wake up! Wake up and email me.,Wake up! Wake up and email me.,7,30
3106,Yes,1,P!nk - Just Give Me a Reason: $LINK,P!nk - Just Give Me a Reason: $LINK,8,35
3107,Yes,1,"Count me in, if still available.","Count me in, if still available.",6,32
3108,Yes,1,Let me talk to you tomorrow over the phone and discuss it.,Let me talk to you tomorrow over the phone and discuss it.,12,58
3109,Yes,1,"I will be back at home by Friday evening, so let me know if there is anything that I can do before the meeting.","I will be back at home by Friday evening, so let me know if there is anything that I can do before the meeting.",24,111
3110,Yes,1,"Because my schedule is a mess (thanks to the mess California has created), if you don't reach me on my office line, please try $NUM.","Because my schedule is a mess (thanks to the mess California has created), if you don't reach me on my office line, please try 415.505.6633.",25,132
3111,Yes,1,Call me when you get a chance.,Call me when you get a chance.,7,30
3112,Yes,1,Call me when you get home.,Call me when you get home.,6,26
3113,Yes,1,Call me when you get in on sat.,Call me when you get in on sat.,8,31
3114,Yes,1,"FYI. Please call me on Monday to discuss, if possible.","FYI. Please call me on Monday to discuss, if possible.",10,54
3115,Yes,1,"If you get a chance, shoot me a message with his info.","If you get a chance, shoot me a message with his info.",12,54
3116,Yes,1,Just let me know if you would like to arrange a call or online webinar.,Just let me know if you would like to arrange a call or online webinar.,15,71
3117,Yes,1,Otherwise let me know and we'll refine this process to get you what you need.,Otherwise let me know and we'll refine this process to get you what you need.,15,77
3118,Yes,1,Please call me or e:mail any comments or suggestions.,Please call me or e:mail any comments or suggestions.,9,53
3119,Yes,1,Please call me when you get a chance.,Please call me when you get a chance.,8,37
3120,Yes,1,"Please join us as we share future FileMaker product directions, demonstrations, and product line strategy.","Please join us as we share future FileMaker product directions, demonstrations, and product line strategy.",15,106
3121,Yes,1,"Pursuant to Michelle's request, please review the attached form and provide her with your comments.","Pursuant to Michelle's request, please review the attached form and provide her with your comments.",15,99
3122,Yes,1,So let me know after you get the required info from the schools.,So let me know after you get the required info from the schools.,13,64
3123,Yes,1,"To contact us via e-mail, please write to mailto:$EMAIL $EMAIL .","To contact us via e-mail, please write to mailto:customerservice@virginwines.com customerservice@virginwines.com .",11,64
3124,Yes,1,- Annotate and modify web pages as you please,- Annotate and modify web pages as you please,9,45
3125,Yes,1,"- Call us $NUM/$NUM at $NUM, and your personal account advisor will discuss your options to postpone payments without further hurting your credit, and possibly without requiring you to make a payment.","- Call us 24/7 at 855.700.5121, and your personal account advisor will discuss your options to postpone payments without further hurting your credit, and possibly without requiring you to make a payment.",32,200
3126,Yes,1,- You know you want to... Watch this short video to learn tips from a project management expert about how to work smarter not harder...,- You know you want to... Watch this short video to learn tips from a project management expert about how to work smarter not harder...,25,135
3127,Yes,1,$NUM. Activate your FREE $NUMmonth trial with promo code:,1. Activate your FREE 1-month trial with promo code:,9,57
3128,Yes,1,"$NUM. Now you can choose the service from some kind of drop down that will have a list like FTP, HTTP, TELNET, etc. and if they have Remote Desktop or RDP, then choose that.","3. Now you can choose the service from some kind of drop down that will have a list like FTP, HTTP, TELNET, etc. and if they have Remote Desktop or RDP, then choose that.",34,173
3129,Yes,1,"$NUM. Now you can store, send, share, view and manage your files online.","3. Now you can store, send, share, view and manage your files online.",13,72
3130,Yes,1,"Alison, better send me what you have via fed-x or fax ($NUM) $NUM.","Alison, better send me what you have via fed-x or fax (505) 627-8172.",13,66
3131,Yes,1,"Also, give Lance a call and get on his schedule.","Also, give Lance a call and get on his schedule.",10,48
3132,Yes,1,"Also, if you ever need to send transport contracts to Houston, its best to send it to Sylvia Campos.","Also, if you ever need to send transport contracts to Houston, its best to send it to Sylvia Campos.",19,100
3133,Yes,1,"Also, looks like we're on for Portland next Tuesday/Wednesday.","Also, looks like we're on for Portland next Tuesday/Wednesday.",9,62
3134,Yes,1,"Also, please include information on any choices or extras available.","Also, please include information on any choices or extras available.",10,68
3135,Yes,1,"Also, please make sure to add Vicki Sharpe and Michael Smith of EES on the list, too.","Also, please make sure to add Vicki Sharpe and Michael Smith of EES on the list, too.",17,85
3136,Yes,1,"Also, please send me a copy of the complete response to the RFP, assuming you have that.","Also, please send me a copy of the complete response to the RFP, assuming you have that.",17,88
3137,Yes,1,"Also, there is a status meeting at $NUM:$NUM today -- I don't know if you got message, but I hope you can participate by phone.","Also, there is a status meeting at 10:00 today -- I don't know if you got message, but I hope you can participate by phone.",25,127
3138,Yes,1,"Also, will you please send me the latest version of the Central curve mappings.","Also, will you please send me the latest version of the Central curve mappings.",14,79
3139,Yes,1,"Although Allah has a reason for me to know you and you can help me out from my present condition,","Although Allah has a reason for me to know you and you can help me out from my present condition,",20,97
3140,Yes,1,"Although the progress bar may appear to be stuck, please ignore, Tempo is still making your calendar smart.","Although the progress bar may appear to be stuck, please ignore, Tempo is still making your calendar smart.",18,107
3141,Yes,1,And schedule some time for me to meet with him on Thursday as well.,And schedule some time for me to meet with him on Thursday as well.,14,67
3142,Yes,1,"And since I want you to do this so you'll have the ability to benefit from this connection and your incredible happenstance, anywhere, any place, any time, I believe it would be best if you could keep the power of Archangel Michael as close to you at all times, so I would like you to have...","And since I want you to do this so you'll have the ability to benefit from this connection and your incredible happenstance, anywhere, any place, any time, I believe it would be best if you could keep the power of Archangel Michael as close to you at all times, so I would like you to have...",56,292
3143,Yes,1,"Android, bringing the world's best profile manager to Android phones, along with special introduction offer, please visit the following link:","Android, bringing the world's best profile manager to Android phones, along with special introduction offer, please visit the following link:",20,141
3144,Yes,1,Any suggestions on how I can check in and see how progress is going?,Any suggestions on how I can check in and see how progress is going?,14,68
3145,Yes,1,"Anyway to discuss between now and Monday, or do we want to just take Dylan up on his offer?","Anyway to discuss between now and Monday, or do we want to just take Dylan up on his offer?",19,91
3146,Yes,1,"Anyway, would you be able to come down for lunch on Friday?","Anyway, would you be able to come down for lunch on Friday?",12,59
3147,Yes,1,"Anywho, you seem like the right person to respond to this email.","Anywho, you seem like the right person to respond to this email.",12,64
3148,Yes,1,"Apologies for asking, but something has come up and I wanted to inquire about the chances of taking the E203 final on a day other than Sunday the 10th of December.","Apologies for asking, but something has come up and I wanted to inquire about the chances of taking the E203 final on a day other than Sunday the 10th of December.",31,163
3149,Yes,1,Apply today and see how much we can save you!,Apply today and see how much we can save you!,10,45
3150,Yes,1,Are there any local law issues with respect to performance or interpretation of the contracts?,Are there any local law issues with respect to performance or interpretation of the contracts?,15,94
3151,Yes,1,"Are you available first thing Monday morning to be briefed on the analysis, my conversations with Hertzberg, what Hertzberg's strategy is, etc.?","Are you available first thing Monday morning to be briefed on the analysis, my conversations with Hertzberg, what Hertzberg's strategy is, etc.?",22,144
3152,Yes,1,"As I explained, if we schedule a DCQ of $NUM with you and the pipeline and only deliver $NUM to the pipeline, the pipeline will deliver $NUM to you and collect the $NUM shortfall from us.","As I explained, if we schedule a DCQ of 10,000 with you and the pipeline and only deliver 9,500 to the pipeline, the pipeline will deliver 10,000 to you and collect the 500 shortfall from us.",36,187
3153,Yes,1,"As an example, you could select two or three key moments -- from a meeting, interview or learning journey -- and re-enact them for the group.","As an example, you could select two or three key moments -- from a meeting, interview or learning journey -- and re-enact them for the group.",26,141
3154,Yes,1,"As new issues come up, please copy Mark Taylor.","As new issues come up, please copy Mark Taylor.",9,47
3155,Yes,1,"As we spoke I got scheduled for a $NUM:$NUM too, so how about $NUM:$NUM tomorrow?","As we spoke I got scheduled for a 2:30 too, so how about 3:30 tomorrow?",15,81
3156,Yes,1,"As you confirm meetings with Mr. Lay next week, could you drop a line to Maureen, Janel and me?","As you confirm meetings with Mr. Lay next week, could you drop a line to Maureen, Janel and me?",19,95
3157,Yes,1,"At $NUM:$NUM tomorrow, please plan on meeting Lyn Maddox, Tom Boren, Chris Iribe and Tom King at $NUM:$NUM Ruth Chris Steak House ($NUM/$NUM) $NUM Wisconsin Ave., Bethesda.","At 6:30 tomorrow, please plan on meeting Lyn Maddox, Tom Boren, Chris Iribe and Tom King at 6:30 Ruth Chris Steak House (301/652-7877) 7317 Wisconsin Ave., Bethesda.",27,172
3158,Yes,1,Attached please find the final presentation for the board meeting tommorrow.,Attached please find the final presentation for the board meeting tommorrow.,11,76
3159,Yes,1,"Be sure to download Blogstand for your iPhone, iPad and iPod today from $LINK to find great content like this from thousands of bloggers across the web.","Be sure to download Blogstand for your iPhone, iPad and iPod today from $LINK to find great content like this from thousands of bloggers across the web.",27,152
3160,Yes,1,"Because we respect your online time and Internet privacy, please be assured we will never share your e-mail address with third parties.","Because we respect your online time and Internet privacy, please be assured we will never share your e-mail address with third parties.",22,135
3161,Yes,1,"Before submitting a ticket, please check our knowledge base first as we may already have an article addressing your query.","Before submitting a ticket, please check our knowledge base first as we may already have an article addressing your query.",20,122
3162,Yes,1,"Before using lino, please visit $LINK","Before using lino, please visit $LINK",6,37
3163,Yes,1,"Before using lino, please visit $LINK to verify your Email address.","Before using lino, please visit $LINK to verify your Email address.",11,67
3164,Yes,1,"Believe me, I understand why you want him in your group.","Believe me, I understand why you want him in your group.",11,56
3165,Yes,1,"Ben, please discuss with Dave Duran - he will be responsible for our coal generation strategy.","Ben, please discuss with Dave Duran - he will be responsible for our coal generation strategy.",16,94
3166,Yes,1,"Big Mack,,,, Just give me call when you are coming down for the DUKE interview ..... Our Department head wants to go out to lunch with you ...... casual lunch type thing.... they were very impressed with your resume!","Big Mack,,,, Just give me call when you are coming down for the DUKE interview ..... Our Department head wants to go out to lunch with you ...... casual lunch type thing.... they were very impressed with your resume!",39,216
3167,Yes,1,"Britt and Barrett, I wanted you to know the timetable in part because, if Stan decides to go forward, we need to send Barrett's suggested letter to Jad verifying continued application of the settlement privilege to Stan and Ted's discussions.","Britt and Barrett, I wanted you to know the timetable in part because, if Stan decides to go forward, we need to send Barrett's suggested letter to Jad verifying continued application of the settlement privilege to Stan and Ted's discussions.",40,242
3168,Yes,1,"But given the nature and length of the meeting, this probably doesn't make sense - please let me know what you think.","But given the nature and length of the meeting, this probably doesn't make sense - please let me know what you think.",22,117
3169,Yes,1,But might be useful to discuss tomorrow when you return.,But might be useful to discuss tomorrow when you return.,10,56
3170,Yes,1,But need to know if it's good as is or needs some tweeking.,But need to know if it's good as is or needs some tweeking.,13,59
3171,Yes,1,"But the other documents are in route to me, i get it, i sign it, you and donny sign it, i send it back, waaaala!!","But the other documents are in route to me, i get it, i sign it, you and donny sign it, i send it back, waaaala!!",25,113
3172,Yes,1,Call me on Monday to discuss the Enron Online download.,Call me on Monday to discuss the Enron Online download.,10,55
3173,Yes,1,Call me on Saturday $NUM,Call me on Saturday 713-661-6096,5,24
3174,Yes,1,Call me to discuss.,Call me to discuss.,4,19
3175,Yes,1,"Can we try Friday at $NUM am, again?","Can we try Friday at 10 am, again?",8,36
3176,Yes,1,Can you change my address in your system (and with fund companies) to my mom and dad's address.,Can you change my address in your system (and with fund companies) to my mom and dad's address.,18,95
3177,Yes,1,Can you check in with Tamara and find out what her issues are?,Can you check in with Tamara and find out what her issues are?,13,62
3178,Yes,1,"Can you check with her, too?","Can you check with her, too?",6,28
3179,Yes,1,Can you check with your people ?,Can you check with your people ?,7,32
3180,Yes,1,"Can you find a couple ""hauler"" numbers in there and send me the numbers?","Can you find a couple ""hauler"" numbers in there and send me the numbers?",14,72
3181,Yes,1,Can you forward me the presentation that you mentioned when we talked on Friday.,Can you forward me the presentation that you mentioned when we talked on Friday.,14,80
3182,Yes,1,Can you get a list of recent OU grads hired at Enron?,Can you get a list of recent OU grads hired at Enron?,12,53
3183,Yes,1,Can you get back to me with a few ideas in the next week or so - maybe it would help to go pick a few brains in various ENA orgs as part of your process.,Can you get back to me with a few ideas in the next week or so - maybe it would help to go pick a few brains in various ENA orgs as part of your process.,36,153
3184,Yes,1,Can you get with her right away and see what you can come up with?,Can you get with her right away and see what you can come up with?,15,66
3185,Yes,1,Can you give me what I want?... $LINK,Can you give me what I want?... $LINK,8,37
3186,Yes,1,Can you grow your small town into a thriving pre-historic village?,Can you grow your small town into a thriving pre-historic village?,11,66
3187,Yes,1,Can you guys make a meeting on March $NUM at 10am to discuss something with above group?,Can you guys make a meeting on March 12 at 10am to discuss something with above group?,17,88
3188,Yes,1,Can you make $NUM copies for the $NUM:$NUM AM mtg?,Can you make 10 copies for the 10:00 AM mtg?,10,50
3189,Yes,1,Can you name the TV shows by their wacky neighbor characters?,Can you name the TV shows by their wacky neighbor characters?,11,61
3190,Yes,1,Can you name the movies from the logos of their fictional companies?,Can you name the movies from the logos of their fictional companies?,12,68
3191,Yes,1,Can you pick the US States of these fictional towns?,Can you pick the US States of these fictional towns?,10,52
3192,Yes,1,Can you please detect this as a speech act?,Can you please detect this as a speech act?,9,43
3193,Yes,1,Can you please work on this with Peter?,Can you please work on this with Peter?,8,39
3194,Yes,1,Can you prepare a brief presentation that would serve as a discussion document for such a meeting.,Can you prepare a brief presentation that would serve as a discussion document for such a meeting.,17,98
3195,Yes,1,Can you rise to the top?,Can you rise to the top?,6,24
3196,Yes,1,"Can you send it to her? Also copy Scott, Hedy and Sandi.","Can you send it to her? Also copy Scott, Hedy and Sandi.",12,56
3197,Yes,1,Can you set up a meetin with you and your desk heads and me for $NUM hour this week to talk about EOL and product offerings.,Can you set up a meetin with you and your desk heads and me for 1 hour this week to talk about EOL and product offerings.,26,124
3198,Yes,1,Can you two check with your Dynegy and Reliant contacts in Houston?,Can you two check with your Dynegy and Reliant contacts in Houston?,12,67
3199,Yes,1,Can you use the Scrambler Boost to earn a score of $NUM or better?,"Can you use the Scrambler Boost to earn a score of 50,000 or better?",14,66
3200,Yes,1,Can you verify what New Power is getting at A06 please?,Can you verify what New Power is getting at A06 please?,11,55
3201,Yes,1,Carlos and I will discuss how to move forward.,Carlos and I will discuss how to move forward.,9,46
3202,Yes,1,"Celeste, try and get him scheduled into the Super Saturday if possible so that the risk guys can take a look at him.","Celeste, try and get him scheduled into the Super Saturday if possible so that the risk guys can take a look at him.",23,116
3203,Yes,1,Check this one out - I caught and released this nice Chinook hen on the Eel River in Southern Humbolt County last Sunday.,Check this one out - I caught and released this nice Chinook hen on the Eel River in Southern Humbolt County last Sunday.,23,121
3204,Yes,1,Check this pearltree for the resources to help you decide.,Check this pearltree for the resources to help you decide.,10,58
3205,Yes,1,Check your email address for Ken,Check your email address for Ken,6,32
3206,Yes,1,"Chris, I would get Mark or Louise involved at this point - if it is mission critical let me know.","Chris, I would get Mark or Louise involved at this point - if it is mission critical let me know.",20,97
3207,Yes,1,"Chris, as per our discussion, I just want to confirm that we have the ability to break the contract with the EPC provider at any time.","Chris, as per our discussion, I just want to confirm that we have the ability to break the contract with the EPC provider at any time.",26,134
3208,Yes,1,"Christi, I was unable to open the file can you please send a hard copy.","Christi, I was unable to open the file can you please send a hard copy.",15,71
3209,Yes,1,Click below to visit Evite for more information about the event and also to RSVP.,Click below to visit Evite for more information about the event and also to RSVP.,15,81
3210,Yes,1,Come join me on Popset to create and share beautiful photo sets.,Come join me on Popset to create and share beautiful photo sets.,12,64
3211,Yes,1,Comedy Central would like you to please pause your Labor Day barbecues to watch them roast James Franco - $LINK - A.V. Club,Comedy Central would like you to please pause your Labor Day barbecues to watch them roast James Franco - $LINK - A.V. Club,23,123
3212,Yes,1,Could send me and Stephanie each one?,Could send me and Stephanie each one?,7,37
3213,Yes,1,Could you also forward to the SF office.,Could you also forward to the SF office.,8,40
3214,Yes,1,Could you attempt to get Lucio to respond?,Could you attempt to get Lucio to respond?,8,42
3215,Yes,1,Could you forward that part?,Could you forward that part?,5,28
3216,Yes,1,"Could you forward to the lovely Ms Scott, since every time I type her name in, I get someone from ECT. Can't wait to hear more about Herr Cherr-y.","Could you forward to the lovely Ms Scott, since every time I type her name in, I get someone from ECT. Can't wait to hear more about Herr Cherr-y.",29,146
3217,Yes,1,Could you get Terry authorization to path in Unify please?,Could you get Terry authorization to path in Unify please?,10,58
3218,Yes,1,Could you get with Twanda to do that?,Could you get with Twanda to do that?,8,37
3219,Yes,1,Could you give me the January $NUM Gas Daily's for the following points,Could you give me the January 2001 Gas Daily's for the following points,13,71
3220,Yes,1,Could you make dinner on Wednesday night (the 17th)?,Could you make dinner on Wednesday night (the 17th)?,9,52
3221,Yes,1,Could you please email or fax to me the Commission's decision denying Edison's emergency motion?,Could you please email or fax to me the Commission's decision denying Edison's emergency motion?,15,96
3222,Yes,1,Could you please make sure that everyone in the office has this call-in number.,Could you please make sure that everyone in the office has this call-in number.,14,79
3223,Yes,1,Could you please print out a copy and forward it along to Ken Lay prior to his departure for Washington D.C.? Thanks very much.,Could you please print out a copy and forward it along to Ken Lay prior to his departure for Washington D.C.? Thanks very much.,24,127
3224,Yes,1,Could you please put me in contact with your team handling the communications for the transition or meet with me personally to discuss?,Could you please put me in contact with your team handling the communications for the transition or meet with me personally to discuss?,23,135
3225,Yes,1,Could you please read this request and get back to Mark with the info ASAP?,Could you please read this request and get back to Mark with the info ASAP?,15,75
3226,Yes,1,Could you please send me a picture,Could you please send me a picture,7,34
3227,Yes,1,Could you please send the documents to our office in Calgary.,Could you please send the documents to our office in Calgary.,11,61
3228,Yes,1,Could you please set up a conference call and send the information to the list below?,Could you please set up a conference call and send the information to the list below?,16,85
3229,Yes,1,Could you please write a very brief synopsis of what took place on the IEP PR call?,Could you please write a very brief synopsis of what took place on the IEP PR call?,17,83
3230,Yes,1,Could you re-send.,Could you re-send.,3,18
3231,Yes,1,Could you resend it?,Could you resend it?,4,20
3232,Yes,1,Could you teach my brother how to use his e-mail?,Could you teach my brother how to use his e-mail?,10,49
3233,Yes,1,Could you test this out for me?,Could you test this out for me?,7,31
3234,Yes,1,"Created by KOKCard,please refer $LINK","Created by KOKCard,please refer $LINK",5,37
3235,Yes,1,"Dave, why don't you send it to Steve for review.","Dave, why don't you send it to Steve for review.",10,48
3236,Yes,1,"Dena, Just confirming with you that I am not going to be at today's meeting.","Dena, Just confirming with you that I am not going to be at today's meeting.",15,76
3237,Yes,1,Diane: if you could handle this please.,Diane: if you could handle this please.,7,39
3238,Yes,1,Did Carolyn call you last night regarding Candis' hotel slumber party?,Did Carolyn call you last night regarding Candis' hotel slumber party?,11,70
3239,Yes,1,Didn't you get the Christmas card with pics?,Didn't you get the Christmas card with pics?,8,44
3240,Yes,1,Do we need to add the PX letter to the agenda for tomorrow's $NUM AM call?,Do we need to add the PX letter to the agenda for tomorrow's 10 AM call?,16,74
3241,Yes,1,Do you want to go to Austin tonight?,Do you want to go to Austin tonight?,8,36
3242,Yes,1,Does this mean I don't have to read all those emails you sent me?,Does this mean I don't have to read all those emails you sent me?,14,65
3243,Yes,1,"Don't forget tonight is the season premier of ""Frasier"".","Don't forget tonight is the season premier of ""Frasier"".",9,56
3244,Yes,1,Don't forget tonight is the season premier of Frasier.,Don't forget tonight is the season premier of Frasier.,9,54
3245,Yes,1,"Don’t miss your chances to win, if this message went into your Spam folder please mark it as Not Spam.","Don’t miss your chances to win, if this message went into your Spam folder please mark it as Not Spam.",20,102
3246,Yes,1,Drop by soon to give me an update on life at Enron for you.,Drop by soon to give me an update on life at Enron for you.,14,59
3247,Yes,1,Feel free to move forward with whatever you need to do.,Feel free to move forward with whatever you need to do.,11,55
3248,Yes,1,"Find resources today, get back in school tomorrow!","Find resources today, get back in school tomorrow!",8,50
3249,Yes,1,"First, please use your PC/Mac to download and operate the program for backup and restoration from $LINK","First, please use your PC/Mac to download and operate the program for backup and restoration from $LINK",17,103
3250,Yes,1,For Full Details please read the attached .html,For Full Details please read the attached .html,8,47
3251,Yes,1,"For Tim and Chris, could you please call $NUM.","For Tim and Chris, could you please call 713-584-2067.",9,46
3252,Yes,1,"For all other issues, including next steps once you have completed this process, please contact Hardee's directly.","For all other issues, including next steps once you have completed this process, please contact Hardee's directly.",17,114
3253,Yes,1,For assistance with your account please call $NUM to speak to an ACCC representative.,For assistance with your account please call 800-769-3571 to speak to an ACCC representative.,14,85
3254,Yes,1,"For more information about Simplenote Premium, please see:","For more information about Simplenote Premium, please see:",8,58
3255,Yes,1,For more information please follow the URL below:,For more information please follow the URL below:,8,49
3256,Yes,1,For the perfume lover on your Christmas list: try this ... $LINK,For the perfume lover on your Christmas list: try this ... $LINK,12,64
3257,Yes,1,"For those of you in Houston - there will be a going away party/happy hour on Friday, August 4th at the Midtown Station - starting at $NUM:$NUM p.m.","For those of you in Houston - there will be a going away party/happy hour on Friday, August 4th at the Midtown Station - starting at 5:30 p.m.",28,147
3258,Yes,1,"Forward this information to: Joseph A. Thompson Manager, Business Development Dominion Transmission Gathering & Production Division $NUM Davisson Run Road Clarksburg, WV $NUM","Forward this information to: Joseph A. Thompson Manager, Business Development Dominion Transmission Gathering & Production Division 500 Davisson Run Road Clarksburg, WV 26301",23,174
3259,Yes,1,"Gary, We need to have two more books created as soon as possible.","Gary, We need to have two more books created as soon as possible.",13,65
3260,Yes,1,Give it a try and tell us what you think.,Give it a try and tell us what you think.,10,41
3261,Yes,1,Give my best to Ray and tell him to hurry up and get this messed resolved.,Give my best to Ray and tell him to hurry up and get this messed resolved.,16,74
3262,Yes,1,"Go ahead and send it out to Frevert, McMahon, Bowen and Haedicke.","Go ahead and send it out to Frevert, McMahon, Bowen and Haedicke.",12,65
3263,Yes,1,Go home before 11pm today!,Go home before 11pm today!,5,26
3264,Yes,1,"Going forward, I think we as a management team including yourself should discuss what the strategy should be going forward.","Going forward, I think we as a management team including yourself should discuss what the strategy should be going forward.",20,123
3265,Yes,1,"Going foward, please join the Legal Committee starting this coming Monday and every other week.","Going foward, please join the Legal Committee starting this coming Monday and every other week.",15,95
3266,Yes,1,Good morning can I get rates and pics please,Good morning can I get rates and pics please,9,44
3267,Yes,1,Great--please send me the current draft on Thur.,Great--please send me the current draft on Thur.,8,48
3268,Yes,1,Great--please send to MKM and other interested parties.,Great--please send to MKM and other interested parties.,8,55
3269,Yes,1,"Greetings everyone- With a week and a half to go until our second session, I wanted to check in and ask you to begin thinking in your learning teams about how you want to share the information you have been gathering with the larger group.","Greetings everyone- With a week and a half to go until our second session, I wanted to check in and ask you to begin thinking in your learning teams about how you want to share the information you have been gathering with the larger group.",45,239
3270,Yes,1,"Greetings: Sorry to bother you with this, but I'm travelling, and if you could leave the call-in number for tomorrow's meeting on my voice mail, I'll be forever indebted.","Greetings: Sorry to bother you with this, but I'm travelling, and if you could leave the call-in number for tomorrow's meeting on my voice mail, I'll be forever indebted.",29,170
3271,Yes,1,"Guys, FYI - Ben, can you follow up with this person with our interest or lack thereof whichever is applicable.","Guys, FYI - Ben, can you follow up with this person with our interest or lack thereof whichever is applicable.",20,110
3272,Yes,1,"Guys, I will set up a monthly meeting between myself and you guys to discuss deal flow, priorities and strategy - I think you will find that more effective and I can keep the other meeting small.","Guys, I will set up a monthly meeting between myself and you guys to discuss deal flow, priorities and strategy - I think you will find that more effective and I can keep the other meeting small.",37,195
3273,Yes,1,"Guys, please attend if available.","Guys, please attend if available.",5,33
3274,Yes,1,Have a look in your humidor tonight.,Have a look in your humidor tonight.,7,36
3275,Yes,1,"Have there been any more reactions to the presentation that McCullough made at the ""volatility conference"" in Portland last week?","Have there been any more reactions to the presentation that McCullough made at the ""volatility conference"" in Portland last week?",20,129
3276,Yes,1,He asked me to e-mail you so that you could put this on his calendar and said that you would e-mail his wife to check the date as well.,He asked me to e-mail you so that you could put this on his calendar and said that you would e-mail his wife to check the date as well.,29,135
3277,Yes,1,"Hey, I know it's a pain, but I think there would be value in getting together (if folks are available) on Thursday evening from $NUM with (lots of) beer and pizza and grind through the finance case.","Hey, I know it's a pain, but I think there would be value in getting together (if folks are available) on Thursday evening from 7-10 with (lots of) beer and pizza and grind through the finance case.",37,198
3278,Yes,1,"Hey, send them again.","Hey, send them again.",4,21
3279,Yes,1,Hi Maureen: Could you please make sure that Steve gets these?,Hi Maureen: Could you please make sure that Steve gets these?,11,61
3280,Yes,1,"Hi, please save this important email.","Hi, please save this important email.",6,37
3281,Yes,1,Hi: Could you send me a copy of the Trustee letter?,Hi: Could you send me a copy of the Trustee letter?,11,51
3282,Yes,1,How about $NUM am on Monday to discuss the NEXT deal?,How about 1100 am on Monday to discuss the NEXT deal?,11,53
3283,Yes,1,How do you get on the agenda?,How do you get on the agenda?,7,29
3284,Yes,1,I also wanted to know if you can possibly spare Hoang for two days the week of $NUM/$NUM.,I also wanted to know if you can possibly spare Hoang for two days the week of 10/8.,18,89
3285,Yes,1,I am about to go to lunch right now so call me on the cell phone if you need me.,I am about to go to lunch right now so call me on the cell phone if you need me.,20,80
3286,Yes,1,I am comfortable with you forwarding these comments to Laine at your discretion.,I am comfortable with you forwarding these comments to Laine at your discretion.,13,80
3287,Yes,1,I am open for luch Wednesday and Thursday.,I am open for luch Wednesday and Thursday.,8,42
3288,Yes,1,"I am pleased to invite you to participate in the $NUM Fall Career Fair on Tuesday, September 30th, held outside on beautiful White Plaza.","I am pleased to invite you to participate in the 2014 Fall Career Fair on Tuesday, September 30th, held outside on beautiful White Plaza.",24,137
3289,Yes,1,"I am sorry for the delay, but we were waiting to receive more of the workshop evaluations so that we could provide you a more complete assessment of the workshop by the attendees.","I am sorry for the delay, but we were waiting to receive more of the workshop evaluations so that we could provide you a more complete assessment of the workshop by the attendees.",33,179
3290,Yes,1,"I am sorry that I won't be able to drink a beer with you as a send off, but perhaps we can have one in London later in January as your welcome to London.","I am sorry that I won't be able to drink a beer with you as a send off, but perhaps we can have one in London later in January as your welcome to London.",34,153
3291,Yes,1,"I am sure this is a joke , but I dont get it.. Please explain - ANd I am doing fine - I am tired these days ( that age thing , you know).","I am sure this is a joke , but I dont get it.. Please explain - ANd I am doing fine - I am tired these days ( that age thing , you know).",34,137
3292,Yes,1,I assume that you will go through these documents for benefits/plan issues and then send relevant ones to Pat this week.,I assume that you will go through these documents for benefits/plan issues and then send relevant ones to Pat this week.,21,120
3293,Yes,1,I assume that you will have the Argentines to Brazil for the discussion and any one else you think appropriate.,I assume that you will have the Argentines to Brazil for the discussion and any one else you think appropriate.,20,111
3294,Yes,1,"I believe EE&CC is working the issues; however, a phone call from you to emphasize the importance to Enron will add extra encouragement.","I believe EE&CC is working the issues; however, a phone call from you to emphasize the importance to Enron will add extra encouragement.",23,136
3295,Yes,1,I believe we are scheduled to start at 900am Thursday.,I believe we are scheduled to start at 900am Thursday.,10,54
3296,Yes,1,I can certainly understand that you will reconsider the trip to Houston next week.,I can certainly understand that you will reconsider the trip to Houston next week.,14,82
3297,Yes,1,I expect an answer by early next week -- I hope Monday.,I expect an answer by early next week -- I hope Monday.,12,55
3298,Yes,1,I hate to bother you with this request because I realize you must be very busy; I was wondering if you had a chance to forward my resume to Ginger Gamble (at Reliant) and Carol Scherer (at Duke Energy).,I hate to bother you with this request because I realize you must be very busy; I was wondering if you had a chance to forward my resume to Ginger Gamble (at Reliant) and Carol Scherer (at Duke Energy).,39,202
3299,Yes,1,I have attached for your review the letter requests from Northern to you and the e-mails which were traded back and forth from yourself and Argent.,I have attached for your review the letter requests from Northern to you and the e-mails which were traded back and forth from yourself and Argent.,26,147
3300,Yes,1,"I have cleared my calendar, so any time in the morning works for me.","I have cleared my calendar, so any time in the morning works for me.",14,68
3301,Yes,1,"I have you jacket in my car, so let me know what you want to do about that.","I have you jacket in my car, so let me know what you want to do about that.",18,75
3302,Yes,1,"I hope all is well with you, and one day when you are in the DC area and have nothing better to do you will let me have the opportunity to visit over dinner and reflect on how many years it has been since you and we created the Natural Gas Clearing House.","I hope all is well with you, and one day when you are in the DC area and have nothing better to do you will let me have the opportunity to visit over dinner and reflect on how many years it has been since you and we created the Natural Gas Clearing House.",53,255
3303,Yes,1,"I just happened to be in Dave's email looking for something for him........I saw your name and thought maybe I'd better see if this was something I needed to put on his calendar.....As a rule, I do not go into Dave's email unless I am told or looking for something that someone has requested me to print and give to him.....so, if you need something to be put on his calendar, please copy me on it or chances are I may or may not find out about it...","I just happened to be in Dave's email looking for something for him........I saw your name and thought maybe I'd better see if this was something I needed to put on his calendar.....As a rule, I do not go into Dave's email unless I am told or looking for something that someone has requested me to print and give to him.....so, if you need something to be put on his calendar, please copy me on it or chances are I may or may not find out about it...",88,450
3304,Yes,1,I just wanted to know whether you still had time for a quick meeting.,I just wanted to know whether you still had time for a quick meeting.,14,69
3305,Yes,1,"I know you have been kind enough for the connection, I was wondering if you could help me find out if Mr. Heffner did receive them.","I know you have been kind enough for the connection, I was wondering if you could help me find out if Mr. Heffner did receive them.",26,131
3306,Yes,1,I look forward to continuing our discussions from $NUM on how we can be better together - I am committed to doing this the right way as I know you are.,I look forward to continuing our discussions from 2000 on how we can be better together - I am committed to doing this the right way as I know you are.,31,151
3307,Yes,1,I need this done this week if possible.,I need this done this week if possible.,8,39
3308,Yes,1,I need to know if you want to download this or if I should pass it on to another member...,I need to know if you want to download this or if I should pass it on to another member...,20,90
3309,Yes,1,I need what we discussed yesterday.,I need what we discussed yesterday.,6,35
3310,Yes,1,I shall spend more time looking at it over the weekend and if I see a problem I shall call you on Monday.,I shall spend more time looking at it over the weekend and if I see a problem I shall call you on Monday.,23,105
3311,Yes,1,I suggest a brief meeting to discuss strategy before anything is sent to SW.,I suggest a brief meeting to discuss strategy before anything is sent to SW.,14,76
3312,Yes,1,"I suggest doing it in writing, rather than an email that could be manipulated.","I suggest doing it in writing, rather than an email that could be manipulated.",14,78
3313,Yes,1,"I think so--Martha, please get me into this gig.","I think so--Martha, please get me into this gig.",9,48
3314,Yes,1,I think that it would be useful for Ken to join the call.,I think that it would be useful for Ken to join the call.,13,57
3315,Yes,1,I think that you should check in with her afterwards to get a briefing since I'll be getting off for another call in the next $NUM minutes.,I think that you should check in with her afterwards to get a briefing since I'll be getting off for another call in the next 5 minutes.,27,139
3316,Yes,1,I think we can chat generally on the phone and give them the ballpark results without actually sending the schedules to him.,I think we can chat generally on the phone and give them the ballpark results without actually sending the schedules to him.,22,124
3317,Yes,1,I think we need to get back to Jeff not next week but the following week with a strawman.,I think we need to get back to Jeff not next week but the following week with a strawman.,19,89
3318,Yes,1,I think you need to call me.,I think you need to call me.,7,28
3319,Yes,1,I understand you won't be in town for the rehearsal so we look forward to seeing you before the wedding.,I understand you won't be in town for the rehearsal so we look forward to seeing you before the wedding.,20,104
3320,Yes,1,I will contact your office next week to find a convenient time for us to visit on this matter.,I will contact your office next week to find a convenient time for us to visit on this matter.,19,94
3321,Yes,1,I will get back in touch if the Tuesday lunch does open up.,I will get back in touch if the Tuesday lunch does open up.,13,59
3322,Yes,1,I would also like to sit down with you some time this week to talk about PJM fundamentals and co-ordinating our analytical efforts.,I would also like to sit down with you some time this week to talk about PJM fundamentals and co-ordinating our analytical efforts.,23,131
3323,Yes,1,"I would also suggest attending the task force meeting, providing EES management is agreeable, to get a better picture of what is going on.","I would also suggest attending the task force meeting, providing EES management is agreeable, to get a better picture of what is going on.",24,138
3324,Yes,1,I would anticipate that we sit down with Rick and Jeff at the end of January - please have package available for my review by mid January.,I would anticipate that we sit down with Rick and Jeff at the end of January - please have package available for my review by mid January.,27,138
3325,Yes,1,"I would appreciate your review of Section $NUM in particular, given your familiarity with the compensation plans and benefit plans.","I would appreciate your review of Section 4.14 in particular, given your familiarity with the compensation plans and benefit plans.",20,131
3326,Yes,1,I would greatly appreciate your help in resolving this issue as soon as possible.,I would greatly appreciate your help in resolving this issue as soon as possible.,14,81
3327,Yes,1,I would like to get access to Mimic.,I would like to get access to Mimic.,8,36
3328,Yes,1,I would like to have this by Wednesday night in everyone's e-mail Thursday morning.,I would like to have this by Wednesday night in everyone's e-mail Thursday morning.,14,83
3329,Yes,1,I would suggest that we try to set up a follow up meeting in early October once you have completed your work.,I would suggest that we try to set up a follow up meeting in early October once you have completed your work.,22,109
3330,Yes,1,"I would suggest that you find a day over the next couple weeks to meet Rob in Calgary to speak in detail about the role, the market and expectations.","I would suggest that you find a day over the next couple weeks to meet Rob in Calgary to speak in detail about the role, the market and expectations.",29,149
3331,Yes,1,I'd be happy to hear from you.,I'd be happy to hear from you.,7,30
3332,Yes,1,I'd love to get caught up with you and share some new tales of woe from the pipeline group.,I'd love to get caught up with you and share some new tales of woe from the pipeline group.,19,91
3333,Yes,1,I'll call again on Friday.,I'll call again on Friday.,5,26
3334,Yes,1,I'll have my assistant call to set-up the phone call early next week.,I'll have my assistant call to set-up the phone call early next week.,13,69
3335,Yes,1,I'll see what i can do and get back to you.,I'll see what i can do and get back to you.,11,43
3336,Yes,1,I'm almost afraid to ask when you might have a slot open for lunch... any ideas?,I'm almost afraid to ask when you might have a slot open for lunch... any ideas?,16,80
3337,Yes,1,"I'm focused on the letter, so it would be very helpful if you could draft some brief message points and email to me and Karen.","I'm focused on the letter, so it would be very helpful if you could draft some brief message points and email to me and Karen.",25,126
3338,Yes,1,I'm having lunch with Dan today - want to join us?,I'm having lunch with Dan today - want to join us?,11,50
3339,Yes,1,"I'm in Vegas this weekend, want to come.","I'm in Vegas this weekend, want to come.",8,40
3340,Yes,1,"I'm trying to meet a deadline at the moment, but are you free this afternoon?","I'm trying to meet a deadline at the moment, but are you free this afternoon?",15,77
3341,Yes,1,I'm very excited about going to the dome this weekend and looking forward to seeing you guys.,I'm very excited about going to the dome this weekend and looking forward to seeing you guys.,17,93
3342,Yes,1,"I'm very much looking forward to meeting you, and hope that you can visit the office while your hear to discuss California.","I'm very much looking forward to meeting you, and hope that you can visit the office while your hear to discuss California.",22,123
3343,Yes,1,I've roughed out a document for you to discuss.,I've roughed out a document for you to discuss.,9,47
3344,Yes,1,"If clicking the link above doesn't work, please copy and paste the URL in a new browser window instead.","If clicking the link above doesn't work, please copy and paste the URL in a new browser window instead.",19,103
3345,Yes,1,"If not, please keep this message and try to view it on a","If not, please keep this message and try to view it on a",13,56
3346,Yes,1,"If not, would you like to come to Ryan's stag?","If not, would you like to come to Ryan's stag?",10,46
3347,Yes,1,"If possible, could you get them to me by tomorrow afternoon?","If possible, could you get them to me by tomorrow afternoon?",11,60
3348,Yes,1,"If she is not on your list yet, why don't you call her for an introduction and give her the rundown on the schools that you are responsible for so that she can make a choice.","If she is not on your list yet, why don't you call her for an introduction and give her the rundown on the schools that you are responsible for so that she can make a choice.",36,174
3349,Yes,1,"If so, can you sneak the clubs past your wife?","If so, can you sneak the clubs past your wife?",10,46
3350,Yes,1,"If so, please forward it to me.","If so, please forward it to me.",7,31
3351,Yes,1,"If the above URL does not work, please use your Web browser to go to:","If the above URL does not work, please use your Web browser to go to:",15,69
3352,Yes,1,If the above activation link doesn't work please visit $LINK,If the above activation link doesn't work please visit $LINK,10,60
3353,Yes,1,"If the gas pipeline rate is set at the minimum rate Enron can live with, does the power plant make enough $$$ to make the project work?","If the gas pipeline rate is set at the minimum rate Enron can live with, does the power plant make enough $$$ to make the project work?",27,135
3354,Yes,1,"If the mobile application is asking you for a confirmation code, please use this code:","If the mobile application is asking you for a confirmation code, please use this code:",15,86
3355,Yes,1,"If this is the best time to put that in writing for Europe, then by all means go forward with that.","If this is the best time to put that in writing for Europe, then by all means go forward with that.",21,99
3356,Yes,1,"If this was you, and you want to give this application access to your account, complete the troubleshooting steps listed at $LINK","If this was you, and you want to give this application access to your account, complete the troubleshooting steps listed at $LINK",22,129
3357,Yes,1,"If you are interested in joining us next summer as an intern, we would be very happy to have you.","If you are interested in joining us next summer as an intern, we would be very happy to have you.",20,97
3358,Yes,1,"If you can come, I would be great for you to address the group if you would like to do so.","If you can come, I would be great for you to address the group if you would like to do so.",21,90
3359,Yes,1,"If you can make the case for this gas flowing without constraint, then I see no problem in making a fixed price bid for the full volume.","If you can make the case for this gas flowing without constraint, then I see no problem in making a fixed price bid for the full volume.",27,136
3360,Yes,1,"If you could get info to Joseph on where the Woodlands is and where I need to go once I arrive there, I'd be eternally indebted.","If you could get info to Joseph on where the Woodlands is and where I need to go once I arrive there, I'd be eternally indebted.",26,128
3361,Yes,1,"If you feel this is an error from our side, we'd like to hear about it in the feedback forums at $LINK","If you feel this is an error from our side, we'd like to hear about it in the feedback forums at $LINK",22,102
3362,Yes,1,"If you find that the credit monitoring alert is not something that you caused or authorized, please call our customer service center immediately and we will help you contact the applicable credit bureau.","If you find that the credit monitoring alert is not something that you caused or authorized, please call our customer service center immediately and we will help you contact the applicable credit bureau.",33,203
3363,Yes,1,"If you find that you have any questions along the way you may contact me directly at $NUM Extension $NUM, send me an email with any questions you might have or contact your preferred ACT! Certified Consultant.","If you find that you have any questions along the way you may contact me directly at 866-333-0989 Extension 4864, send me an email with any questions you might have or contact your preferred ACT! Certified Consultant.",37,209
3364,Yes,1,"If you have a question that we haven't addressed, let us know and we can help you track down an answer!","If you have a question that we haven't addressed, let us know and we can help you track down an answer!",21,103
3365,Yes,1,If you have had any problems we're here to help; you can call us ($NUM) $NUM or write to us at $EMAIL.,If you have had any problems we're here to help; you can call us (866) 757-7752 or write to us at support@imore.com.,22,102
3366,Yes,1,"If you know somebody who is interested in helping me with either the iPad or Mac version, please send me an e-mail.","If you know somebody who is interested in helping me with either the iPad or Mac version, please send me an e-mail.",22,115
3367,Yes,1,"If you need additional help, visit Apple Support.","If you need additional help, visit Apple Support.",8,49
3368,Yes,1,"If you want it to label & archive, simply turn this option on.","If you want it to label & archive, simply turn this option on.",13,62
3369,Yes,1,"If you want our personal guidance in building your own software business, you need to hustle right now.","If you want our personal guidance in building your own software business, you need to hustle right now.",18,103
3370,Yes,1,"If you want to learn how to turn social data into a strategic advantage, join some of the brightest minds in social by registering today for Social Data Week $NUM.","If you want to learn how to turn social data into a strategic advantage, join some of the brightest minds in social by registering today for Social Data Week 2013.",30,163
3371,Yes,1,"If you want to retrieve your data stored on ZumoDrive, we strongly recommend you take action as soon as possible to download it.","If you want to retrieve your data stored on ZumoDrive, we strongly recommend you take action as soon as possible to download it.",23,128
3372,Yes,1,"If you would like me to attend and think that it would be useful, just let me know.","If you would like me to attend and think that it would be useful, just let me know.",18,83
3373,Yes,1,"If you would like to add a prediction or two, please send an e-mail with your name and contact information to Hope Duncan at $EMAIL","If you would like to add a prediction or two, please send an e-mail with your name and contact information to Hope Duncan at hduncan@caem.org",25,131
3374,Yes,1,"If you would like to prevent this, just log into historious or historify something in the next month.","If you would like to prevent this, just log into historious or historify something in the next month.",18,101
3375,Yes,1,"If you'd like to de-brief on my marathon with Kasler, just give a holler.","If you'd like to de-brief on my marathon with Kasler, just give a holler.",14,73
3376,Yes,1,"If you'd like to retrieve your data, such as stacked articles, simply drop me an email at $EMAIL","If you'd like to retrieve your data, such as stacked articles, simply drop me an email at temo@factyle.com",18,96
3377,Yes,1,"If you're eligible for the offer, fill out your tax return, stopping short of computing certain totals, and send it in by April $NUM.","If you're eligible for the offer, fill out your tax return, stopping short of computing certain totals, and send it in by April 16.",24,133
3378,Yes,1,"If you're not going to Sac on Monday, coffee in SF during work hours works.","If you're not going to Sac on Monday, coffee in SF during work hours works.",15,75
3379,Yes,1,"If you're not very familiar with these $NUM themes, check them out on App World and go ahead, grab at least one for a super cool $$NUM!","If you're not very familiar with these 3 themes, check them out on App World and go ahead, grab at least one for a super cool $2.99!",27,135
3380,Yes,1,"If you're overweight, try to keep it to $NUM pounds.","If you're overweight, try to keep it to 15-25 pounds.",10,52
3381,Yes,1,Important update: We have released $NUM new versions on Android & Apple App - Please update your apps today to get the latest & greatest features and performance from Gyft!,Important update: We have released 2 new versions on Android & Apple App - Please update your apps today to get the latest & greatest features and performance from Gyft!,30,172
3382,Yes,1,"Improved audio player with +/- 15s buttons.For more information on any of these features, please visit $LINK","Improved audio player with +/- 15s buttons.For more information on any of these features, please visit www.stratospherix.com",17,108
3383,Yes,1,"In addition, we would like the opportunity to meet with you before hand.","In addition, we would like the opportunity to meet with you before hand.",13,72
3384,Yes,1,"In case of installation problems, please contact the vendor for help!","In case of installation problems, please contact the vendor for help!",11,69
3385,Yes,1,"In order to account for the same day change at Katy, please schedule the following deals for $NUM/$NUM/$NUM only:","In order to account for the same day change at Katy, please schedule the following deals for 7/24/00 only:",19,113
3386,Yes,1,"In the event I can't make to either class, I'm available Wed and Thur evening to discuss the next case.","In the event I can't make to either class, I'm available Wed and Thur evening to discuss the next case.",20,103
3387,Yes,1,In the future please make sure you copy me on any e-mails pertaining to meetings or business lunches in which Mark Haedicke should participate.,In the future please make sure you copy me on any e-mails pertaining to meetings or business lunches in which Mark Haedicke should participate.,24,143
3388,Yes,1,Ina: could you please get me access to ECT Trading on the O drive?,Ina: could you please get me access to ECT Trading on the O drive?,14,66
3389,Yes,1,Is there a chance of setting up a call-in number for these meetings?,Is there a chance of setting up a call-in number for these meetings?,13,68
3390,Yes,1,Is there an agenda for the meeting on the 5th?,Is there an agenda for the meeting on the 5th?,10,46
3391,Yes,1,Is there one for this week?,Is there one for this week?,6,27
3392,Yes,1,Is this case due today or next Monday?,Is this case due today or next Monday?,8,38
3393,Yes,1,It seems to me that we should try again to get those on the list that are not already members to join ISDA.,It seems to me that we should try again to get those on the list that are not already members to join ISDA.,23,107
3394,Yes,1,It was great to meet you and I would be happy to discuss opportunities.,It was great to meet you and I would be happy to discuss opportunities.,14,71
3395,Yes,1,It would be extremely useful if the folks participating in the meeting on Thursday with the Governor let him know that taking choices away from businesses and customers is the wrong way to go and that he and the legislative leaders need to work with the coalition to fix it.,It would be extremely useful if the folks participating in the meeting on Thursday with the Governor let him know that taking choices away from businesses and customers is the wrong way to go and that he and the legislative leaders need to work with the coalition to fix it.,50,274
3396,Yes,1,"Janet, any thoughts - do we have excess development staff - this would be a good opportunity for the brave at heart.","Janet, any thoughts - do we have excess development staff - this would be a good opportunity for the brave at heart.",22,116
3397,Yes,1,"Jeanne, while your at it, could you get us a new Governor?","Jeanne, while your at it, could you get us a new Governor?",12,58
3398,Yes,1,"Jeff, I'm out all next week, just call Joann and she will get the pricing and enter the deals.","Jeff, I'm out all next week, just call Joann and she will get the pricing and enter the deals.",19,94
3399,Yes,1,"Jeff, lets try to get consensus in how the east desk might work and then discuss next steps at that point.","Jeff, lets try to get consensus in how the east desk might work and then discuss next steps at that point.",21,106
3400,Yes,1,"Jim has mentioned a meeting next week with all of us to talk about strategy, etc. over the next many months.","Jim has mentioned a meeting next week with all of us to talk about strategy, etc. over the next many months.",21,108
3401,Yes,1,"Jim, I am also curious where you are in your thoughts and plans given your new role.","Jim, I am also curious where you are in your thoughts and plans given your new role.",17,84
3402,Yes,1,"Jim, can you send me hard copies - I am having trouble opening these reports.","Jim, can you send me hard copies - I am having trouble opening these reports.",15,77
3403,Yes,1,Jim: You available to talk at $NUM:$NUM Houston time re: how to stop the next attempt at the ISO board to lower the price caps further?,Jim: You available to talk at 9:30 Houston time re: how to stop the next attempt at the ISO board to lower the price caps further?,26,135
3404,Yes,1,"Joann, you may need to get with Chris Ordway on this.","Joann, you may need to get with Chris Ordway on this.",11,53
3405,Yes,1,"Joe is expecting your call, Jim, and David you might want to follow up and invite him to lunch.","Joe is expecting your call, Jim, and David you might want to follow up and invite him to lunch.",19,95
3406,Yes,1,Join me at $LINK,Join me at $LINK,4,16
3407,Yes,1,"Join me on Peel to get personalized TV recommendations, see my Guilty Pleasures, and make your TV social: $LINK","Join me on Peel to get personalized TV recommendations, see my Guilty Pleasures, and make your TV social: $LINK",19,111
3408,Yes,1,Join the event now.,Join the event now.,4,19
3409,Yes,1,Join the streaming presentation now.,Join the streaming presentation now.,5,36
3410,Yes,1,Join the webinar now.,Join the webinar now.,4,21
3411,Yes,1,Just a reminder to send me a currency report.,Just a reminder to send me a currency report.,9,45
3412,Yes,1,"Just reply to this email and we'll hop to it, or you can take a super quick survey if you prefer: $LINK","Just reply to this email and we'll hop to it, or you can take a super quick survey if you prefer: $LINK",22,103
3413,Yes,1,Just send me a quick email if you want to look at the sales page and what everyone is saying about it... Popular would be an understatement.,Just send me a quick email if you want to look at the sales page and what everyone is saying about it... Popular would be an understatement.,27,140
3414,Yes,1,Kay please schedule.,Kay please schedule.,3,20
3415,Yes,1,"Kay, please book $NUM:$NUM am to $NUM:$NUM pm with me Mike Miller & Don Miller with Mike Childers (Entergy) (actually $NUM am to 1pm not including travel time to their shop in the Woodlands) on September $NUM, $NUM.","Kay, please book 9:00 am to 2:00 pm with me Mike Miller & Don Miller with Mike Childers (Entergy) (actually 10 am to 1pm not including travel time to their shop in the Woodlands) on September 5, 2000.",38,215
3416,Yes,1,Keep me in the loop and get MKM's group in at the appropriate time (far enough in advance of us submitting a bid that they can opine on the valuation).,Keep me in the loop and get MKM's group in at the appropriate time (far enough in advance of us submitting a bid that they can opine on the valuation).,30,151
3417,Yes,1,Keep me posted tomorrow on any news that you hear from Mike Jordan regarding their baby.,Keep me posted tomorrow on any news that you hear from Mike Jordan regarding their baby.,16,88
3418,Yes,1,"Ken, in response to the letter from Mr Miguel San Juan, my suggestion would be to offer up the Falcon for their use; however, given the tight time frame and your recent visit with Mr. Fox that it would be difficult for either you or me to participate.","Ken, in response to the letter from Mr Miguel San Juan, my suggestion would be to offer up the Falcon for their use; however, given the tight time frame and your recent visit with Mr. Fox that it would be difficult for either you or me to participate.",48,251
3419,Yes,1,"Ken, would you be willing to meet with our team?","Ken, would you be willing to meet with our team?",10,48
3420,Yes,1,"Ladies and gentlemen, please welcome the **Moodstocks SDK v3.$NUM**!","Ladies and gentlemen, please welcome the **Moodstocks SDK v3.6**!",9,68
3421,Yes,1,"Larry, go get 'em.","Larry, go get 'em.",4,18
3422,Yes,1,Leave a review and let me know what you like/dislike about List! Tap the Support cell on the Home screen,Leave a review and let me know what you like/dislike about List! Tap the Support cell on the Home screen,20,104
3423,Yes,1,"Leo, for my weekly report please use the following:","Leo, for my weekly report please use the following:",9,51
3424,Yes,1,Leslie: Can you attend this meeting for me?,Leslie: Can you attend this meeting for me?,8,43
3425,Yes,1,Let me know - Mom,Let me know - Mom,5,17
3426,Yes,1,Let me know of any revisions you want.,Let me know of any revisions you want.,8,38
3427,Yes,1,Let me know what you think and I will send it to Randy O.,Let me know what you think and I will send it to Randy O.,14,57
3428,Yes,1,Let me know when it goes out and get a copy to the group (particulary Shelley who might have to cover press inquiries if PG&E squawks.),Let me know when it goes out and get a copy to the group (particulary Shelley who might have to cover press inquiries if PG&E squawks.),26,135
3429,Yes,1,Let me know when you have a few minutes ( any time after 2pm).,Let me know when you have a few minutes ( any time after 2pm).,14,62
3430,Yes,1,Let me know which companies are not providing Enron with timely allocation reports at Socal and I will call their senior trader to discuss getting this operational information sooner.,Let me know which companies are not providing Enron with timely allocation reports at Socal and I will call their senior trader to discuss getting this operational information sooner.,29,183
3431,Yes,1,Let me know your success stories.,Let me know your success stories.,6,33
3432,Yes,1,Let me see what you come up with after discussing with Presto et al.,Let me see what you come up with after discussing with Presto et al.,14,68
3433,Yes,1,Let us know how we can help you along this journey.,Let us know how we can help you along this journey.,11,51
3434,Yes,1,"Let us know how we can help you, your co-workers, or computer-savvy pets go paperless.","Let us know how we can help you, your co-workers, or computer-savvy pets go paperless.",15,86
3435,Yes,1,Let;s you and I chat this afternoon about getting reimburse from Oglethorpe on Transco.,Let;s you and I chat this afternoon about getting reimburse from Oglethorpe on Transco.,14,87
3436,Yes,1,Lets discuss ASAP.,Lets discuss ASAP.,3,18
3437,Yes,1,Lets discuss at your earliest convenience.,Lets discuss at your earliest convenience.,6,42
3438,Yes,1,Lets discuss further before we approach ENA.,Lets discuss further before we approach ENA.,7,44
3439,Yes,1,"Lets set up this discussion with the following points: a) we are not exiting Argentina; b) we need to right-size the overall organization to fit the business opportunity; c) if possible on the commercial front, I would like to consolidate intellectual assets to one location in order to generate greater productivity, increased team work, a flatter org chart, real time decision making and greater communication; d) we need to continue to maintain a strong presence (including customer coverage) in both markets including an office in Argentina; and e) I would like to consolidate all non-commercial activity for ESA to Sao Paulo.","Lets set up this discussion with the following points: a) we are not exiting Argentina; b) we need to right-size the overall organization to fit the business opportunity; c) if possible on the commercial front, I would like to consolidate intellectual assets to one location in order to generate greater productivity, increased team work, a flatter org chart, real time decision making and greater communication; d) we need to continue to maintain a strong presence (including customer coverage) in both markets including an office in Argentina; and e) I would like to consolidate all non-commercial activity for ESA to Sao Paulo.",101,630
3440,Yes,1,Lets take the earliest opporunity to discuss this.,Lets take the earliest opporunity to discuss this.,8,50
3441,Yes,1,Looks good to me--I think you ought to have them file it asap.,Looks good to me--I think you ought to have them file it asap.,13,62
3442,Yes,1,"Mark, go ahead and set up the meeting.","Mark, go ahead and set up the meeting.",8,38
3443,Yes,1,"Mark, note the feedback from the AA's, it is imperative that we get a handle on this!","Mark, note the feedback from the AA's, it is imperative that we get a handle on this!",17,85
3444,Yes,1,Maybe we can have lunch or something.,Maybe we can have lunch or something.,7,37
3445,Yes,1,Meet other Members in Columbus and contact them now.,Meet other Members in Columbus and contact them now.,9,52
3446,Yes,1,Mike: Could you please forward a copy of the document listed below to Ms Cantrell?,Mike: Could you please forward a copy of the document listed below to Ms Cantrell?,15,82
3447,Yes,1,"Milly is ok; however, I would like a quick read of the document once you send a hard copy up...","Milly is ok; however, I would like a quick read of the document once you send a hard copy up...",20,95
3448,Yes,1,Need to get people together for this event?,Need to get people together for this event?,8,43
3449,Yes,1,"Nit Noi sounds good to me tonight, if we don't eat out of the fridge.","Nit Noi sounds good to me tonight, if we don't eat out of the fridge.",15,69
3450,Yes,1,Note: Please do not open the zip file.,Note: Please do not open the zip file.,8,38
3451,Yes,1,Note: please use a good password and keep it in a safe place,Note: please use a good password and keep it in a safe place,13,60
3452,Yes,1,On Friday we can meet at the restaurant.,On Friday we can meet at the restaurant.,8,40
3453,Yes,1,"On Garden State matters, how do you want to handle the signing of documents?","On Garden State matters, how do you want to handle the signing of documents?",14,76
3454,Yes,1,"On the communication front, we will have weekly calls with him a nd the weather group to make sure that we are all on the same page and he is u p to speed with where we are going.","On the communication front, we will have weekly calls with him a nd the weather group to make sure that we are all on the same page and he is u p to speed with where we are going.",39,179
3455,Yes,1,"Once the questionnaires have been completed, please return them to me via e-mail at $EMAIL.","Once the questionnaires have been completed, please return them to me via e-mail at alexa.r.cutter@us.andersen.com.",15,91
3456,Yes,1,"Once you get the original back, please send to me for my files.","Once you get the original back, please send to me for my files.",13,63
3457,Yes,1,Open Glyder to get the templates and try them in your customer communications this week:,Open Glyder to get the templates and try them in your customer communications this week:,15,88
3458,Yes,1,Or are we just going to call them from the conference room?,Or are we just going to call them from the conference room?,12,59
3459,Yes,1,Or would you prefer that everyone simply contribute to the gift basket?,Or would you prefer that everyone simply contribute to the gift basket?,12,71
3460,Yes,1,"Or, can we schedule more than one in a day?","Or, can we schedule more than one in a day?",10,43
3461,Yes,1,"Our apologies, please ignore it.","Our apologies, please ignore it.",5,32
3462,Yes,1,PLEASE KEEP THIS BUSINESS CONFIDENTIAL TO AVOID COMPLICATION which may mar our plans.,PLEASE KEEP THIS BUSINESS CONFIDENTIAL TO AVOID COMPLICATION which may mar our plans.,13,85
3463,Yes,1,"Paste the link (usually by clicking ""Paste"" in the ""Edit"" menu), and then press Enter or Return on your keyboard.","Paste the link (usually by clicking ""Paste"" in the ""Edit"" menu), and then press Enter or Return on your keyboard.",20,113
3464,Yes,1,"Perhaps we could have lunch, or something, and you could fill me in on what you folks do.","Perhaps we could have lunch, or something, and you could fill me in on what you folks do.",18,89
3465,Yes,1,"Peter, let's set aside at least one-half hour to talk about the approval process and general communication and any issues you want to.","Peter, let's set aside at least one-half hour to talk about the approval process and general communication and any issues you want to.",23,134
3466,Yes,1,"Phil, it was a pleasure to meet y ou and I look forward to working together.","Phil, it was a pleasure to meet y ou and I look forward to working together.",16,76
3467,Yes,1,Pick the ones you want to keep ;)$NUM photos from Paris ==,Pick the ones you want to keep ;)496 photos from Paris ==,12,58
3468,Yes,1,Place your order by Dec. 17th to ensure your AT&T devices arrive on time.,Place your order by Dec. 17th to ensure your AT&T devices arrive on time.,14,73
3469,Yes,1,"Please be sure to connect Tom and Nancy, since I had a discussion with her about CA gas and had this stuff sent to her.","Please be sure to connect Tom and Nancy, since I had a discussion with her about CA gas and had this stuff sent to her.",25,119
3470,Yes,1,Please call me when you get a chance to discuss a response (if any).,Please call me when you get a chance to discuss a response (if any).,14,68
3471,Yes,1,Please confirm this is your phone number and your email address by clicking on this following link:$LINK .,Please confirm this is your phone number and your email address by clicking on this following link:$LINK .,18,106
3472,Yes,1,Please confirm your email address by clicking this link and you're ready to go.,Please confirm your email address by clicking this link and you're ready to go.,14,79
3473,Yes,1,Please copy and paste the URL below into your browser to claim ownership and activate this e-mail address:,Please copy and paste the URL below into your browser to claim ownership and activate this e-mail address:,18,106
3474,Yes,1,Please do NOT assume that the IP-address is the same as it was when your were connection the last time.,Please do NOT assume that the IP-address is the same as it was when your were connection the last time.,20,103
3475,Yes,1,Please keep in mind that this rate quote is based on information you provided at the time you obtained your quote.,Please keep in mind that this rate quote is based on information you provided at the time you obtained your quote.,21,114
3476,Yes,1,Please let him know I'm worried and I love you both.,Please let him know I'm worried and I love you both.,11,52
3477,Yes,1,Please let us know where we may be able to access this report when it becomes available.,Please let us know where we may be able to access this report when it becomes available.,17,88
3478,Yes,1,Please make certain that the pg&e topock curves are flat to socal in the future.,Please make certain that the pg&e topock curves are flat to socal in the future.,15,80
3479,Yes,1,"Please make contact with the gem broker below and set a time where I can meet him and look at some topaz, emeralds and opals.","Please make contact with the gem broker below and set a time where I can meet him and look at some topaz, emeralds and opals.",25,125
3480,Yes,1,Please make it happy again and ship it back up.,Please make it happy again and ship it back up.,10,47
3481,Yes,1,Please make sure that your command message is sent in plain text or multipart/alternative text and html.,Please make sure that your command message is sent in plain text or multipart/alternative text and html.,17,104
3482,Yes,1,Please read: You are invited to enter the $$NUM Apple Sweepstakes.,"Please read: You are invited to enter the $1,000 Apple Sweepstakes.",11,66
3483,Yes,1,Please review and give me you comments.,Please review and give me you comments.,7,39
3484,Yes,1,Please review and give your comments to Bob.,Please review and give your comments to Bob.,8,44
3485,Yes,1,"Please submit all documentation at one time, partial documentation will not be accepted!","Please submit all documentation at one time, partial documentation will not be accepted!",13,88
3486,Yes,1,Possible for you guys to come up next Wednesday night and we can do a quick clean up on Thursday.,Possible for you guys to come up next Wednesday night and we can do a quick clean up on Thursday.,20,97
3487,Yes,1,Possible to meet this weekend to discuss the project?,Possible to meet this weekend to discuss the project?,9,53
3488,Yes,1,Prospective students should discuss these options with a school representative.,Prospective students should discuss these options with a school representative.,10,79
3489,Yes,1,"Quick, give me a cheap stock that looks promising.","Quick, give me a cheap stock that looks promising.",9,50
3490,Yes,1,Really looking forward to discussing further.,Really looking forward to discussing further.,6,45
3491,Yes,1,"Remember, I am not a technologist and therefore can't discuss technology specific applications just the business concepts and potential ideas and opportunities.","Remember, I am not a technologist and therefore can't discuss technology specific applications just the business concepts and potential ideas and opportunities.",22,160
3492,Yes,1,"Remember, I am only allowing $NUM students in at this time as I try to keep my classes/teams small.","Remember, I am only allowing 100 students in at this time as I try to keep my classes/teams small.",19,99
3493,Yes,1,"Remember, you need to keep track of all of this on your $NUM accomplishments for your year end review.","Remember, you need to keep track of all of this on your 2000 accomplishments for your year end review.",19,102
3494,Yes,1,Retweet if you want to be part of our social experiment!,Retweet if you want to be part of our social experiment!,11,56
3495,Yes,1,Rick's asked me to attend the meeting at the Woodlands tomorrow.,Rick's asked me to attend the meeting at the Woodlands tomorrow.,11,64
3496,Yes,1,"Rick, please send me the schedule so I can foward it on to our lead trader in Japan.","Rick, please send me the schedule so I can foward it on to our lead trader in Japan.",18,84
3497,Yes,1,"Rob, can you discuss with the other groups to appropriately sort out the corporate opportunity (ie) Laura, Hunter, etc.","Rob, can you discuss with the other groups to appropriately sort out the corporate opportunity (ie) Laura, Hunter, etc.",19,119
3498,Yes,1,Rob: How can we get some relief on this issue?,Rob: How can we get some relief on this issue?,10,46
3499,Yes,1,"Scott, please get personally involved in selecting a Punder lawyer that will take his place in meetings with customers and regulators.","Scott, please get personally involved in selecting a Punder lawyer that will take his place in meetings with customers and regulators.",21,134
3500,Yes,1,"See email, too.","See email, too.",3,15
3501,Yes,1,See me to make sure I wrote it in properly,See me to make sure I wrote it in properly,10,42
3502,Yes,1,See what you think when you get a second.,See what you think when you get a second.,9,41
3503,Yes,1,Send me the name of that book on flyfishing in the Hills--I want to see if I can get it on Amazon.,Send me the name of that book on flyfishing in the Hills--I want to see if I can get it on Amazon.,22,98
3504,Yes,1,Send this contact to the email accounts from which you want to create Notes By Email.,Send this contact to the email accounts from which you want to create Notes By Email.,16,85
3505,Yes,1,"Set a reminder for Thursday, November $NUM, $NUM:$NUM AM CST!","Set a reminder for Thursday, November 28, 9:00 AM CST!",10,61
3506,Yes,1,"Shawn, go ahead and give Dave a call to discuss strategy, resources and approach.","Shawn, go ahead and give Dave a call to discuss strategy, resources and approach.",14,81
3507,Yes,1,"Shawn, just a little buried - why don't you come by on Monday.","Shawn, just a little buried - why don't you come by on Monday.",13,62
3508,Yes,1,"She's up for golf, so expect us Saturday night.","She's up for golf, so expect us Saturday night.",9,47
3509,Yes,1,"Sheila says you won't be here quite that soon, but it would be very helpful if you could join us once you get here.","Sheila says you won't be here quite that soon, but it would be very helpful if you could join us once you get here.",24,115
3510,Yes,1,Should legal counsel be in attendance?,Should legal counsel be in attendance?,6,38
3511,Yes,1,Should we call your room or meet you somewhere?,Should we call your room or meet you somewhere?,9,47
3512,Yes,1,Simply select the type of device you would like to make a prototype for then view it on that device at full-width or within a device frame on any computer.,Simply select the type of device you would like to make a prototype for then view it on that device at full-width or within a device frame on any computer.,30,155
3513,Yes,1,"Since CMA is going to ask for clarification, I would suggest that we remain silent and focus on the other rate design/cost allocation issues, e.g., equity, no cross subsidies.","Since CMA is going to ask for clarification, I would suggest that we remain silent and focus on the other rate design/cost allocation issues, e.g., equity, no cross subsidies.",29,175
3514,Yes,1,"Since the deadline for this application is tomorrow, and I have yet to receive this e-mail, I would appreciate you contacting me by phone in order to verify my inclusion.","Since the deadline for this application is tomorrow, and I have yet to receive this e-mail, I would appreciate you contacting me by phone in order to verify my inclusion.",30,170
3515,Yes,1,So please take the lead in proposing changes for the legal team and propose the changes to me so we can get it done.,So please take the lead in proposing changes for the legal team and propose the changes to me so we can get it done.,24,116
3516,Yes,1,"So, I need you to get the following information for Lone Star, Williams, and Apache:","So, I need you to get the following information for Lone Star, Williams, and Apache:",15,84
3517,Yes,1,"So, why don't you check with Gas Control to see if they know why vol was delivered on that day.","So, why don't you check with Gas Control to see if they know why vol was delivered on that day.",20,95
3518,Yes,1,Some content and services have specific hardware or software requirements; please review product information before purchasing.,Some content and services have specific hardware or software requirements; please review product information before purchasing.,16,127
3519,Yes,1,Start buying N-M citygate index this week.,Start buying N-M citygate index this week.,7,42
3520,Yes,1,"Starting tonight, will you add NGW to the monthly bidweek email and index postings.","Starting tonight, will you add NGW to the monthly bidweek email and index postings.",14,83
3521,Yes,1,TRY NOW: $LINK,TRY NOW: $LINK,3,14
3522,Yes,1,Talk to you on the $NUM:$NUM call tomorrow.,Talk to you on the 8:30 call tomorrow.,8,43
3523,Yes,1,Talk to you on the call tomorrow.,Talk to you on the call tomorrow.,7,33
3524,Yes,1,"Tammy, are you getting copies of all these reports for the book?","Tammy, are you getting copies of all these reports for the book?",12,64
3525,Yes,1,Tell Beverly or Kay to make time for next week if Mr Forster can make it.,Tell Beverly or Kay to make time for next week if Mr Forster can make it.,16,73
3526,Yes,1,"Tell Dan that a glacier moves forward, not backward.","Tell Dan that a glacier moves forward, not backward.",9,52
3527,Yes,1,Tell Hellman if I snowboard like a girl then he skies like my grandmother !!,Tell Hellman if I snowboard like a girl then he skies like my grandmother !!,15,76
3528,Yes,1,"Thanks, please work with Travis as I asked to take the lead on developing the conference.","Thanks, please work with Travis as I asked to take the lead on developing the conference.",16,89
3529,Yes,1,"Thanx John, I look forward to seeing you at the Doubletree for dinner on the night of the September $NUM. Let me know your traveling plans","Thanx John, I look forward to seeing you at the Doubletree for dinner on the night of the September 3. Let me know your traveling plans",26,138
3530,Yes,1,"Then, as quickly as possible, I'd like to have a meeting to discuss and finalize the proposal.","Then, as quickly as possible, I'd like to have a meeting to discuss and finalize the proposal.",17,94
3531,Yes,1,This is a $NUM% legit opportunity - please don't pass this by.,This is a 100% legit opportunity - please don't pass this by.,12,62
3532,Yes,1,This is a discussion topic that I want your input on for next year.,This is a discussion topic that I want your input on for next year.,14,67
3533,Yes,1,"This is the last version compatible with iOS $NUM. To keep receiving further updates, please upgrade to iOS $NUM or higher.","This is the last version compatible with iOS 5. To keep receiving further updates, please upgrade to iOS 6 or higher.",21,123
3534,Yes,1,This takes a few minutes so if you'd like to see a payment this week you need to take $NUM minutes to do this.,This takes a few minutes so if you'd like to see a payment this week you need to take 3 minutes to do this.,24,110
3535,Yes,1,"To access Cash Extractor, please see the info below:","To access Cash Extractor, please see the info below:",9,52
3536,Yes,1,"To avoid any loss in service, please login, complete the payment information to activate your full service.","To avoid any loss in service, please login, complete the payment information to activate your full service.",17,107
3537,Yes,1,"To begin the online administration process, you will need the following Internet address and Password(s).","To begin the online administration process, you will need the following Internet address and Password(s).",15,105
3538,Yes,1,"To better understand all your options, please have a look at page:","To better understand all your options, please have a look at page:",12,66
3539,Yes,1,"To complete the sign-up process, please follow this link:","To complete the sign-up process, please follow this link:",9,57
3540,Yes,1,"To complete your account activation, please enter the PIN in the Ladytimer app on your phone.","To complete your account activation, please enter the PIN in the Ladytimer app on your phone.",16,93
3541,Yes,1,"To complete your registration, please visit this url: $LINK","To complete your registration, please visit this url: $LINK",9,59
3542,Yes,1,"To find your favorites, please browse our Featured, Top Sellers, or category-specific titles such as Science & Tech, News, Sports, Home and Lifestyle.","To find your favorites, please browse our Featured, Top Sellers, or category-specific titles such as Science & Tech, News, Sports, Home and Lifestyle.",23,150
3543,Yes,1,"To increase the iTunes sales of your songs, please make sure to add a link to buy on iTunes to all songs you have added to Bander that are available for purchase in iTunes.","To increase the iTunes sales of your songs, please make sure to add a link to buy on iTunes to all songs you have added to Bander that are available for purchase in iTunes.",34,172
3544,Yes,1,"To indicate that you would rather not be contacted by this marketing partner, please follow the link below.","To indicate that you would rather not be contacted by this marketing partner, please follow the link below.",18,107
3545,Yes,1,"To know more, please log on to $LINK","To know more, please log on to www.outlook.mobilereflex.com",8,36
3546,Yes,1,"To learn how Apple collects, uses, and safeguards the personal information you provide, please review the Apple Customer Privacy Policy .","To learn how Apple collects, uses, and safeguards the personal information you provide, please review the Apple Customer Privacy Policy .",21,137
3547,Yes,1,"To learn how to transfer photos out of your Revel account before the grace period ends, please see the steps on this Revel Get Satisfaction page:","To learn how to transfer photos out of your Revel account before the grace period ends, please see the steps on this Revel Get Satisfaction page:",26,145
3548,Yes,1,To log in to the Control Panel please visit:,To log in to the Control Panel please visit:,9,44
3549,Yes,1,To login to your back office please use the following information:,To login to your back office please use the following information:,11,66
3550,Yes,1,"To no longer receive messages, please update your preferences below.","To no longer receive messages, please update your preferences below.",10,68
3551,Yes,1,"To opt out of future promotional messages, please go here: $LINK","To opt out of future promotional messages, please go here: $LINK",11,64
3552,Yes,1,To opt-out from email please forward this email as it is to $EMAIL,To opt-out from email please forward this email as it is to admin@tugbiz.com,13,66
3553,Yes,1,"To participate for the gas card before it's too late, please follow this link:","To participate for the gas card before it's too late, please follow this link:",14,78
3554,Yes,1,"To read more about the new PhoneWeaver for Android with repeating alarms support, PIN number automation and more please visit the following link:","To read more about the new PhoneWeaver for Android with repeating alarms support, PIN number automation and more please visit the following link:",23,145
3555,Yes,1,"To register for this event, please reply to this email including your Name, Title, Company, Address, and Telephone Number in the body of your message.","To register for this event, please reply to this email including your Name, Title, Company, Address, and Telephone Number in the body of your message.",25,150
3556,Yes,1,"To register, call the library at $NUM and ask for John Malar, or send an email to $EMAIL.","To register, call the library at 908-709-7272 and ask for John Malar, or send an email to library@cranfordnj.org.",18,89
3557,Yes,1,"To review our Terms & Conditions as well as our Privacy Policy, please visit:","To review our Terms & Conditions as well as our Privacy Policy, please visit:",14,77
3558,Yes,1,"To send us some feedback about the process and to ask any more questions you may have as to why you were sent this, please send us a note to $EMAIL.","To send us some feedback about the process and to ask any more questions you may have as to why you were sent this, please send us a note to support@kiip.me.",31,148
3559,Yes,1,"To start using our services, please activate your account:","To start using our services, please activate your account:",9,58
3560,Yes,1,"To stop receiving these notifications, please log in to $LINK","To stop receiving these notifications, please log in to $LINK",10,61
3561,Yes,1,"To use this service, please register your card and mobile number online at GreenDot.com.","To use this service, please register your card and mobile number online at GreenDot.com.",14,88
3562,Yes,1,"To verify that your vehicle, driver, and payment information are current, please log into your policy at:","To verify that your vehicle, driver, and payment information are current, please log into your policy at:",17,105
3563,Yes,1,"To verify your profile and accept the candidacy, please visit here.","To verify your profile and accept the candidacy, please visit here.",11,67
3564,Yes,1,"To view it online, please go here:","To view it online, please go here:",7,34
3565,Yes,1,"To view savings on your oil changes, please move message to the inbox.","To view savings on your oil changes, please move message to the inbox.",13,70
3566,Yes,1,"To view the message, please use an HTML compatible email viewer!","To view the message, please use an HTML compatible email viewer!",11,64
3567,Yes,1,"Tricia, Please send these to Kristen Clause in the future.","Tricia, Please send these to Kristen Clause in the future.",10,58
3568,Yes,1,Try it out now on the following example.,Try it out now on the following example.,8,40
3569,Yes,1,"Twanda, please calendar.","Twanda, please calendar.",3,24
3570,Yes,1,"Twanda, please get this on my calendar.","Twanda, please get this on my calendar.",7,39
3571,Yes,1,"Twanda, please prepare a consulting agreement.","Twanda, please prepare a consulting agreement.",6,46
3572,Yes,1,"Type the text you want to search in the find field in search bar, the page will automatically scroll to the first occurrence of the text.","Type the text you want to search in the find field in search bar, the page will automatically scroll to the first occurrence of the text.",26,137
3573,Yes,1,Use LED when you want to reduce your carbon footprint.,Use LED when you want to reduce your carbon footprint.,10,54
3574,Yes,1,Verifying this address will let you receive notifications and password resets from GitHub.,Verifying this address will let you receive notifications and password resets from GitHub.,13,90
3575,Yes,1,"Vicki: I'll assume that for the meeting tomorrow, you folks will call me at my office number--$NUM.","Vicki: I'll assume that for the meeting tomorrow, you folks will call me at my office number--415.782.7822.",17,99
3576,Yes,1,Visit the link below to enter your billing details now and reactivate your account.,Visit the link below to enter your billing details now and reactivate your account.,14,83
3577,Yes,1,Want to try our new web player?,Want to try our new web player?,7,31
3578,Yes,1,Watch it and tell me what you think.,Watch it and tell me what you think.,8,36
3579,Yes,1,Wayne can you set up a meeting for the four of us over the next few weeks.,Wayne can you set up a meeting for the four of us over the next few weeks.,17,74
3580,Yes,1,"We are going to the Astro's game tonight, so it would be very easy for one of us (probably Neil) to pick Michael up at your place, probably after $NUM.","We are going to the Astro's game tonight, so it would be very easy for one of us (probably Neil) to pick Michael up at your place, probably after 630.",30,151
3581,Yes,1,We are ok for $NUM:$NUM on Sunday,We are ok for 8:15 on Sunday,7,33
3582,Yes,1,We are packing up PaPa's stuff on Saturday if you want to come by and hang out.,We are packing up PaPa's stuff on Saturday if you want to come by and hang out.,17,79
3583,Yes,1,"We are supposed to try to have the break out contract by April $NUM, and I think the consents and stuff that same week.","We are supposed to try to have the break out contract by April 11, and I think the consents and stuff that same week.",24,119
3584,Yes,1,"We believe this stuff matters, so please take a few minutes to read our updated Privacy Policy and Terms of Service at $LINK","We believe this stuff matters, so please take a few minutes to read our updated Privacy Policy and Terms of Service at $LINK",23,124
3585,Yes,1,"We do normally have a very full agenda but if you'll leave me your information, I'll try to stop and say hello.","We do normally have a very full agenda but if you'll leave me your information, I'll try to stop and say hello.",22,111
3586,Yes,1,"We have a lot of updates planned, please tell your friends about our new app.","We have a lot of updates planned, please tell your friends about our new app.",15,77
3587,Yes,1,We have dinner reservations for Saturday at $NUM:$NUM.,We have dinner reservations for Saturday at 7:30.,8,54
3588,Yes,1,We have dinner reservations for Tuesday the 24th at $NUM:$NUM pm.,We have dinner reservations for Tuesday the 24th at 7:30 pm.,11,65
3589,Yes,1,We need to make sure that this kind of communication conitinues to flow downstream.,We need to make sure that this kind of communication conitinues to flow downstream.,14,83
3590,Yes,1,We should also get back to the cash strategy of the desk each morning.,We should also get back to the cash strategy of the desk each morning.,14,70
3591,Yes,1,"We welcome your feedback at any time, so please let us know how we are doing at @bookvibe or $EMAIL.","We welcome your feedback at any time, so please let us know how we are doing at @bookvibe or feedback@bookvibe.com.",20,100
3592,Yes,1,We would like to have the conference call at $NUM CST on Sunday.,We would like to have the conference call at 200 CST on Sunday.,13,64
3593,Yes,1,We would very much like to speak to you regarding your planned role in Netco and the direction you think the company will take.,We would very much like to speak to you regarding your planned role in Netco and the direction you think the company will take.,24,127
3594,Yes,1,We'd love to hear from you! Please email us at $EMAIL or tweet us: $LINK,We'd love to hear from you! Please email us at questions@rockmelt.com or tweet us: $LINK,15,72
3595,Yes,1,We're excited to let you know that there's new Clinique makeup at the next page which you can get for $$NUM! Sign up for your makeup right away and give yourself the look you deserve.,We're excited to let you know that there's new Clinique makeup at the next page which you can get for $0! Sign up for your makeup right away and give yourself the look you deserve.,35,183
3596,Yes,1,Week after next would be best for lunch.,Week after next would be best for lunch.,8,40
3597,Yes,1,"Wes, I assume that you will be putting together a final $NUM i/s package for me in the next couple of days.","Wes, I assume that you will be putting together a final 2000 i/s package for me in the next couple of days.",22,107
3598,Yes,1,"Wes, I believe that we don't have any issues recognizing the value from this transaction - please confirm.","Wes, I believe that we don't have any issues recognizing the value from this transaction - please confirm.",18,106
3599,Yes,1,"Wes, please have the detailed HPL numbers available to discuss on Monday.","Wes, please have the detailed HPL numbers available to discuss on Monday.",12,73
3600,Yes,1,What about getting together next week for a movie and/or dinner?,What about getting together next week for a movie and/or dinner?,11,64
3601,Yes,1,What is the rule for guests on the weekend?,What is the rule for guests on the weekend?,9,43
3602,Yes,1,What is the word on golf this weekend?,What is the word on golf this weekend?,8,38
3603,Yes,1,What would you change about the Senate bill?,What would you change about the Senate bill?,8,44
3604,Yes,1,When you have time please send me Chaz’s too!,When you have time please send me Chaz’s too!,9,45
3605,Yes,1,While it is fresh on my mind -- it would be great if you could capture the following information before our meeting:,While it is fresh on my mind -- it would be great if you could capture the following information before our meeting:,22,116
3606,Yes,1,Who do you want to come to PP?s b-day dinner?,Who do you want to come to PP?s b-day dinner?,10,45
3607,Yes,1,Who makes the ornaments that you like so much?,Who makes the ornaments that you like so much?,9,46
3608,Yes,1,Who would you recommend as filling that director position?,Who would you recommend as filling that director position?,9,58
3609,Yes,1,Will you be able to make it to the game tonight?,Will you be able to make it to the game tonight?,11,48
3610,Yes,1,Will you guys forward this message to Danise for me.,Will you guys forward this message to Danise for me.,10,52
3611,Yes,1,Will you please get me access to manage the SJ physical product?,Will you please get me access to manage the SJ physical product?,12,64
3612,Yes,1,Will you send a note to folks regarding the GA meeting here in SF next Thursday?,Will you send a note to folks regarding the GA meeting here in SF next Thursday?,16,80
3613,Yes,1,Will you take a moment to answer a few questions?,Will you take a moment to answer a few questions?,10,49
3614,Yes,1,Will you two please get this info to Dutch.,Will you two please get this info to Dutch.,9,43
3615,Yes,1,"With all that has transpired in the last several weeks, I know that you must be incredibly busy; but if you can work it in, John Kelley and I would like to meet with you for about $NUM minutes to give you an update on two initiatives, listed below, aimed at getting the $NUM Olympics to Houston.","With all that has transpired in the last several weeks, I know that you must be incredibly busy; but if you can work it in, John Kelley and I would like to meet with you for about 30-40 minutes to give you an update on two initiatives, listed below, aimed at getting the 2012 Olympics to Houston.",57,295
3616,Yes,1,"With the Viviance thing, you may prefer to defer the start of this until a little more certainty is on the horizon.","With the Viviance thing, you may prefer to defer the start of this until a little more certainty is on the horizon.",22,115
3617,Yes,1,"Works for me, but I have class on Thursday and will have to leave at $NUM PM.","Works for me, but I have class on Thursday and will have to leave at 5 PM.",17,77
3618,Yes,1,Would be useful to get a copy.,Would be useful to get a copy.,7,30
3619,Yes,1,"Would definitely like to gather (phone call or something) prior to the meeting so we (me, you, Rick, Richard) are clear on what our goals are for the meeting and what the agenda needs to look like.","Would definitely like to gather (phone call or something) prior to the meeting so we (me, you, Rick, Richard) are clear on what our goals are for the meeting and what the agenda needs to look like.",37,197
3620,Yes,1,"Would love to have you two join, but worry not if you've got conflicts.","Would love to have you two join, but worry not if you've got conflicts.",14,71
3621,Yes,1,Would you make sure none of that goofy financial stuff is impacted please?,Would you make sure none of that goofy financial stuff is impacted please?,13,74
3622,Yes,1,"Would you mind if I forward it to some other folks in corporate legal who might be interested (i.e., my counterparts)?","Would you mind if I forward it to some other folks in corporate legal who might be interested (i.e., my counterparts)?",21,118
3623,Yes,1,Would you rather do lunch tomorrow?,Would you rather do lunch tomorrow?,6,35
3624,Yes,1,Would you send me the purchases?,Would you send me the purchases?,6,32
3625,Yes,1,Wus up!! Just wondering if you give me directions from BWI to our accomidations on the base??,Wus up!! Just wondering if you give me directions from BWI to our accomidations on the base??,17,93
3626,Yes,1,"Yes, please forward along.","Yes, please forward along.",4,26
3627,Yes,1,"Yes, we'll be there on Sunday.","Yes, we'll be there on Sunday.",6,30
3628,Yes,1,You available for a quick call?,You available for a quick call?,6,31
3629,Yes,1,You by chance know where the review is tomorrow?,You by chance know where the review is tomorrow?,9,48
3630,Yes,1,You can check your order status by clicking here: $LINK,You can check your order status by clicking here: http://wwwapp.us.dell.com/us/en/ordstat/index.asp,10,55
3631,Yes,1,You can come by whenever you want to get the check.,You can come by whenever you want to get the check.,11,51
3632,Yes,1,"You don't need to do this right away, when you get a chance go into Unify for Feb and show an actual volume of $NUM for the 25th - 28th and a volume of $NUM for the 28th.","You don't need to do this right away, when you get a chance go into Unify for Feb and show an actual volume of 0 for the 25th - 28th and a volume of 991014 for the 28th.",38,170
3633,Yes,1,You going to brief me tonite on tomorrow's meeting?,You going to brief me tonite on tomorrow's meeting?,9,51
3634,Yes,1,"You guys could not work this out - so I offered a compromise position which involved a well coordinated test marketing iniative (this was agreed to by you and John at the offsite): a) the insurance group was to identify the initial $NUM to $NUM target customer list that ENA would pitch the product to which should give us a determination if this is a commercially viable product; b) John and Scott would facilitate the contact with the customers to ensure a consistent face and story with the customers - if you guys can sit down and come up with an alternative that works for you - great; regardless, John had promised me that he would do everything necessary to facilitate and promote this capability to these customers ASAP; c) both groups would put a deal team together and get out there ASAP; d) if the test marketing of the product is successful; I agree that we need to sit down and discuss how we formally allign the interests of these groups.","You guys could not work this out - so I offered a compromise position which involved a well coordinated test marketing iniative (this was agreed to by you and John at the offsite): a) the insurance group was to identify the initial 5 to 10 target customer list that ENA would pitch the product to which should give us a determination if this is a commercially viable product; b) John and Scott would facilitate the contact with the customers to ensure a consistent face and story with the customers - if you guys can sit down and come up with an alternative that works for you - great; regardless, John had promised me that he would do everything necessary to facilitate and promote this capability to these customers ASAP; c) both groups would put a deal team together and get out there ASAP; d) if the test marketing of the product is successful; I agree that we need to sit down and discuss how we formally allign the interests of these groups.",172,952
3635,Yes,1,You have been requested to provide feedback for a participant attending the next program.,You have been requested to provide feedback for a participant attending the next program.,14,89
3636,Yes,1,You have to get one of these things.,You have to get one of these things.,8,36
3637,Yes,1,You just need to download and install the Wyse PocketCloud Companion software on your Mac or Windows PC from the Wyse website at: $LINK,You just need to download and install the Wyse PocketCloud Companion software on your Mac or Windows PC from the Wyse website at: $LINK,24,135
3638,Yes,1,You may need to check with Mary or Trisha on transport capacity tickets for Dec forward.,You may need to check with Mary or Trisha on transport capacity tickets for Dec forward.,16,88
3639,Yes,1,You may want to give your co-workers a nudge or kick occasionally.,You may want to give your co-workers a nudge or kick occasionally.,12,66
3640,Yes,1,You might give me a heads up if there's anything on one of the upcoming Wednesday calls that you'd like me to comment on.,You might give me a heads up if there's anything on one of the upcoming Wednesday calls that you'd like me to comment on.,24,121
3641,Yes,1,"You might tell Mike that we can provide the two of them with desk space as well, but that we will reserve the spot with the computer and phone for Mike.","You might tell Mike that we can provide the two of them with desk space as well, but that we will reserve the spot with the computer and phone for Mike.",31,152
3642,Yes,1,You need to get your Visa issues worked out quickly - Kay can help.,You need to get your Visa issues worked out quickly - Kay can help.,14,67
3643,Yes,1,You need to look a a calendar to see when you can come up here.,You need to look a a calendar to see when you can come up here.,15,63
3644,Yes,1,You need to take a few minutes and look at this ASAP!,You need to take a few minutes and look at this ASAP!,12,53
3645,Yes,1,You will still need to coordinate with the contract group in getting the correct contract in place for the deal.,You will still need to coordinate with the contract group in getting the correct contract in place for the deal.,20,112
3646,Yes,1,Your Google data archive is ready -- please visit $LINK to download it.,Your Google data archive is ready -- please visit $LINK to download it.,13,71
3647,Yes,1,"account, or you think you have received this message in error, please ignore this e-mail and no action will be taken.","account, or you think you have received this message in error, please ignore this e-mail and no action will be taken.",21,117
3648,Yes,1,"e-mails, please visit $LINK $NUM Durkee Road NE #$NUM Cleveland, TN $NUM","e-mails, please visit $LINK 111 Durkee Road NE #120 Cleveland, TN 37323",12,72
3649,Yes,1,"if you have not yet got a chance to review us on Appstore, we request you to do so and help us spread awareness among more consumers and businesses like you.","if you have not yet got a chance to review us on Appstore, we request you to do so and help us spread awareness among more consumers and businesses like you.",31,157
3650,Yes,1,"kmlemanski please do not share this link with anyone, you have until midnight tonight.","kmlemanski please do not share this link with anyone, you have until midnight tonight.",14,86
